"lake_id","visit","ch4_ebullition_lake","ch4_ebullition_lake_units","ch4_diffusion_lake","ch4_diffusion_lake_units","ch4_total_lake","ch4_total_lake_units","co2_ebullition_lake","co2_ebullition_lake_units","co2_diffusion_lake","co2_diffusion_lake_units","co2_total_lake","co2_total_lake_units","ch4_ebullition_std_error_lake","ch4_diffusion_std_error_lake","ch4_total_std_error_lake","co2_ebullition_std_error_lake","co2_diffusion_std_error_lake","co2_total_std_error_lake","ch4_ebullition_margin_of_error_lake","ch4_diffusion_margin_of_error_lake","ch4_total_margin_of_error_lake","co2_ebullition_margin_of_error_lake","co2_diffusion_margin_of_error_lake","co2_total_margin_of_error_lake","ch4_ebullition_lcb95pct_lake","ch4_diffusion_lcb95pct_lake","ch4_total_lcb95pct_lake","co2_ebullition_lcb95pct_lake","co2_diffusion_lcb95pct_lake","co2_total_lcb95pct_lake","ch4_ebullition_ucb95pct_lake","ch4_diffusion_ucb95pct_lake","ch4_total_ucb95pct_lake","co2_ebullition_ucb95pct_lake","co2_diffusion_ucb95pct_lake","co2_total_ucb95pct_lake","buoyf","buoyf_units","thermdep2","thermdep2_units"
1,1,264.175771035159,"mg CH4 m-2 d-1",13.5602682759283,"mg CH4 m-2 d-1",277.736039311087,"mg CH4 m-2 d-1",4.3979899181305,"mg CO2 m-2 d-1",2513.50940715317,"mg CO2 m-2 d-1",2517.9073970713,"mg CO2 m-2 d-1",94.8605385548455,1.41566668344947,94.871101432807,2.12300387958235,667.036787800165,667.040166275042,185.92323912157,2.77465571367423,185.943941981948,4.16101114302021,1307.36808045161,1307.37470214069,78.2525319135884,10.7856125622541,91.7886805027853,0.236978775110291,1206.14132670156,1210.50867117222,450.099010156729,16.3349239896025,463.683398119389,8.55900106115071,3820.87748760478,3825.30612297039,0.00479966922486459,"s-2",3.5,"meters"
10,1,16.1491233999091,"mg CH4 m-2 d-1",43.3644387028996,"mg CH4 m-2 d-1",59.5135621028087,"mg CH4 m-2 d-1",0.402558232795157,"mg CO2 m-2 d-1",1732.96099840804,"mg CO2 m-2 d-1",1733.36355664084,"mg CO2 m-2 d-1",5.92789794503545,5.11918886455378,7.83237311915916,0.186209806784099,222.93532237156,222.935400138702,11.6184664762985,10.0334258045839,15.3511692270316,0.364964514864995,436.945202730083,436.945355150883,4.53065692361064,33.3310128983157,44.1621107892568,0.0375937179301614,1296.01579567796,1296.41017236898,27.7675898762076,53.3978645074835,74.8650134163607,0.767522747660152,2169.90620113812,2170.31694091269,0.000916540527711423,"s-2",NA,"meters"
100,1,3.71015804405617,"mg CH4 m-2 d-1",24.5628860059006,"mg CH4 m-2 d-1",28.2730440499568,"mg CH4 m-2 d-1",0.0889323095491581,"mg CO2 m-2 d-1",899.831566641978,"mg CO2 m-2 d-1",899.920498951527,"mg CO2 m-2 d-1",1.90595120447162,2.15092459477071,2.87386962234134,0.0465649640785581,77.3990183080133,77.399032315269,3.7355957170551,4.21573473921199,5.63268095605274,0.0912656525353752,151.699288322462,151.699315776179,-0.0254376729989316,20.3471512666886,22.6402595901678,-0.00233334298621702,748.132278319515,748.2183956136,7.44575376111128,28.7786207451126,33.9058285097458,0.180197962084533,1051.53085496444,1051.62260228945,0.0107509905707351,"s-2",4.56976549447732,"meters"
1000,1,176.916796427516,"mg CH4 m-2 d-1",56.4233691347507,"mg CH4 m-2 d-1",233.340165562266,"mg CH4 m-2 d-1",4.65368117132052,"mg CO2 m-2 d-1",5821.06412064244,"mg CO2 m-2 d-1",5825.71780181376,"mg CO2 m-2 d-1",23.7631310819046,13.9761572243645,27.568448806125,0.584331000632908,738.948998667968,738.949229700601,46.5748810804373,27.3927648020237,54.0331667696413,1.14526771629075,1448.31342380115,1448.31387661679,130.341915347078,29.030604332727,179.306005902261,3.50841345502977,4372.75069684128,4377.37731160058,223.491677507953,83.8161339367744,287.374325222271,5.79894888761127,7269.37754444359,7274.05829202694,0.00180731867389772,"s-2",9.00893448089863,"meters"
1001,1,84.0409993824842,"mg CH4 m-2 d-1",40.7781396650409,"mg CH4 m-2 d-1",124.819139047525,"mg CH4 m-2 d-1",1.86812303602017,"mg CO2 m-2 d-1",-1016.61081449617,"mg CO2 m-2 d-1",-1014.74269146015,"mg CO2 m-2 d-1",17.6937669612349,3.92393012471641,18.1236480020481,0.175820918194666,258.066139662251,258.066199555796,34.679145994865,7.69076172229592,35.5216973524956,0.344602667390308,505.800339367296,505.800456756487,49.3618533876192,33.087377942745,89.2967889635108,1.52352036862986,-1522.41115386347,-1520.55244258951,118.720145377349,48.4689013873368,160.341489131539,2.21272570341048,-510.810475128874,-508.93294033079,0.00885482467318619,"s-2",2.384345294216,"meters"
1002,1,3.76700033600331,"mg CH4 m-2 d-1",30.8598051046163,"mg CH4 m-2 d-1",34.6268054406196,"mg CH4 m-2 d-1",0.247589391009693,"mg CO2 m-2 d-1",4634.17505484655,"mg CO2 m-2 d-1",4634.42264423756,"mg CO2 m-2 d-1",1.70776881773577,4.15281578670407,4.4902509165,0.116577064813729,393.6104175611,393.610434824631,3.34716537668265,8.13936937636934,8.80073007788798,0.2284868484583,771.462242359527,771.462276195427,0.419834959320662,22.7204357282469,25.8259136442796,0.0191025425513932,3862.71281248702,3862.94619198128,7.11416571268596,38.9991744809856,43.4276972369596,0.476076239467993,5405.63729720608,5405.89909649384,0.00970692951603988,"s-2",7.24756742355507,"meters"
1003,1,80.6969972469968,"mg CH4 m-2 d-1",45.3936774971548,"mg CH4 m-2 d-1",126.090674744152,"mg CH4 m-2 d-1",1.2758088695285,"mg CO2 m-2 d-1",-1244.54439593688,"mg CO2 m-2 d-1",-1243.26858706735,"mg CO2 m-2 d-1",31.8136872682011,5.98012857732453,32.3708608998932,0.472106193565094,171.972195374893,171.972843397783,62.3536812610946,11.7208366344748,63.4457215123465,0.925311136265879,337.059309277076,337.060579378601,18.3433159859023,33.67284086268,62.643787380361,0.350497733262622,-1581.60370521395,-1580.335360127,143.050678508091,57.1145141316297,189.537562107942,2.20112000579438,-907.485086659802,-906.201814007695,0.00749494967748433,"s-2",10.2939606593502,"meters"
1004,1,9.2191840070686,"mg CH4 m-2 d-1",20.5308380598487,"mg CH4 m-2 d-1",29.7500220669173,"mg CH4 m-2 d-1",0.452992445969282,"mg CO2 m-2 d-1",-1218.92723748232,"mg CO2 m-2 d-1",-1218.47424503635,"mg CO2 m-2 d-1",5.52159487418018,1.93160163501474,5.84970895267144,0.272550081092075,249.029936176884,249.030085322657,10.8221270906141,3.78586963710757,11.4652188672775,0.534188342923938,488.089705979002,488.089998299344,-1.60294308354552,16.7449684227412,18.2845925196813,-0.0811958969546558,-1707.01694346132,-1706.57321226876,20.0413110976827,24.3167076969563,41.2154516141534,0.98718078889322,-730.837531503315,-730.37527780394,0.00697898185087535,"s-2",5.5,"meters"
1005,1,127.012521365862,"mg CH4 m-2 d-1",10.0613320964624,"mg CH4 m-2 d-1",137.073853462324,"mg CH4 m-2 d-1",1.38660673828595,"mg CO2 m-2 d-1",316.246527550335,"mg CO2 m-2 d-1",317.633134288621,"mg CO2 m-2 d-1",69.6643070733647,1.15277774172841,69.6738442784226,0.489159731400741,106.923520707117,106.924639618977,136.539532871734,2.2594028559671,136.55822545016,0.958735456232738,209.566249686172,209.568442713119,-9.52701150587213,7.80192924049527,0.513118676615754,0.427871282053209,106.680277864163,108.060840635426,263.552054237595,12.3207349524295,273.634588248032,2.34534219451869,525.812777236507,527.205427941816,0.00761129706687472,"s-2",9.464968712414,"meters"
1006,1,405.706523445333,"mg CH4 m-2 d-1",41.6773650022584,"mg CH4 m-2 d-1",447.383888447592,"mg CH4 m-2 d-1",2.64583429228962,"mg CO2 m-2 d-1",83.4928490633854,"mg CO2 m-2 d-1",86.1386833556751,"mg CO2 m-2 d-1",214.294270257664,8.03498232363236,214.444853531638,1.65308971507875,84.5385772256901,84.5547381578943,420.009051798314,15.7482759707354,420.304189591978,3.23999630476794,165.692566666611,165.724241511687,-14.3025283529808,25.929089031523,27.0719755255806,-0.594162012478316,-82.1997176032252,-79.5886034337978,825.715575243647,57.4256409729938,867.695801369602,5.88583059705756,249.185415729996,251.865970145148,0.00254309284622588,"s-2",7.1953524357177,"meters"
1007,1,11.1635479922231,"mg CH4 m-2 d-1",56.0564558585989,"mg CH4 m-2 d-1",67.220003850822,"mg CH4 m-2 d-1",0.527698162867083,"mg CO2 m-2 d-1",-2061.69364577828,"mg CO2 m-2 d-1",-2061.16594761542,"mg CO2 m-2 d-1",2.7604479986517,5.74662142641831,6.37524360097951,0.232220192889136,211.050805333773,211.050933090219,5.410378658553,11.2631710285661,12.4952478505893,0.455143214545651,413.651977362368,413.652227760401,5.7531693336701,44.7932848300328,54.7245263929021,0.0725549483214319,-2475.34562314065,-2474.82577647225,16.5739266507761,67.319626887165,79.7154813087418,0.982841377412734,-1648.04166841592,-1647.50611875859,0.00876471657248623,"s-2",2.61571822453552,"meters"
1008,1,40.6871339792555,"mg CH4 m-2 d-1",63.4023338097044,"mg CH4 m-2 d-1",104.08946778896,"mg CH4 m-2 d-1",2.99865021860721,"mg CO2 m-2 d-1",995.799523309848,"mg CO2 m-2 d-1",998.798173528455,"mg CO2 m-2 d-1",13.6709402837667,8.6535423895066,16.1795674889443,2.08220394134972,144.004491529053,144.019544346573,26.7945505909806,16.9606314221236,31.711369563766,4.08104473351279,282.243617008947,282.273119989151,13.8925833882749,46.4417023875808,72.377515510629,-1.08239451490558,713.555906300901,716.519866609173,67.4816845702361,80.362965231828,135.801420067291,7.07969495212,1278.04314031879,1281.07648044774,0.00739805245307606,"s-2",5.47724320946815,"meters"
1009,1,2.3028532411242,"mg CH4 m-2 d-1",19.5507459787058,"mg CH4 m-2 d-1",21.85359921983,"mg CH4 m-2 d-1",0.0598560248009309,"mg CO2 m-2 d-1",990.079656827448,"mg CO2 m-2 d-1",990.139512852249,"mg CO2 m-2 d-1",1.12731618925897,3.08536284987317,3.28486007402794,0.0272866111918069,82.4152451413592,82.4152496584793,2.20949913013652,6.04720006498928,6.43820743934834,0.0534807751960891,161.530912254104,161.530921107496,0.0933541109876856,13.5035459137166,15.4152734747353,0.00637524960484182,828.548744573344,828.605623521629,4.51235237126072,25.5979460436951,28.2919249649248,0.11333679999702,1151.61056908155,1151.67340218287,0.00956291918497973,"s-2",8.5,"meters"
101,1,2.66605897863983,"mg CH4 m-2 d-1",17.8785413725552,"mg CH4 m-2 d-1",20.544600351195,"mg CH4 m-2 d-1",0.091503163095561,"mg CO2 m-2 d-1",1980.39288562463,"mg CO2 m-2 d-1",1980.48438878772,"mg CO2 m-2 d-1",1.52708051554081,2.06158262187637,2.56555994039645,0.0524117052897582,254.96801965772,254.968025044644,2.99302281195285,4.04062769003134,5.02840508335577,0.102725054736253,499.728135738631,499.728146296809,-0.326963833313021,13.8379136825238,15.5161028680179,-0.0112218916406924,1480.66474988599,1480.74705970022,5.65908179059269,21.9191690625865,25.573097834372,0.194228217831814,2480.12102136326,2480.22171787522,0.0104049443395785,"s-2",5.73491774187332,"meters"
1010,1,68.5363853536315,"mg CH4 m-2 d-1",29.4176479371799,"mg CH4 m-2 d-1",97.9540332908113,"mg CH4 m-2 d-1",1.84387954080966,"mg CO2 m-2 d-1",-692.035068534363,"mg CO2 m-2 d-1",-690.191188993554,"mg CO2 m-2 d-1",14.8165530284485,3.27768836953594,15.1747647326942,0.524307054492237,186.534987000376,186.535723852344,29.039910310787,6.42415115683626,29.7419923499491,1.02762294364506,365.601856377384,365.603300580703,39.4964750428445,22.9934967803436,68.2114944147308,0.816256597164596,-1057.63692491175,-1055.80120774415,97.5762956644185,35.8417990940161,127.696572166892,2.87150248445472,-326.433212156979,-324.58117024296,0.0121215587207255,"s-2",7.44100650397555,"meters"
1011,1,58.0976768872271,"mg CH4 m-2 d-1",46.5163525844542,"mg CH4 m-2 d-1",104.614029471681,"mg CH4 m-2 d-1",1.35913753978454,"mg CO2 m-2 d-1",3813.58121695005,"mg CO2 m-2 d-1",3814.94035448983,"mg CO2 m-2 d-1",22.4706792952044,6.06437141634019,23.274621987548,0.39850173213844,638.825643734416,638.82576802781,44.0417221267505,11.8859495649009,45.6174208493781,0.781049042768169,1252.07525412007,1252.07549773065,14.0559547604766,34.6304030195533,58.9957703760873,0.578088497016373,2561.50596282998,2562.84184915533,102.139399013978,58.4023021493552,150.232288567275,2.14018658255271,5065.65647107012,5067.03885982434,0.000582794731988299,"s-2",NA,"meters"
1012,1,10.8209733643973,"mg CH4 m-2 d-1",14.8129442383669,"mg CH4 m-2 d-1",25.6339176027642,"mg CH4 m-2 d-1",1.58711430263622,"mg CO2 m-2 d-1",-569.628535516523,"mg CO2 m-2 d-1",-568.041421213887,"mg CO2 m-2 d-1",1.77320864493262,3.61260778357849,4.02432651464014,0.235538169341392,16.6859732176314,16.6876355559657,3.475425081143,7.08058114608292,7.88753503072428,0.461646328893625,32.7039065535575,32.7071646768228,7.34554828325427,7.73236309228399,17.7462376340695,1.12546797374259,-602.332442070081,-600.749186903579,14.2963984455403,21.8935253844498,33.5215975714589,2.04876063152985,-536.924628962965,-535.333655524194,0.0081266391523266,"s-2",2.42421367067976,"meters"
1013,1,81.3957021354699,"mg CH4 m-2 d-1",36.2877090671469,"mg CH4 m-2 d-1",117.683411202617,"mg CH4 m-2 d-1",1.35730113216539,"mg CO2 m-2 d-1",1069.31914447363,"mg CO2 m-2 d-1",1070.6764456058,"mg CO2 m-2 d-1",21.4804814851972,3.6566786092402,21.7895016759718,0.459497690270369,250.945402834708,250.945823519741,42.100970081566,7.16695837714881,42.7066385259798,0.900598923909264,491.843951641923,491.844776169437,39.2947320539038,29.1207506899981,74.9759879177121,0.456702208256127,577.475192831712,578.822631507107,123.496672217036,43.4546674442957,160.390834487521,2.25790005607466,1561.16309611556,1562.53025970449,0.00067420702823131,"s-2",NA,"meters"
1014,1,327.5919735726,"mg CH4 m-2 d-1",39.0025606055251,"mg CH4 m-2 d-1",366.594534178126,"mg CH4 m-2 d-1",3.94531419423437,"mg CO2 m-2 d-1",-1456.74627519931,"mg CO2 m-2 d-1",-1452.80096100508,"mg CO2 m-2 d-1",67.0007109764502,10.9650522168148,67.8920292926003,1.73015586513799,259.228803731074,259.234577406567,131.31898045242,21.491107433558,133.065932250835,3.3910431833112,508.079119068308,508.090435264332,196.272993120181,17.5114531719671,233.526156764629,0.554271010923177,-1964.82539426762,-1960.90073272195,458.91095402502,60.4936680390831,499.662911591622,7.33635737754557,-948.667156131004,-944.701189288205,0.00180471759230952,"s-2",0.55,"meters"
1015,1,52.9629415973302,"mg CH4 m-2 d-1",68.3423014456043,"mg CH4 m-2 d-1",121.305243042934,"mg CH4 m-2 d-1",0.798473512905897,"mg CO2 m-2 d-1",-2227.67938898748,"mg CO2 m-2 d-1",-2226.88091547458,"mg CO2 m-2 d-1",14.4350580012655,4.48616264937519,15.1161025008614,0.355202928065529,129.460450964086,129.460938251446,28.2921937972272,8.79271722156416,29.6270164883042,0.696184946211608,253.737821311923,253.738776377598,24.670747800103,59.5495842240401,91.6776821412461,0.102288566694289,-2481.41721029941,-2480.62435444741,81.2551353945573,77.1350186671684,150.932803944623,1.49465845911751,-1973.94156767556,-1973.13747650174,0.0179354600821107,"s-2",3.59733019163221,"meters"
1016,1,282.060394163,"mg CH4 m-2 d-1",103.62931124394,"mg CH4 m-2 d-1",385.689705406941,"mg CH4 m-2 d-1",13.4457712839112,"mg CO2 m-2 d-1",1159.58242012472,"mg CO2 m-2 d-1",1173.02819140863,"mg CO2 m-2 d-1",87.5296026605282,21.4160733567334,90.1114839514417,5.10377250858449,82.8318008786716,82.9888891998397,171.554868795737,41.9747324694652,176.615263138285,10.0032103021112,162.347346496789,162.655233948671,110.505525367264,61.654578774475,209.071196862115,3.44256098179996,997.235073627932,1010.36996857695,453.615262958737,145.604043713405,562.308213951766,23.4489815860224,1321.92976662151,1335.68641424032,0.00551480274742274,"s-2",0.5346192,"meters"
1017,1,45.9888022970287,"mg CH4 m-2 d-1",19.7844412598809,"mg CH4 m-2 d-1",65.7732435569096,"mg CH4 m-2 d-1",0.289620830629676,"mg CO2 m-2 d-1",-1427.89122460316,"mg CO2 m-2 d-1",-1427.60160377253,"mg CO2 m-2 d-1",10.7975287906705,3.43392498227638,11.3304222679148,0.113161186146747,131.823172177405,131.823220747969,21.1627675517485,6.73036929087404,22.2072195747437,0.221791849295456,258.368669795536,258.368764992093,24.8260347452802,13.0540719690069,43.5656159117966,0.0678289813342202,-1686.2598943987,-1685.97511643855,67.1515698487772,26.514810550755,87.9808712020227,0.511412679925132,-1169.52255480763,-1169.22809110651,0.00757003339967161,"s-2",4.08645966901374,"meters"
1018,1,125.011854708082,"mg CH4 m-2 d-1",7.79414942451529,"mg CH4 m-2 d-1",132.806004132597,"mg CH4 m-2 d-1",1.68016020205536,"mg CO2 m-2 d-1",-1221.4838356889,"mg CO2 m-2 d-1",-1219.80367548685,"mg CO2 m-2 d-1",35.0321451831173,1.34543657743193,35.0579719281493,0.279311167825397,113.892908275585,113.893250766669,68.6617428600883,2.63700723524942,68.7123623501888,0.5474398294176,223.225998314671,223.22666958486,56.3501118479935,5.15714218926587,64.0923791534245,1.13272037263776,-1444.70983400358,-1443.03444698952,193.67359756817,10.4311566597647,201.51962911177,2.22760003147296,-998.257837374234,-996.572903984179,0.00405041751940699,"s-2",5.5,"meters"
1019,1,293.512933805969,"mg CH4 m-2 d-1",2.74411694169942,"mg CH4 m-2 d-1",296.257050747668,"mg CH4 m-2 d-1",19.4314078841729,"mg CO2 m-2 d-1",-232.378726128327,"mg CO2 m-2 d-1",-212.947318244154,"mg CO2 m-2 d-1",99.6317776932949,0.569805730423159,99.6334070726107,10.37075938217,116.59731178442,117.05761728959,195.274695994559,1.11679870981393,195.277889519335,20.326314881384,228.526531791651,229.42871400367,98.2382378114097,1.62731823188549,100.975572885351,-0.894906997211086,-460.905257919978,-442.38024813175,488.787629800528,3.86091565151335,491.538528609985,39.757722765557,-3.85219433667558,16.4856116434429,0.001907782604397,"s-2",NA,"meters"
102,1,25.7408721245881,"mg CH4 m-2 d-1",26.6863692261682,"mg CH4 m-2 d-1",52.4272413507563,"mg CH4 m-2 d-1",0.213588386651817,"mg CO2 m-2 d-1",1381.41882072645,"mg CO2 m-2 d-1",1381.6324091131,"mg CO2 m-2 d-1",9.45573431274826,4.01573473222565,10.2731220586971,0.0693250902852682,96.3456209937244,96.3456459350112,18.5328987003662,7.87069544662887,20.1349492438302,0.135874680184113,188.833947215846,188.83399609987,7.20797342422192,18.8156737795394,32.2919221157101,0.0777137064677035,1192.5848735106,1192.79494308048,44.2737708249543,34.5570646727971,72.5625605858026,0.34946306683593,1570.2527679423,1570.46987514572,0.00908036607765839,"s-2",5.52008618928348,"meters"
1020,1,83.3942974950947,"mg CH4 m-2 d-1",15.2329652771398,"mg CH4 m-2 d-1",98.6272627722345,"mg CH4 m-2 d-1",0.385536612856984,"mg CO2 m-2 d-1",-1863.80058239316,"mg CO2 m-2 d-1",-1863.41504578031,"mg CO2 m-2 d-1",29.6444460990029,1.79730910051096,29.6988805263678,0.111982153493774,311.148519642838,311.14853979399,58.1020466956846,3.52266110608755,58.2087362128388,0.219480987759032,609.839892342916,609.839931838448,25.2922507994101,11.7103041710523,40.4174569405536,0.166055625097951,-2473.64047473608,-2473.26618377653,141.496344190779,18.7556263832274,156.837068603915,0.605017600616016,-1253.96069005025,-1253.56390778408,0.00541766171051399,"s-2",4.36852812530197,"meters"
1021,1,77.5158420750611,"mg CH4 m-2 d-1",41.0420568281781,"mg CH4 m-2 d-1",118.557898903239,"mg CH4 m-2 d-1",2.27568400519126,"mg CO2 m-2 d-1",-1450.35158635766,"mg CO2 m-2 d-1",-1448.07590235246,"mg CO2 m-2 d-1",23.4160378052613,2.4363494862513,23.5424430617679,0.942594186373843,209.55260588148,209.554725824829,45.8945907589404,4.77515724680521,46.1423405091499,1.84745065732957,410.715560394218,410.71971540683,31.6212513161207,36.2668995813729,72.4147105021741,0.428233347861691,-1861.06714675187,-1858.80316496913,123.410432834001,45.8172140749833,164.701087304304,4.12313466252083,-1039.63602596344,-1037.3486397358,0.00576990190177958,"s-2",5.5,"meters"
1022,1,73.9130291749644,"mg CH4 m-2 d-1",50.6971139194262,"mg CH4 m-2 d-1",124.610143094391,"mg CH4 m-2 d-1",1.06705750062018,"mg CO2 m-2 d-1",-2083.1487812595,"mg CO2 m-2 d-1",-2082.08172375888,"mg CO2 m-2 d-1",18.5940484174677,8.2108750550441,20.32626639894,0.287803388306389,204.294550778463,204.294753502297,36.4436652250306,16.0930193894448,39.838750082089,0.564084275709119,400.409961763577,400.410359094991,37.4693639499339,34.6040945299814,84.7706609524682,0.502973224911062,-2483.55874302308,-2482.49944062338,110.356694399995,66.7901333088709,164.449625236313,1.6311417763293,-1682.73881949593,-1681.66400689438,0.0101162531375633,"s-2",5.5,"meters"
1023,1,36.5325680625665,"mg CH4 m-2 d-1",29.4826245556834,"mg CH4 m-2 d-1",66.0151926182498,"mg CH4 m-2 d-1",4.01674659977918,"mg CO2 m-2 d-1",411.675265058586,"mg CO2 m-2 d-1",415.692011658366,"mg CO2 m-2 d-1",22.6315139177831,2.75067732385202,22.7980623727273,2.60390040679648,123.425340461758,123.452804607386,44.3569521944718,5.39122848784097,44.6833811678432,5.10355101665029,241.909222084641,241.963050820937,-7.82438413190534,24.0913960678424,21.3309903677044,-1.08680441687112,169.766042973946,173.724514627889,80.8895202570383,34.8738530435243,110.699394868795,9.12029761642947,653.584487143227,657.659508688842,0.00663039674206245,"s-2",3.5,"meters"
1024,1,37.8765126791763,"mg CH4 m-2 d-1",21.2908350156947,"mg CH4 m-2 d-1",59.167347694871,"mg CH4 m-2 d-1",0.542652285558154,"mg CO2 m-2 d-1",-310.967615495709,"mg CO2 m-2 d-1",-310.424963210151,"mg CO2 m-2 d-1",10.2835519174759,3.39409376119267,10.8291879889117,0.151346102978158,153.513863558481,153.513938162939,20.1553913914006,6.65230153208973,21.2248184400807,0.296632911037679,300.881643702218,300.881789924269,17.7211212877757,14.638533483605,37.942139236604,0.246019374520475,-611.849259197927,-611.312282009512,58.0319040705769,27.9431365477844,80.392556153138,0.839285196595833,-10.0859717934918,-9.5376444107908,0.00777902326156461,"s-2",7.29165582355452,"meters"
1025,1,546.604725437168,"mg CH4 m-2 d-1",53.8649194085094,"mg CH4 m-2 d-1",600.469644845678,"mg CH4 m-2 d-1",7.43064937472476,"mg CO2 m-2 d-1",-1301.61176235873,"mg CO2 m-2 d-1",-1294.18111298401,"mg CO2 m-2 d-1",87.4360870740957,10.4918649792815,88.0633212726634,1.49498683698249,209.03947324398,209.044819021576,171.371581614336,20.5636774900487,172.6009380534,2.93012035784713,409.709838905425,409.720316436982,375.233143822832,33.3012419184606,427.865535151257,4.50052901687764,-1711.32160126416,-1703.9089582663,717.976307051504,74.4285968985581,773.073754540098,10.3607697325719,-891.901923453307,-884.453267701719,0.00208095319614233,"s-2",4.61965644021458,"meters"
1026,1,6.62278222116393,"mg CH4 m-2 d-1",5.63973914873663,"mg CH4 m-2 d-1",12.2625213699006,"mg CH4 m-2 d-1",0.291633743128534,"mg CO2 m-2 d-1",2278.47959579855,"mg CO2 m-2 d-1",2278.77122954168,"mg CO2 m-2 d-1",1.50356443736079,0.528528300717975,1.59375286100321,0.0662093528458818,161.064096360552,161.064109969041,2.94693214566238,1.03589643421739,3.12369820782395,0.129767947017633,315.67982806917,315.67985474132,3.67585007550155,4.60384271451925,9.13876576233428,0.161865796110901,1962.79976772938,1963.08557400236,9.56971436682631,6.67563558295402,15.3862769774668,0.421401690146167,2594.15942386772,2594.456885081,0.0058349061730359,"s-2",4.3601405824654,"meters"
1027,1,100.213609926621,"mg CH4 m-2 d-1",31.4832001027462,"mg CH4 m-2 d-1",131.696810029367,"mg CH4 m-2 d-1",6.92635945414201,"mg CO2 m-2 d-1",-838.199213969986,"mg CO2 m-2 d-1",-831.272854515844,"mg CO2 m-2 d-1",45.6662197467326,5.18561434852359,45.9597021544796,3.49035099488305,240.411351455257,240.436687006394,89.5041460136876,10.1636173608204,90.079360962968,6.84096224337432,471.197590326905,471.247247094661,10.7094639129334,21.3195827419258,41.6157938065871,0.0853972107676948,-1309.39680429689,-1302.52876104838,189.717755940309,41.6468174635665,221.777826252147,13.7673216975163,-367.001623643082,-360.016947983313,0.00368700322074953,"s-2",5.57206724065198,"meters"
1028,1,55.8388046121491,"mg CH4 m-2 d-1",22.8406651914271,"mg CH4 m-2 d-1",78.6794698035762,"mg CH4 m-2 d-1",1.07365844231728,"mg CO2 m-2 d-1",578.549752293861,"mg CO2 m-2 d-1",579.623410736178,"mg CO2 m-2 d-1",12.9959032047628,4.23792026295119,13.6694355502594,0.258524946696701,202.690309919976,202.69047479002,25.4715022279037,8.30617108473686,26.7916013674999,0.506699584630671,397.265707458414,397.266030597763,30.3673023842454,14.5344941066903,51.8873761250678,0.566958857686604,181.284044835447,182.350080147738,81.3103068400528,31.146836276164,105.471563482085,1.58035802694795,975.815459752274,976.896741324618,0.0101030099985478,"s-2",6.80675991157077,"meters"
1029,1,63.9814378393326,"mg CH4 m-2 d-1",17.4610753856616,"mg CH4 m-2 d-1",81.4425132249942,"mg CH4 m-2 d-1",0.569653861868237,"mg CO2 m-2 d-1",-2043.2212775435,"mg CO2 m-2 d-1",-2042.65162368163,"mg CO2 m-2 d-1",13.0390676023837,1.63360871249259,13.1410030577983,0.104601548039598,182.973833647181,182.973863546218,25.556102892655,3.20181424131633,25.7558927140153,0.205015266884748,358.622124061698,358.622182662734,38.4253349466775,14.2592611443453,55.6861472317096,0.36463859498349,-2401.8434016052,-2401.28039623222,89.5375407319876,20.662889626978,107.198879218279,0.774669128752985,-1684.5991534818,-1684.02285113104,0.0018254663487544,"s-2",1.58084033646006,"meters"
103,1,3.24969878215414,"mg CH4 m-2 d-1",81.4093432435227,"mg CH4 m-2 d-1",84.6590420256768,"mg CH4 m-2 d-1",0.239495514939214,"mg CO2 m-2 d-1",1169.14837571921,"mg CO2 m-2 d-1",1169.38787123415,"mg CO2 m-2 d-1",1.33136652658579,6.94119537793008,7.06772453500496,0.0738216406018717,864.119132381661,864.119135534949,2.60943044233034,13.6044929503989,13.8524855412598,0.144687756859328,1693.64237782005,1693.64238400039,0.640268339823807,67.8048502931238,70.8063019370671,0.0948077580798855,-524.494002100847,-524.285634414356,5.85912922448448,95.0138361939215,98.5117821142865,0.384183271798542,2862.79075353926,2863.06137688265,0.00413517281767233,"s-2",6.40041982118671,"meters"
1030,1,2.29006184565964,"mg CH4 m-2 d-1",14.2009626204636,"mg CH4 m-2 d-1",16.4910244661233,"mg CH4 m-2 d-1",0.130189339478826,"mg CO2 m-2 d-1",-1150.34876637481,"mg CO2 m-2 d-1",-1150.21857703533,"mg CO2 m-2 d-1",0.953717901728713,1.7145461388119,1.96194961662949,0.0602791110009797,202.184232513528,202.18424149932,1.86925273879939,3.36044868190354,3.84535058807597,0.118144886582012,396.273813968387,396.273831580217,0.420809106860252,10.8405139385601,12.6456032175294,0.0120444528968136,-1546.6225803432,-1546.499690374,4.15931458445903,17.5614113023671,20.3364457147171,0.248334226060838,-754.074952406422,-753.937463696662,0.0114659936559921,"s-2",3.55417518499836,"meters"
1031,1,234.211379639369,"mg CH4 m-2 d-1",12.9848797178259,"mg CH4 m-2 d-1",247.196259357195,"mg CH4 m-2 d-1",20.6058281668373,"mg CO2 m-2 d-1",-1129.76013119986,"mg CO2 m-2 d-1",-1109.15430303302,"mg CO2 m-2 d-1",61.0718022728386,2.34082107068419,61.1166464732617,8.06615488109138,87.1349197283003,87.5074687705175,119.698532925715,4.5879249927935,119.78642594346,15.8093730606611,170.781304463257,171.511487168478,114.512846713654,8.39695472503242,127.407632269602,4.79645510617623,-1300.54143566312,-1280.66894182324,353.909912565084,17.5728047106194,366.984886444788,36.4152012274984,-958.978826736602,-937.639664242808,0.00452910802426263,"s-2",8.88780244553375,"meters"
1032,1,337.155742126155,"mg CH4 m-2 d-1",121.994348315184,"mg CH4 m-2 d-1",459.15009044134,"mg CH4 m-2 d-1",7.60839856906109,"mg CO2 m-2 d-1",-1300.40825327016,"mg CO2 m-2 d-1",-1292.7998547011,"mg CO2 m-2 d-1",45.426199127546,46.6080077220172,65.0833769175438,1.48204043544245,110.109993798724,110.119967209437,89.0337142445349,91.3500165263184,127.561074750631,2.90474587709927,215.811622183428,215.831169709228,248.122027881621,30.6443317888658,331.586671682954,4.70365269196182,-1516.21987545359,-1508.63499043159,426.18945637069,213.344364841503,586.713509199726,10.5131444461604,-1084.59663108673,-1076.9647189706,0.0010952479923054,"s-2",NA,"meters"
11,1,29.7033310238491,"mg CH4 m-2 d-1",34.8978760228599,"mg CH4 m-2 d-1",64.601207046709,"mg CH4 m-2 d-1",0.452837007936433,"mg CO2 m-2 d-1",2617.05907546953,"mg CO2 m-2 d-1",2617.51191247747,"mg CO2 m-2 d-1",19.3698949553035,4.35436269230473,19.8532945637651,0.314942850794279,212.174422489198,212.174656233076,37.9642964967189,8.53439405254214,38.9117423194445,0.617276644745159,415.854226519413,415.854684648996,-8.26096547286978,26.3634819703178,25.6887497017294,-0.164439636808726,2201.20484895012,2201.64958626064,67.6676275205679,43.4322700754021,103.513664391689,1.07011365268159,3032.91330198895,3033.3742386943,0.0123828954820275,"s-2",8.15984597870179,"meters"
116,1,76.321401276453,"mg CH4 m-2 d-1",83.6757992284515,"mg CH4 m-2 d-1",159.997200504904,"mg CH4 m-2 d-1",0.943685378952674,"mg CO2 m-2 d-1",-2310.55393261129,"mg CO2 m-2 d-1",-2309.61024723234,"mg CO2 m-2 d-1",17.4442528600822,9.14066814023332,19.6940034501968,0.190285011343949,135.199070661585,135.19920456919,34.190107342971,17.91538034949,38.5995374737933,0.372951769031937,264.985309239992,264.985571694076,42.131293933482,65.7604188789614,121.396953742519,0.570733609920737,-2575.53924185128,-2574.60068818795,110.511508619424,101.591179577941,198.59744726729,1.31663714798461,-2045.5686233713,-2044.61980627672,0.00255606848044528,"s-2",NA,"meters"
117,1,123.80577998846,"mg CH4 m-2 d-1",21.0757972052768,"mg CH4 m-2 d-1",144.881577193737,"mg CH4 m-2 d-1",10.5922582939299,"mg CO2 m-2 d-1",-1771.34462085803,"mg CO2 m-2 d-1",-1760.7523625641,"mg CO2 m-2 d-1",58.4110047902859,5.8356206835307,58.7017882979118,5.65628228144008,199.658536341389,199.738640886618,114.483465689757,11.4376063671572,115.053390892002,11.0861095580146,391.323540435104,391.48054245875,9.32231429870293,9.63819083811965,29.8260721298296,-0.493851264084703,-2162.66816129314,-2152.24009870187,238.289245678217,32.513403572434,259.937082257644,21.6783678519445,-1380.02108042293,-1369.26462642633,0.00963702715635423,"s-2",3.25,"meters"
119,1,144.314769773992,"mg CH4 m-2 d-1",62.6235299054496,"mg CH4 m-2 d-1",206.938299679441,"mg CH4 m-2 d-1",9.43979009775797,"mg CO2 m-2 d-1",4573.64067907297,"mg CO2 m-2 d-1",4583.08046917073,"mg CO2 m-2 d-1",21.7075633517326,11.776349503999,24.6961680086167,1.26918252011866,737.821686526766,737.822778134065,42.5460423615175,23.0812208971941,48.403599853039,2.48755202924035,1446.10393260506,1446.10607211605,101.768727412474,39.5423090082554,158.533810382553,6.95223806851762,3127.5367464679,3136.94782402796,186.860812135509,85.7047508026437,255.34278897633,11.9273421269983,6019.74461167803,6029.21311431349,0.0169755409424644,"s-2",1.50693111865762,"meters"
13,1,55.8082394984821,"mg CH4 m-2 d-1",89.0378917454537,"mg CH4 m-2 d-1",144.846131243936,"mg CH4 m-2 d-1",4.31032018464411,"mg CO2 m-2 d-1",14193.9566260068,"mg CO2 m-2 d-1",14198.2669461915,"mg CO2 m-2 d-1",19.1331809658384,7.77769712783016,20.6535998432181,1.32740130521949,1267.84432247765,1267.84501735545,37.5003456027306,15.2440062532077,40.4803118438096,2.60165875126165,2484.92921005979,2484.93057199524,18.3078938957515,73.793885492246,104.365075551228,1.70866143338246,11709.027415947,11713.2907121748,93.3085851012127,104.281897998661,185.327186936643,6.91197893590576,16678.8858360666,16683.2431802081,0.0101489367517982,"s-2",NA,"meters"
136,1,165.171732887689,"mg CH4 m-2 d-1",42.1587355597712,"mg CH4 m-2 d-1",207.33046844746,"mg CH4 m-2 d-1",18.8104649497962,"mg CO2 m-2 d-1",-1212.17700224421,"mg CO2 m-2 d-1",-1193.36653729441,"mg CO2 m-2 d-1",60.6812172957894,19.2608928320853,63.6646850709865,12.8046353674443,50.7610672322566,52.3511664956081,118.933000437796,37.7506562609729,124.780489826218,25.0966241553587,99.4898635920391,102.606400880052,46.2387324498925,4.40807929879827,82.5476857083264,-6.28615920556245,-1311.66686583625,-1295.9748236258,284.104733325485,79.9093918207441,332.113251186593,43.9070891051549,-1112.68713865217,-1090.75825096302,0.018957099187616,"s-2",4.25,"meters"
137,1,111.258998229084,"mg CH4 m-2 d-1",38.7915679611513,"mg CH4 m-2 d-1",150.050566190235,"mg CH4 m-2 d-1",14.9473786142812,"mg CO2 m-2 d-1",-1245.90461502639,"mg CO2 m-2 d-1",-1230.95723641211,"mg CO2 m-2 d-1",9.45785349442673,4.34887740130316,10.4097899774013,1.65083828799744,71.4185352300776,71.4376122323734,18.5370522201327,8.52364307973433,20.4028134423326,3.23558358877474,139.977756879557,140.01514711699,92.7219460089514,30.267924881417,129.647377834529,11.7117950255065,-1385.88237190595,-1370.97495638756,129.796050449217,47.3152110408857,170.453754545942,18.1829622030559,-1105.92685814683,-1090.93951643666,0.00563822570584295,"s-2",4.73741021234868,"meters"
138,1,12.3569059383558,"mg CH4 m-2 d-1",12.0174948681143,"mg CH4 m-2 d-1",24.3744008064701,"mg CH4 m-2 d-1",0.208156052173874,"mg CO2 m-2 d-1",1211.44788676411,"mg CO2 m-2 d-1",1211.65604281629,"mg CO2 m-2 d-1",3.8028210630248,1.51184149343233,4.09232363561935,0.079369350724053,596.964720850739,596.964726127008,7.45339232317892,2.96315487746062,8.02080693889593,0.155561068895472,1170.02935290845,1170.02936324975,4.90351361517687,9.05433999065366,16.3534464806562,0.052594983278402,41.4185338556601,41.6051796073521,19.8102982615347,14.9806497455749,32.395355132284,0.363717121069346,2381.47723967257,2381.70690602522,0.0277928332221095,"s-2",3.6,"meters"
14,1,35.8639694365199,"mg CH4 m-2 d-1",27.2244897334897,"mg CH4 m-2 d-1",63.0884591700095,"mg CH4 m-2 d-1",2.72340483976783,"mg CO2 m-2 d-1",-1370.38504187778,"mg CO2 m-2 d-1",-1367.66163703801,"mg CO2 m-2 d-1",21.7950648094736,1.78964048855937,21.8684170238142,2.03644775169341,62.6653661483219,62.6984468224583,42.7175420672846,3.50763090285102,42.8613097655783,3.99136424971666,122.821860728726,122.886697658618,-6.85357263076468,23.7168588306386,20.2263618033338,-1.26795940994883,-1493.20690260651,-1490.55059281003,78.5815115038044,30.7321206363407,105.950556536685,6.71476908948449,-1247.56318114906,-1244.772681266,0.0151257520651309,"s-2",3.49482071692869,"meters"
146,1,3.1113526691785,"mg CH4 m-2 d-1",11.7325249564312,"mg CH4 m-2 d-1",14.8438776256097,"mg CH4 m-2 d-1",0.195950026112144,"mg CO2 m-2 d-1",811.970535993989,"mg CO2 m-2 d-1",812.166486020101,"mg CO2 m-2 d-1",2.30451901527942,2.15484929512038,3.1550250991815,0.0794438558494025,59.0348931128345,59.0349465670126,4.51677427163538,4.22342701054747,6.18373556471566,0.155707096257821,115.706264332327,115.706369100591,-1.40542160245688,7.50909794588369,8.66002843121392,0.0402429298543237,696.264271661661,696.457990748756,7.62812694081388,15.9559519669786,21.0277268200054,0.351657122369965,927.676800326316,927.874981291445,0.0013354747145643,"s-2",NA,"meters"
147,1,116.934451588703,"mg CH4 m-2 d-1",35.9691485595611,"mg CH4 m-2 d-1",152.903600148264,"mg CH4 m-2 d-1",7.24905511280053,"mg CO2 m-2 d-1",-329.935454970742,"mg CO2 m-2 d-1",-322.686399857942,"mg CO2 m-2 d-1",73.8815986516348,4.39500965242903,74.0122066227335,5.04924691241593,174.922444167285,174.995303845102,144.805272477447,8.6140606304668,145.061259396894,9.89634209738528,342.841690655598,342.984493000044,-27.8708208887447,27.3550879290943,7.83967516770608,-2.64728698458475,-672.77714562634,-665.677195394342,261.73972406615,44.5832091900279,297.967525128821,17.1453972101858,12.9062356848554,20.3043956784584,0.0113398550074532,"s-2",4.41177177724436,"meters"
147,2,61.4205874089486,"mg CH4 m-2 d-1",51.9244142449441,"mg CH4 m-2 d-1",113.345001653893,"mg CH4 m-2 d-1",1.5283551566836,"mg CO2 m-2 d-1",2056.8721501089,"mg CO2 m-2 d-1",2058.40050526558,"mg CO2 m-2 d-1",16.960182397081,10.2929133693931,19.8391494921554,0.876480651072554,475.457086164199,475.457894036982,33.241346669509,20.1737395000013,38.8840184885306,1.71787050924842,931.878765076186,931.880348477745,28.1792407394396,31.7506747449428,74.4602686492682,-0.189515352564819,1124.99338503271,1126.5030329531,94.6619340784576,72.0981537449454,152.229734658517,3.24622566593203,2988.75091518509,2990.29797757807,0.0064487203982276,"s-2",5.5,"meters"
148,1,319.793482458032,"mg CH4 m-2 d-1",15.5245292524835,"mg CH4 m-2 d-1",335.318011710516,"mg CH4 m-2 d-1",3.88338269226062,"mg CO2 m-2 d-1",2998.65133823697,"mg CO2 m-2 d-1",3002.53472092923,"mg CO2 m-2 d-1",91.8837826806957,3.51620563940101,91.9510370893764,1.0140082460506,737.579013185949,737.579710204315,180.088904817469,6.8916364154626,180.220721036284,1.9874196422858,1445.62830159705,1445.62966772795,139.704577640564,8.6328928370209,155.093979015338,1.89596304997482,1553.02303663992,1556.87848892878,499.882387275501,22.4161656679461,515.542044405694,5.87080233454641,4444.27963983403,4448.19095292969,0.000312284507784509,"s-2",NA,"meters"
148,2,191.471149737348,"mg CH4 m-2 d-1",27.2053068504559,"mg CH4 m-2 d-1",218.676456587804,"mg CH4 m-2 d-1",0.916884921848627,"mg CO2 m-2 d-1",-1548.38315821019,"mg CO2 m-2 d-1",-1547.46627328834,"mg CO2 m-2 d-1",51.9201071388931,3.84016781745036,52.0619286444549,0.276480601104913,127.978714824464,127.979013473476,101.761540065691,7.52659061679249,102.039505108826,0.541892020589614,250.833671843671,250.83425718498,89.7096096716568,19.6787162336634,116.635076444672,0.374992901259013,-1799.21683005386,-1798.30513969635,293.23268980304,34.7318974672484,320.717836730936,1.45877694243824,-1297.54948636652,-1296.62740688033,0.00175274953772434,"s-2",3.38965675962873,"meters"
149,1,4.87285539936345,"mg CH4 m-2 d-1",39.7271693410792,"mg CH4 m-2 d-1",44.6000247404426,"mg CH4 m-2 d-1",0.845311128211843,"mg CO2 m-2 d-1",-1565.23574304608,"mg CO2 m-2 d-1",-1564.39043191787,"mg CO2 m-2 d-1",3.93833596484286,7.56456573982878,8.5283729400259,0.467481184603182,300.727931615708,300.72829496494,7.7189966501108,14.82627640875,16.7153038091767,0.916246285272356,589.415915112012,589.41662726342,-2.84614125074736,24.9008929323292,27.8844137779918,-0.0709351570605135,-2154.65165815809,-2153.81789004915,12.5918520494743,54.5534457498292,61.3156357028934,1.7615574134842,-975.81982793407,-974.962973786588,0.0105050113471228,"s-2",4.61077381072356,"meters"
155,1,7.43665843612036,"mg CH4 m-2 d-1",55.0239779248765,"mg CH4 m-2 d-1",62.4606363609969,"mg CH4 m-2 d-1",0.31017768904857,"mg CO2 m-2 d-1",3664.84329573692,"mg CO2 m-2 d-1",3665.15347342597,"mg CO2 m-2 d-1",4.63816307372549,5.73332720643537,7.37452354762819,0.147322103345598,285.082151623445,285.082189689316,9.09063257892555,11.237114836197,14.4538005564938,0.288746016684059,558.750749817139,558.750824424875,-1.6539741428052,43.7868630886796,48.0065702076457,0.021431672364511,3106.09254591978,3106.39238163491,16.5272910150459,66.2610927610735,76.9147025143481,0.59892370573263,4223.59404555406,4223.91456521702,0.00546424491761962,"s-2",6.53354131649658,"meters"
157,1,3.1909168925218,"mg CH4 m-2 d-1",17.1999498619389,"mg CH4 m-2 d-1",20.3908667544607,"mg CH4 m-2 d-1",0.036580628895867,"mg CO2 m-2 d-1",2137.91719471369,"mg CO2 m-2 d-1",2137.95377534258,"mg CO2 m-2 d-1",1.10323446357293,1.39257030524728,1.77661991902363,0.0126474652447616,131.460725833246,131.460726441635,2.16229981510631,2.72938764422461,3.48211105550279,0.0247885763754548,257.658288014657,257.658289207076,1.0286170774155,14.4705622177143,16.9086917131744,0.0117920525204122,1880.25890669903,1880.29075151698,5.35321670762811,19.9293375061635,23.873041795747,0.0613692052713219,2395.57548272834,2395.61679916819,0.000905619078638953,"s-2",NA,"meters"
159,1,23.5326111102992,"mg CH4 m-2 d-1",33.1388398869612,"mg CH4 m-2 d-1",56.6714509972604,"mg CH4 m-2 d-1",0.248708441487495,"mg CO2 m-2 d-1",-396.083022855309,"mg CO2 m-2 d-1",-395.834314413821,"mg CO2 m-2 d-1",12.3270773716258,4.67004802900671,13.1820402487354,0.107297242446688,35.2611107982994,35.2612740471496,24.1606276830253,9.15312594292541,25.8363241302787,0.210298730835971,69.1105072195432,69.1108271814101,-0.628016572726056,23.9857139440358,30.8346521097391,0.0384097106515242,-465.193530074852,-464.946411546234,47.6932387933245,42.2919658298866,82.5082498847817,0.459007172323466,-326.972515635766,-326.722217281408,0.0204750139231752,"s-2",6.88559536882761,"meters"
16,1,179.601961076316,"mg CH4 m-2 d-1",93.7948302483903,"mg CH4 m-2 d-1",273.396791324706,"mg CH4 m-2 d-1",10.8986185054514,"mg CO2 m-2 d-1",-363.541277485226,"mg CO2 m-2 d-1",-352.642658979774,"mg CO2 m-2 d-1",20.226201771697,20.4228277235299,28.7435406715035,1.74456166956904,156.568274796961,156.577993882652,39.6426270165663,40.0280068005847,56.3363045043092,3.41927804116439,306.868179723614,306.88722878153,139.95933405975,53.7668234478055,217.05945160856,7.47934046428702,-670.40945720884,-659.535526989771,219.244588092883,133.822837048975,329.734131040853,14.3178965466158,-56.6730977616116,-45.7497909697772,0.0299603826062605,"s-2",0.3,"meters"
165,1,37.0560131260999,"mg CH4 m-2 d-1",46.7465943333936,"mg CH4 m-2 d-1",83.8026074594935,"mg CH4 m-2 d-1",0.343688285857936,"mg CO2 m-2 d-1",1320.1510742022,"mg CO2 m-2 d-1",1320.49476248806,"mg CO2 m-2 d-1",10.0732214511678,4.63411193940727,11.0880468916408,0.0811256833530339,98.4415461004872,98.4415795283215,19.7431512525852,9.08269250156531,21.7321725665072,0.159003417593147,192.941884939394,192.941950456746,17.3128618735146,37.6639018318283,62.0700355518776,0.184684868264789,1127.20918926281,1127.54926661255,56.7991643786851,55.8292868349589,105.535179367109,0.502691703451083,1513.09295914159,1513.44025836357,0.0030318817457444,"s-2",2.35552691874356,"meters"
166,1,112.121130359207,"mg CH4 m-2 d-1",88.3900917474176,"mg CH4 m-2 d-1",200.511222106624,"mg CH4 m-2 d-1",4.83819900509986,"mg CO2 m-2 d-1",17312.6967272154,"mg CO2 m-2 d-1",17317.5349262205,"mg CO2 m-2 d-1",55.7153499183346,7.96887672696361,56.2823525877517,2.704299823883,775.847491136383,775.852204185925,109.200079225982,15.6187113820881,110.311384037178,5.30033025820869,1520.63314012307,1520.64237753043,2.92105113322444,72.7713803653295,90.197811034631,-0.462131253108831,15792.0635870923,15796.8646060161,221.321209585189,104.008803129506,310.824633178618,10.1385292633086,18833.3298673385,18838.2052464249,0.00106447787255931,"s-2",NA,"meters"
167,1,10.2502948110951,"mg CH4 m-2 d-1",13.5967880987417,"mg CH4 m-2 d-1",23.8470829098367,"mg CH4 m-2 d-1",0.130260047956336,"mg CO2 m-2 d-1",-512.90638646137,"mg CO2 m-2 d-1",-512.776126413414,"mg CO2 m-2 d-1",3.56717890284378,1.33058802785441,3.80726014671486,0.0398623239927932,54.9945618287944,54.9945762757198,6.99154217598491,2.60790461285483,7.46209276733581,0.0781287193659416,107.787360529998,107.787388845452,3.25875263511015,10.9888834858869,16.3848530222756,0.0521313285903947,-620.693746991368,-620.565495913825,17.24183698708,16.2046927115965,31.3093127973979,0.208388767322278,-405.119025931372,-404.986756913003,0.00310451209824358,"s-2",2.54867466502911,"meters"
17,1,684.763330733483,"mg CH4 m-2 d-1",284.007369492835,"mg CH4 m-2 d-1",968.770700226318,"mg CH4 m-2 d-1",60.3200891635044,"mg CO2 m-2 d-1",-1888.82748597371,"mg CO2 m-2 d-1",-1828.50739681021,"mg CO2 m-2 d-1",119.473980492176,130.767652831812,177.127668764048,13.5184357645817,131.46961958702,132.162812393945,234.164698854306,256.299889893189,347.163851443074,26.4956472258983,257.675719451742,259.034352387655,450.598631879177,27.7074795996458,621.600469448784,33.8244419376061,-2146.50320542546,-2087.54650910234,918.928029587789,540.307259386024,1315.94093100385,86.8157363894028,-1631.15176652197,-1569.46828451808,0.0015636135573554,"s-2",NA,"meters"
18,1,11.1181018043206,"mg CH4 m-2 d-1",16.8404025800868,"mg CH4 m-2 d-1",27.9585043844073,"mg CH4 m-2 d-1",0.487556425198192,"mg CO2 m-2 d-1",2905.72887112838,"mg CO2 m-2 d-1",2906.21642755358,"mg CO2 m-2 d-1",5.06732364215171,1.86334475397699,5.39905756280513,0.266658802250078,394.497955825372,394.498045948663,9.93177183662568,3.65208860857655,10.5819583735566,0.522641648570742,773.201785392401,773.201962030808,1.1863299676949,13.1883139715102,17.3763515613093,-0.0350852233725494,2132.52708573598,2133.0002574942,21.0498736409463,20.4924911886633,38.5406572075054,1.01019807376893,3678.93065652079,3679.43259761296,0.00597959216281999,"s-2",0.55,"meters"
184,1,3.15538453845038,"mg CH4 m-2 d-1",122.624934060649,"mg CH4 m-2 d-1",125.7803185991,"mg CH4 m-2 d-1",0.100714971633174,"mg CO2 m-2 d-1",5044.36212802438,"mg CO2 m-2 d-1",5044.46284299602,"mg CO2 m-2 d-1",1.39761862667287,6.25207500502956,6.40638585273619,0.0335293972548715,232.776877159532,232.776879574335,2.73928217240115,12.253841838501,12.5562855424299,0.0657164110428843,456.234295666388,456.234300399314,0.416102366049229,110.371092222148,113.223802327737,0.0349985605902902,4588.127832358,4588.22015903032,5.89466671085154,134.87877589915,138.336834870463,0.166431382676059,5500.59642369077,5500.70552696171,0.0108628353084572,"s-2",3.65240235957336,"meters"
186,1,2.2694631950027e-05,"mg CH4 m-2 d-1",6.10068690449873,"mg CH4 m-2 d-1",6.10070959913068,"mg CH4 m-2 d-1",0.0323259925944748,"mg CO2 m-2 d-1",457.268753775113,"mg CO2 m-2 d-1",457.301079767707,"mg CO2 m-2 d-1",1.41202493710363e-05,0.420413049662262,0.420413049899388,0.0201127331610995,29.3868096325145,29.3868165152281,2.76751802199555e-05,0.823994435968683,0.823994436433441,0.0394202326264195,57.5970885002632,57.597101990134,-4.98054826992849e-06,5.27669246853005,5.27670002132788,-0.00709424003194469,399.671665274849,399.70291939786,5.03698121699825e-05,6.92468134046742,6.92471917693348,0.0717462252208943,514.865842275376,514.899240137554,0.00523565164176793,"s-2",6.5,"meters"
188,1,3.01073895802975,"mg CH4 m-2 d-1",50.6752923704505,"mg CH4 m-2 d-1",53.6860313284803,"mg CH4 m-2 d-1",0.257395588212039,"mg CO2 m-2 d-1",1472.48770742743,"mg CO2 m-2 d-1",1472.74510301564,"mg CO2 m-2 d-1",2.07135858708077,6.25146418736506,6.58569137465317,0.18220573311049,638.085583826379,638.085609840859,4.05978822974608,12.2526446578775,12.9077179076163,0.357116674673278,1250.62476335392,1250.62481434136,-1.04904927171632,38.422647712573,40.77807623416,-0.0997210864612392,221.862944073511,222.097307727556,7.07052718777583,62.927937028328,66.5939864228005,0.614512262885318,2723.11247078134,2723.39289830372,0.0017445425173869,"s-2",0.765862851354801,"meters"
190,1,5.29081451002598,"mg CH4 m-2 d-1",11.9919857112338,"mg CH4 m-2 d-1",17.2828002212598,"mg CH4 m-2 d-1",0.0779209845796702,"mg CO2 m-2 d-1",1741.08482024762,"mg CO2 m-2 d-1",1741.1627412322,"mg CO2 m-2 d-1",1.53987000735257,0.835219506733395,1.75179658179024,0.0226785850969149,140.148751210116,140.148753045017,3.01808975528446,1.63700015238276,3.43345820854925,0.04444921001028,274.686504850091,274.686508446431,2.27272475474152,10.3549855588511,13.8492789209509,0.0334717745693903,1466.39831539753,1466.47118526396,8.30890426531044,13.6289858636166,20.7163215215687,0.12237019458995,2015.77132509771,2015.85429720043,0.0034457433717085,"s-2",3.63883302418197,"meters"
191,1,41.8424742060292,"mg CH4 m-2 d-1",7.17603570129468,"mg CH4 m-2 d-1",49.0185099073238,"mg CH4 m-2 d-1",0.500477081214739,"mg CO2 m-2 d-1",10133.6316401529,"mg CO2 m-2 d-1",10134.1321172341,"mg CO2 m-2 d-1",12.6406194427083,1.80536579150779,12.76889210294,0.148197385982886,886.35493535791,886.354947747115,24.7751588499851,3.53845193027591,25.0265686442402,0.290461539129437,1737.22375082083,1737.22377510323,17.0673153560441,3.63758377101877,23.9914813855615,0.210015542085302,8396.40788933204,8396.87641964974,66.6176330560142,10.7144876315706,74.0455384290862,0.790938620344175,11870.8553909737,11871.3878148184,0.000106931486189068,"s-2",NA,"meters"
195,1,24.0823014981931,"mg CH4 m-2 d-1",157.402152021573,"mg CH4 m-2 d-1",181.484453519766,"mg CH4 m-2 d-1",0.301950557619062,"mg CO2 m-2 d-1",-2256.51338789091,"mg CO2 m-2 d-1",-2256.21143733329,"mg CO2 m-2 d-1",6.74888254387439,13.2989649354302,14.9134128872238,0.102687739896913,151.367301949638,151.367336781371,13.2275667218849,26.0654923051042,29.2297521455342,0.201264271851765,296.674460258291,296.674528527232,10.8547347763083,131.336659716469,152.254164260807,0.100686285767297,-2553.1878481492,-2552.89141742478,37.309868220078,183.467644326677,210.714742778725,0.503214829470827,-1959.83892763262,-1959.5314572418,0.000962915029387426,"s-2",1.6871029237519,"meters"
2,1,8.19683228857424,"mg CH4 m-2 d-1",8.21058308339791,"mg CH4 m-2 d-1",16.4074153719721,"mg CH4 m-2 d-1",0.402132639146227,"mg CO2 m-2 d-1",2463.9022196019,"mg CO2 m-2 d-1",2464.30435224105,"mg CO2 m-2 d-1",6.25075663203846,0.79062695253077,6.30055945540083,0.120948533117453,390.717735268011,390.717753988107,12.2512578749203,1.54960035216697,12.3488696150389,0.237054768893159,765.792689246357,765.792725937072,-4.05442558634602,6.66098273123095,4.05831883938652,0.165077870253069,1698.10953035555,1698.49755442436,20.4480901634945,9.76018343556488,28.7565119045578,0.639187408039386,3229.69490884826,3230.11115005774,0.00210869732152258,"s-2",1.04466793951739,"meters"
204,1,10.6395626609772,"mg CH4 m-2 d-1",51.9591300231261,"mg CH4 m-2 d-1",62.5986926841033,"mg CH4 m-2 d-1",0.481767865722191,"mg CO2 m-2 d-1",-1804.03759324045,"mg CO2 m-2 d-1",-1803.55582537473,"mg CO2 m-2 d-1",2.62975540042897,3.30895638084524,4.22667786759552,0.18753443256718,88.0287177382949,88.0289174976712,5.15422587299049,6.48543533287068,8.28413639473976,0.367560733692828,172.5331163723,172.533507893483,5.4853367879867,45.4736946902554,54.3144040636161,0.114207132029364,-1976.57070961275,-1976.09250367016,15.7937885339677,58.4445653559967,70.8829813045905,0.849328599415019,-1631.50447686815,-1631.01914707929,0.00909865368772551,"s-2",5.54718149720386,"meters"
205,1,89.2130705066125,"mg CH4 m-2 d-1",69.5528801426913,"mg CH4 m-2 d-1",158.765950649304,"mg CH4 m-2 d-1",2.97677967374067,"mg CO2 m-2 d-1",1094.61041901439,"mg CO2 m-2 d-1",1097.58719868813,"mg CO2 m-2 d-1",31.1588983772506,5.12858517131821,31.5781464614897,1.05556743228616,80.7408046726812,80.7477043747756,61.0703186173547,10.0518422274299,61.8920297630508,2.0688741505343,158.249069241238,158.262592408847,28.1427518892578,59.5010379152615,96.872783584784,0.90790552320637,936.361349773148,939.321698113567,150.283389123967,79.6047223701212,220.659117713824,5.04565382427497,1252.85948825562,1255.85269926269,0.00812299834456769,"s-2",5.0653134802155,"meters"
206,1,43.1930121196519,"mg CH4 m-2 d-1",39.0944996169406,"mg CH4 m-2 d-1",82.2875117365924,"mg CH4 m-2 d-1",2.13639547384596,"mg CO2 m-2 d-1",1567.38543831851,"mg CO2 m-2 d-1",1569.52183379235,"mg CO2 m-2 d-1",19.3218235167899,3.9473373695617,19.7209111433299,1.40934703179264,115.733663796823,115.742244642534,37.8700782085473,7.73663907917,38.6522755832413,2.76226942403199,226.833812840641,226.85063098919,5.32293391110461,31.3578605377706,43.6345258956658,-0.625873950186034,1340.55162547786,1342.66703429299,81.0630903281992,46.8311386961106,120.940497577519,4.89866489787795,1794.21925115915,1796.37663329172,0.013312033296468,"s-2",9.64937022812489,"meters"
207,1,0.00849751399471561,"mg CH4 m-2 d-1",12.6461179875657,"mg CH4 m-2 d-1",12.6546155015604,"mg CH4 m-2 d-1",0.174824914677799,"mg CO2 m-2 d-1",9512.08524209487,"mg CO2 m-2 d-1",9512.26006700955,"mg CO2 m-2 d-1",0.00596800333581901,0.855740313527367,0.855761123947409,0.122783637029632,769.007938146809,769.007947948933,0.0116970715978202,1.67722019463265,1.67726098230644,0.240651506468917,1507.22786259315,1507.22788180496,-0.00319955760310456,10.968897792933,10.9773236986234,-0.0658265917911179,8004.85737950172,8005.00448902964,0.0201945855925358,14.3233381821983,14.3319073044973,0.415476421146715,11019.313104688,11019.5156449895,0.00845757588802718,"s-2",4.77182768781367,"meters"
208,1,103.224512027221,"mg CH4 m-2 d-1",66.78656010721,"mg CH4 m-2 d-1",170.011072134431,"mg CH4 m-2 d-1",1.45240269202405,"mg CO2 m-2 d-1",2635.31998542985,"mg CO2 m-2 d-1",2636.77238812187,"mg CO2 m-2 d-1",21.4251455374914,9.17645428851535,23.307599074377,0.273280273550383,280.862878053757,280.863011004916,41.9925136170123,17.9855199112682,45.6820547518781,0.535619493844005,550.481125579629,550.481386159112,61.2319984102087,48.8010401959418,124.328177948652,0.916783198180044,2084.83885985022,2086.28088655224,145.217025644233,84.7720800184782,215.69396632021,1.98802218586805,3185.80111100948,3187.26388969151,0.00750076781231893,"s-2",4.7513235729624,"meters"
209,1,20.0852664972586,"mg CH4 m-2 d-1",29.477684610255,"mg CH4 m-2 d-1",49.5629511075136,"mg CH4 m-2 d-1",0.512413096507059,"mg CO2 m-2 d-1",-1540.04996904142,"mg CO2 m-2 d-1",-1539.53755594491,"mg CO2 m-2 d-1",5.73413745329726,3.33275364344727,6.63231326018437,0.197631569989444,132.305235824264,132.305383430726,11.2387028908649,6.5320771105013,12.9990951241488,0.387350759387417,259.313497181635,259.313786484985,8.84656360639369,22.9456074997537,36.5636171175522,0.125062337119642,-1799.36346622305,-1798.85610746913,31.3239693881234,36.0097617207563,62.562285097475,0.899763855894476,-1280.73647185978,-1280.21900442069,0.0126898194571002,"s-2",3.98052408706114,"meters"
210,1,958.100206522812,"mg CH4 m-2 d-1",34.8934135518807,"mg CH4 m-2 d-1",992.993620074693,"mg CH4 m-2 d-1",30.8149313154039,"mg CO2 m-2 d-1",-3400.58097622024,"mg CO2 m-2 d-1",-3369.76604490483,"mg CO2 m-2 d-1",138.374860870552,3.49300805000557,138.418940995017,5.36020646990676,290.562907761186,290.612345195512,271.209743672022,6.84616997571941,271.296139128408,10.5058116307158,569.492834455159,569.589730045926,686.89046285079,28.0472435761613,721.69249572446,20.3091196846881,-3970.0738106754,-3939.36624148804,1229.30995019483,41.7395835276001,1264.29474442493,41.3207429461197,-2831.08814176508,-2800.16584832163,0.0221372962499378,"s-2",1.15,"meters"
211,1,215.279588355005,"mg CH4 m-2 d-1",59.7508667302159,"mg CH4 m-2 d-1",275.030455085221,"mg CH4 m-2 d-1",8.42646316913477,"mg CO2 m-2 d-1",721.974705878218,"mg CO2 m-2 d-1",730.401169047353,"mg CO2 m-2 d-1",42.4982786249794,14.5461890867694,44.9187633738333,1.84143287284972,81.4205141157906,81.4413346765933,83.295095509908,28.5100067223775,88.0391584427901,3.60914211073357,159.581275269685,159.622082818996,131.984492845097,31.2408600078384,186.989678872508,4.8173210584012,562.393430608533,570.77615308123,298.574683864913,88.2608734525934,363.071231297935,12.0356052798683,881.555981147903,890.026185013476,0.000436888054887466,"s-2",NA,"meters"
214,1,50.8985434374667,"mg CH4 m-2 d-1",32.9279001769001,"mg CH4 m-2 d-1",83.8264436143668,"mg CH4 m-2 d-1",1.28745193424021,"mg CO2 m-2 d-1",2705.15086997092,"mg CO2 m-2 d-1",2706.43832190516,"mg CO2 m-2 d-1",15.8763597754392,3.94527069925975,16.3592163812825,0.378169668606235,270.272983277171,270.273247847137,31.1170933654613,7.73258847981026,32.0634749226114,0.741198930513668,529.725313217451,529.725831765056,19.7814500720054,25.1953116970898,51.7623795070531,0.546253003726542,2175.42555675347,2176.70275612477,82.0156368029279,40.6604886567103,115.89050772168,2.02865086475388,3234.87618318837,3236.17388768555,0.0126582814201807,"s-2",3.4,"meters"
230,1,28.1133308142581,"mg CH4 m-2 d-1",71.6809935134736,"mg CH4 m-2 d-1",99.7943243277317,"mg CH4 m-2 d-1",0.559956906782907,"mg CO2 m-2 d-1",-1489.25766168255,"mg CO2 m-2 d-1",-1488.69770477577,"mg CO2 m-2 d-1",17.3583463934491,8.02538595777917,19.1237812496977,0.315310640860733,92.6980434205452,92.6985796805837,34.0217337623311,15.7294674392807,37.4819224976298,0.61799750002928,181.684826541599,181.68587759196,-5.90840294807292,55.9515260741929,62.3117130783243,-0.0580405932463728,-1670.94248822415,-1670.38692094972,62.1350645765892,87.4104609527542,137.276935577139,1.17795440681219,-1307.57283514096,-1307.00848860183,0.0114360498021766,"s-2",3.6872378060179,"meters"
231,1,2.29292498600337,"mg CH4 m-2 d-1",37.3105525441139,"mg CH4 m-2 d-1",39.6034775301172,"mg CH4 m-2 d-1",2.09234641016422,"mg CO2 m-2 d-1",4109.90053175827,"mg CO2 m-2 d-1",4111.99287816843,"mg CO2 m-2 d-1",0.880444685205478,6.17304581391704,6.23551741753844,0.916433793815591,546.590608210672,546.591376473332,1.72563987338244,12.0989474701931,12.2213895633476,1.79617723009396,1071.29790638076,1071.2994121479,0.567285112620923,25.2116050739207,27.3818633917419,0.296169180070259,3038.60262537751,3040.6737802807,4.01856485938581,49.409500014307,51.8250916684926,3.88852364025818,5181.19843813903,5183.31197605616,0.00322211106921513,"s-2",3.61259069854832,"meters"
232,1,19.7107673615449,"mg CH4 m-2 d-1",127.027340202922,"mg CH4 m-2 d-1",146.738107564467,"mg CH4 m-2 d-1",1.42762899750387,"mg CO2 m-2 d-1",-2985.92042766106,"mg CO2 m-2 d-1",-2984.49279866355,"mg CO2 m-2 d-1",9.66949377774523,14.8384955522827,17.7110152214086,0.454542725002527,272.624183528603,272.624562454901,18.9518595531148,29.0829168672319,34.7129519636016,0.890887370439647,534.333581030699,534.334323712596,0.758907808430137,97.9444233356903,112.024517730506,0.536741627064228,-3520.25400869176,-3518.83694107516,38.6626269146597,156.110257070154,181.451697398428,2.31851636794352,-2451.58684663036,-2450.14865625195,0.00284586959871242,"s-2",2.64522088373674,"meters"
233,1,38.21578329782,"mg CH4 m-2 d-1",13.7548472744053,"mg CH4 m-2 d-1",51.9706305722254,"mg CH4 m-2 d-1",0.407719070218564,"mg CO2 m-2 d-1",-1886.55062748724,"mg CO2 m-2 d-1",-1886.14290841702,"mg CO2 m-2 d-1",15.811496746676,2.35728460220039,15.9862509696901,0.122990262496876,0,0.122990262496876,30.9899641651572,4.6201929216236,31.332476148411,0.241056484943005,0,0.241056484943005,7.22581913266288,9.13465435278172,20.6375786716328,0.166662585275559,-1886.55062748724,-1886.38396933151,69.2057474629772,18.3750401960289,83.3036824728179,0.648775555161568,-1886.55062748724,-1885.90184750252,0.00201848127880763,"s-2",5.38054919093747,"meters"
234,1,10.8385661191872,"mg CH4 m-2 d-1",169.974554667569,"mg CH4 m-2 d-1",180.813120786756,"mg CH4 m-2 d-1",0.234958474510002,"mg CO2 m-2 d-1",3319.31418571832,"mg CO2 m-2 d-1",3319.54914419283,"mg CO2 m-2 d-1",1.64106529580248,14.44131715933,14.534260786206,0.0375369784561111,186.293642432841,186.293646214571,3.21642887605143,28.3044615216071,28.4866276828766,0.0735711258624336,365.12882971715,365.128837129206,7.62213724313576,141.670093145962,152.325969645793,0.161387348647568,2954.18535600117,2954.41359761227,14.0549949952386,198.279016189176,209.30027192772,0.308529600372435,3684.44301543547,3684.68469077339,0.0208007028295404,"s-2",8.47726775026184,"meters"
235,1,236.716357678691,"mg CH4 m-2 d-1",119.692120661938,"mg CH4 m-2 d-1",356.408478340629,"mg CH4 m-2 d-1",6.25851118504859,"mg CO2 m-2 d-1",6644.28664736678,"mg CO2 m-2 d-1",6650.54515855183,"mg CO2 m-2 d-1",72.0159526093043,11.4363934858871,72.9183689216209,2.04197280630093,895.81922608262,895.8215533644,141.14867342658,22.4149193453672,142.917376897782,4.00219315776,1755.77341978048,1755.77798116895,95.5676842521109,97.277201316571,213.488475254252,2.25631802728859,4888.5132275863,4894.73491395761,377.86503110527,142.107040007305,499.328481427006,10.2607043428086,8400.06006714726,8406.35540314606,0.00223326892814156,"s-2",2.78055750243026,"meters"
236,1,99.8788749085955,"mg CH4 m-2 d-1",99.7343651113364,"mg CH4 m-2 d-1",199.613240019932,"mg CH4 m-2 d-1",1.69908339471689,"mg CO2 m-2 d-1",1252.62743790115,"mg CO2 m-2 d-1",1254.32652129587,"mg CO2 m-2 d-1",31.2703055159541,11.9845697843537,33.4882355458921,0.578153832204518,138.126502734742,138.127712713938,61.2886725968342,23.4893251475403,65.6357355757426,1.13316068864467,270.722970670567,270.725342186215,38.5902023117613,76.2450399637961,133.976298349983,0.565922706072222,981.904467230585,983.59620437655,161.16754750543,123.223690258877,265.25018168988,2.83224408336156,1523.35040857172,1525.05683821519,0.0029350240634471,"s-2",6.25,"meters"
237,1,108.772254310937,"mg CH4 m-2 d-1",70.3040355678054,"mg CH4 m-2 d-1",179.076289878743,"mg CH4 m-2 d-1",0.710332993666654,"mg CO2 m-2 d-1",-846.921384935285,"mg CO2 m-2 d-1",-846.211051941618,"mg CO2 m-2 d-1",24.6763694905481,9.4960078809774,26.4404496351639,0.128303712040495,77.7799147394943,77.7800205626453,48.3647954706772,18.6118334436242,51.8223290199664,0.251470654682168,152.445831610005,152.44603901957,60.4074588402602,51.6922021241812,127.253008593822,0.458862338984486,-999.36721654529,-998.659892244403,157.137049781615,88.9158690114296,230.899571163664,0.961803648348822,-694.47555332528,-693.762211638833,0.00334756851504477,"s-2",4.57332816830103,"meters"
238,1,2.10202864701142,"mg CH4 m-2 d-1",71.0985719667808,"mg CH4 m-2 d-1",73.2006006137922,"mg CH4 m-2 d-1",0.0817054814349667,"mg CO2 m-2 d-1",-2754.0023356384,"mg CO2 m-2 d-1",-2753.92063015696,"mg CO2 m-2 d-1",1.10511614413704,6.593975902487,6.68594046448303,0.0429556689090072,236.949774410525,236.949778304155,2.16598784124238,12.9239552837995,13.1042025131657,0.0841915639934811,464.41302398952,464.413031620894,-0.0639591942309552,58.1746166829813,60.0961573034055,-0.0024860825585144,-3218.41535962792,-3218.34219563311,4.2680164882538,84.0225272505803,86.305043924179,0.165897045428448,-2289.58931164888,-2289.49906468082,0.00212044169108628,"s-2",5.86305807285665,"meters"
239,1,0.51748707083353,"mg CH4 m-2 d-1",16.8295988560202,"mg CH4 m-2 d-1",17.3470859268537,"mg CH4 m-2 d-1",0.0201146308443219,"mg CO2 m-2 d-1",-1971.16657504011,"mg CO2 m-2 d-1",-1971.14646040927,"mg CO2 m-2 d-1",0.171909513132395,1.75181283955788,1.76022757208983,0.00668209234622137,149.196069390718,149.196069540354,0.33693645433931,3.43349007318829,3.44998264589045,0.0130966603399646,292.418922640746,292.418922934028,0.18055061649422,13.3961087828319,13.8970398855577,0.0070179705043573,-2263.58549768086,-2263.57075670836,0.85442352517284,20.2630889292085,20.7971319681498,0.0332112911842866,-1678.74765239937,-1678.72216411017,0.00281032065036369,"s-2",17.5473267331655,"meters"
240,1,15.6729103445208,"mg CH4 m-2 d-1",102.324692045511,"mg CH4 m-2 d-1",117.997602390031,"mg CH4 m-2 d-1",1.31804646232433,"mg CO2 m-2 d-1",NA,"mg CO2 m-2 d-1",NA,"mg CO2 m-2 d-1",6.15405556604822,11.9982083619654,13.4844133653321,0.765146714504034,NA,NA,12.0617272683128,23.5160562684595,26.4289645487014,1.49966000331706,NA,NA,3.611183076208,78.8086357770511,91.5681521939805,-0.18161354099273,NA,NA,27.7346376128335,125.84074831397,144.427052586082,2.81770646564139,NA,NA,0.00792805636205791,"s-2",3.2144875069537,"meters"
247,1,3.06900662748879,"mg CH4 m-2 d-1",3.44802595012743,"mg CH4 m-2 d-1",6.51703257761623,"mg CH4 m-2 d-1",0.119291744373983,"mg CO2 m-2 d-1",-992.116814180805,"mg CO2 m-2 d-1",-991.997522436431,"mg CO2 m-2 d-1",1.25394882026114,1.23756867834911,1.76180699211494,0.0487407686854842,80.3976305592654,80.3976453337201,2.45769452616833,2.4255900379591,3.45307825225612,0.0955301512023467,157.576460338517,157.576489295916,0.611312101320466,1.02243591216833,3.06389087307095,0.023761593171636,-1149.69327451932,-1149.57690729052,5.52670115365712,5.87361598808653,9.9701742821615,0.214821895576329,-834.540353842288,-834.41813758234,0.00202732024093798,"s-2",6.76952766728527,"meters"
249,1,12.0384042835991,"mg CH4 m-2 d-1",20.8427254115818,"mg CH4 m-2 d-1",32.881129695181,"mg CH4 m-2 d-1",1.15598571870912,"mg CO2 m-2 d-1",-1374.78018471712,"mg CO2 m-2 d-1",-1373.62419899841,"mg CO2 m-2 d-1",4.35939596712487,2.207060939088,4.88625124067855,0.466548949689507,91.3395607573548,91.3407522810545,8.54425908991391,4.32575995229764,9.5768764511441,0.914419138416423,179.022249448123,179.024584791662,3.4941451936852,16.5169654592842,23.304077263451,0.2415665802927,-1553.80243416525,-1552.65207346928,20.582663373513,25.1684853638795,42.4581821269109,2.07040485712554,-1195.757935269,-1194.59632452755,0.00340435832366675,"s-2",22.7951429671414,"meters"
250,1,0.000635156447676177,"mg CH4 m-2 d-1",8.4328274907607,"mg CH4 m-2 d-1",8.43346264720837,"mg CH4 m-2 d-1",0.0310782807008647,"mg CO2 m-2 d-1",1256.95494399535,"mg CO2 m-2 d-1",1256.98602227605,"mg CO2 m-2 d-1",0.000424056677361396,0.554901851009891,0.554902013042184,0.0109722432045106,117.382364920897,117.382365433709,0.000831135815032057,1.087587642934,1.08758796051146,0.0215052015104551,230.065207665096,230.065208670188,-0.00019597936735588,7.3452398478267,7.34585470164569,0.0095730791904096,1026.88973633026,1026.91658602599,0.00146629226270823,9.52041513369469,9.52107059277106,0.0525834822113198,1487.02015166045,1487.05545852612,0.00589059976651634,"s-2",6.52408275069659,"meters"
250,2,49.4886048799334,"mg CH4 m-2 d-1",117.302133746996,"mg CH4 m-2 d-1",166.79073862693,"mg CH4 m-2 d-1",0.242042356246411,"mg CO2 m-2 d-1",-697.049667553156,"mg CO2 m-2 d-1",-696.807625196909,"mg CO2 m-2 d-1",12.3015102525059,14.2128043661459,18.7970998412745,0.077858748131326,54.3601954760338,54.3602512335738,24.1105170503617,27.8565846769595,36.8416387027016,0.152600342218774,106.544025325583,106.544134608354,25.3780878295717,89.4455490700368,129.948422938032,0.089442014027637,-803.593692878739,-803.353717614714,73.5991219302951,145.158718423956,203.633054315828,0.394642698465185,-590.505642227572,-590.261532779105,0.000919460606220522,"s-2",8.5,"meters"
253,1,8.58175876373829,"mg CH4 m-2 d-1",NA,"mg CH4 m-2 d-1",NA,"mg CH4 m-2 d-1",0.29948881931163,"mg CO2 m-2 d-1",-1882.87353794659,"mg CO2 m-2 d-1",-1882.57404912728,"mg CO2 m-2 d-1",3.95703933876499,NA,NA,0.169305581853952,419.19716969794,419.197203887554,7.75565458938757,NA,NA,0.331832842815344,821.611355029087,821.6114220395,0.826104174350719,NA,NA,-0.0323440235037149,-2704.48489297568,-2704.20056874688,16.3374133531259,NA,NA,0.631321662126974,-1061.2621829175,-1060.94752950767,0.00297178708563371,"s-2",0.55,"meters"
263,1,78.325707948555,"mg CH4 m-2 d-1",139.183890930909,"mg CH4 m-2 d-1",217.509598879464,"mg CH4 m-2 d-1",0.974515197263393,"mg CO2 m-2 d-1",-3938.1959968115,"mg CO2 m-2 d-1",-3937.22148161423,"mg CO2 m-2 d-1",22.6127439178495,30.0799454821047,37.6316264291172,0.598551571052362,198.214928731088,198.215832455062,44.3201636706122,58.9556098018535,73.7566324807353,1.1731395221525,388.494121511105,388.495892777548,34.0055442779428,80.2282811290551,143.751611078394,-0.198624324889104,-4326.6901183226,-4325.72451322616,122.645871619167,198.139500732762,291.267586680533,2.14765471941589,-3549.70187530039,-3548.71845000231,0.00636325894727849,"s-2",3.3,"meters"
264,1,16.3526399010107,"mg CH4 m-2 d-1",73.7219766403304,"mg CH4 m-2 d-1",90.0746165413411,"mg CH4 m-2 d-1",0.635624218416023,"mg CO2 m-2 d-1",646.215359404123,"mg CO2 m-2 d-1",646.850983622539,"mg CO2 m-2 d-1",3.4599533773062,11.7603439320995,12.2587506204508,0.134487775338966,384.079924161995,384.079947707825,6.78138400770787,23.0498505527193,24.0267097115416,0.263591196025286,752.782818542386,752.782864691365,9.57125589330284,50.6721260876111,66.0474653252575,0.372033022390737,-106.567459138263,-105.945713884799,23.1340239087186,96.7718271930496,114.101767757425,0.89921541444131,1398.99817794651,1399.64768112988,0.000581404769695012,"s-2",NA,"meters"
265,1,96.3925871622217,"mg CH4 m-2 d-1",88.1242707734239,"mg CH4 m-2 d-1",184.516857935646,"mg CH4 m-2 d-1",4.2568961752616,"mg CO2 m-2 d-1",831.550300676132,"mg CO2 m-2 d-1",835.807196851394,"mg CO2 m-2 d-1",37.4606508769006,9.50742847811554,38.6483060480988,2.35767329903627,766.351475955555,766.355102627133,73.4215265561539,18.6342174026969,75.7492879177552,4.62095475342282,1502.021292372,1502.02840051768,22.9710606060678,69.490053370727,108.766178081372,-0.364058578161222,-670.470991695869,-666.248804297786,169.814113718376,106.758488176121,260.267537789919,8.87785092868442,2333.57159304813,2337.86319800057,0.00555879042939442,"s-2",2.29300225284604,"meters"
275,1,35.3072472862527,"mg CH4 m-2 d-1",121.847830392141,"mg CH4 m-2 d-1",157.155077678394,"mg CH4 m-2 d-1",0.33308002394787,"mg CO2 m-2 d-1",-4101.71272963358,"mg CO2 m-2 d-1",-4101.37964960963,"mg CO2 m-2 d-1",16.1873159823776,22.4083848203119,27.643532859758,0.199920271448592,344.181538448707,344.181596511251,31.7265563318297,43.9196271995253,54.1803288105752,0.391836531818711,674.583419503053,674.583533303548,3.58069095442295,77.9282031926161,102.973753273268,-0.0587565078708411,-4776.29614913663,-4775.97557877168,67.0338036180824,165.767457591667,211.33640208352,0.72491655576658,-3427.12931013052,-3426.78372044758,0.00788799279858331,"s-2",2.28740770464414,"meters"
276,1,181.583208349863,"mg CH4 m-2 d-1",987.740527545341,"mg CH4 m-2 d-1",1169.3237358952,"mg CH4 m-2 d-1",9.93370504129017,"mg CO2 m-2 d-1",1481.37688203402,"mg CO2 m-2 d-1",1491.31058707531,"mg CO2 m-2 d-1",19.4053297966976,98.8194821445747,100.706786642413,2.06160412311198,752.1470728753,752.149898255954,38.0337475096492,193.682625974265,197.381674817889,4.04066983167875,1474.18117391281,1474.18671155714,143.549460840214,794.057901571075,971.938434076074,5.89303520961142,7.19570812120986,17.0967864936408,219.616955859512,1181.42315351961,1366.70903771433,13.9743748729689,2955.55805594683,2965.52438765698,0.0014064204254632,"s-2",3.15,"meters"
281,1,0.00860710336478884,"mg CH4 m-2 d-1",14.1270014948321,"mg CH4 m-2 d-1",14.1356085981969,"mg CH4 m-2 d-1",0.0692213702031656,"mg CO2 m-2 d-1",5927.35818993853,"mg CO2 m-2 d-1",5927.42741130873,"mg CO2 m-2 d-1",0.00457492134274442,1.10517201086298,1.10518147989379,0.0346019674587801,561.955497674109,561.955498739404,0.00896668106388268,2.16609733801316,2.1661158969725,0.0678186100134358,1101.41253635554,1101.41253844347,-0.000359577699093848,11.960904156819,11.9694528976051,0.0014027601897298,4825.94565358299,4825.9946337795,0.0175737844286715,16.2930988328453,16.3017642987887,0.137039980216601,7028.77072629407,7028.86018883797,0.00379077179518818,"s-2",1.7407816359995,"meters"
281,2,5.59819236164609,"mg CH4 m-2 d-1",30.3436416335052,"mg CH4 m-2 d-1",35.9418339951513,"mg CH4 m-2 d-1",0.0869310968649166,"mg CO2 m-2 d-1",1287.81187223629,"mg CO2 m-2 d-1",1287.89880333315,"mg CO2 m-2 d-1",2.32901136758586,2.15769097875282,3.1748896532219,0.0361658727881881,96.8745271078631,96.8745338587105,4.56477840005267,4.2289966081225,6.22266937520378,0.0708838081343058,189.870584150761,189.870597382179,1.03341396159342,26.1146450253827,29.7190502748364,0.0160472887306108,1097.94128808552,1098.02471697008,10.1629707616988,34.5726382416277,42.1646177154662,0.157814904999222,1477.68245638705,1477.77288969622,0.00078583034773608,"s-2",NA,"meters"
287,1,15.4629878856225,"mg CH4 m-2 d-1",9.81115966463435,"mg CH4 m-2 d-1",25.2741475502569,"mg CH4 m-2 d-1",0.835682796175554,"mg CO2 m-2 d-1",-889.969513782237,"mg CO2 m-2 d-1",-889.133830986062,"mg CO2 m-2 d-1",5.05546460969206,1.27951033365609,5.21486999970101,0.461694337464111,149.616030119129,149.616742479808,9.90852856011327,2.50779417181277,10.2209573834724,0.904904273295738,293.242030543353,293.243426744629,5.55445932550926,7.30336549282158,15.0530023508429,-0.069221477120184,-1183.21154432559,-1182.38264624649,25.3715164457358,12.3189538364471,35.4952927496709,1.74058706947129,-596.727483238885,-595.885015725637,0.00482025616803322,"s-2",13.1903785601223,"meters"
288,1,99.0536747438217,"mg CH4 m-2 d-1",19.4744598287696,"mg CH4 m-2 d-1",118.528134572591,"mg CH4 m-2 d-1",0.236107191914699,"mg CO2 m-2 d-1",-1335.55099030219,"mg CO2 m-2 d-1",-1335.31488311028,"mg CO2 m-2 d-1",72.7982167272093,3.43061227502332,72.8790056137107,0.162463628441885,150.556388919043,150.556476575312,142.681882924072,6.72387650396673,142.840226231965,0.318422860543792,295.085099923729,295.08527172686,-43.6282081802499,12.7505833248029,-24.3147164302817,-0.0823156686290934,-1630.63609022592,-1630.40557719789,241.735557667893,26.1983363327364,261.370985575464,0.554530052458491,-1040.46589037846,-1040.22418902267,0.0044729029232374,"s-2",5.16098180545047,"meters"
291,1,15.9204736718077,"mg CH4 m-2 d-1",41.9728352388067,"mg CH4 m-2 d-1",57.8933089106144,"mg CH4 m-2 d-1",0.0295501350028018,"mg CO2 m-2 d-1",-2675.25169342362,"mg CO2 m-2 d-1",-2675.22214328862,"mg CO2 m-2 d-1",4.54148780314846,4.70729020793204,6.54092444290859,0.00666266370909832,151.665707197374,151.665707343719,8.9011525303989,9.22611927232486,12.8199763336986,0.0130585809109348,297.259323796651,297.259324083482,7.01932114140878,32.7467159664818,45.0730970025135,0.016491554091867,-2972.51101722027,-2972.48692968231,24.8216262022066,51.1989545111315,70.7135208187152,0.0426087159137365,-2377.99236962697,-2377.95735689493,0.00545834515158761,"s-2",5.83708646477447,"meters"
296,1,4.24544815584738,"mg CH4 m-2 d-1",57.1618319110915,"mg CH4 m-2 d-1",61.4072800669389,"mg CH4 m-2 d-1",0.0158357153514243,"mg CO2 m-2 d-1",-1904.22600378033,"mg CO2 m-2 d-1",-1904.21016806497,"mg CO2 m-2 d-1",1.29753571604627,6.17030241518426,6.30525422399798,0.00483986743055966,118.504820235043,118.504820333876,2.54312327210509,12.0935705074817,12.3580711924051,0.00948596585384534,232.265179655078,232.265179848786,1.7023248837423,45.0682614036099,49.0489817879029,0.00634974949757897,-2136.4911834354,-2136.47961591937,6.78857142795247,69.2554024185732,73.765578345975,0.0253216812052696,-1671.96082412525,-1671.94072021058,0.00211272697553333,"s-2",9.35,"meters"
297,1,20.4213386934588,"mg CH4 m-2 d-1",20.3276777670989,"mg CH4 m-2 d-1",40.7490164605578,"mg CH4 m-2 d-1",1.454869654137,"mg CO2 m-2 d-1",-1585.93360751835,"mg CO2 m-2 d-1",-1584.47873786422,"mg CO2 m-2 d-1",11.2668641862704,1.25452237629559,11.3364921816446,0.950564117611656,155.450106097977,155.453012379992,22.0826480237941,2.45881867533897,22.2191163870432,1.86307143551494,304.676609344966,304.682305553044,-1.66130933033525,17.86885909176,18.5294917845345,-0.408201781377946,-1890.61021686332,-1889.166642129,42.5039867172529,22.7864964424379,62.9685411365811,3.31794108965194,-1281.25699817339,-1279.79083359943,0.00363307462807148,"s-2",16.7002846507456,"meters"
298,1,18.7531993834879,"mg CH4 m-2 d-1",72.9455874825805,"mg CH4 m-2 d-1",91.6987868660684,"mg CH4 m-2 d-1",0.425845348903149,"mg CO2 m-2 d-1",-903.210812876427,"mg CO2 m-2 d-1",-902.784967527524,"mg CO2 m-2 d-1",8.1454518980026,9.6856443466404,12.655437291231,0.303907847255017,235.79028023023,235.790476082114,15.9647923578885,18.9835140864792,24.804201299418,0.595648435238933,462.140457155857,462.140841018496,2.78840702559935,53.9620733961014,66.8941297752555,-0.169803086335785,-1365.35127003228,-1364.93430064847,34.7179917413764,91.9291015690597,116.503443956881,1.02149378414208,-441.07035572057,-440.63563440658,0.00330989956290603,"s-2",5.91505793603191,"meters"
3,1,31.0006614029536,"mg CH4 m-2 d-1",12.6995141320816,"mg CH4 m-2 d-1",43.7001755350352,"mg CH4 m-2 d-1",0.251982826890723,"mg CO2 m-2 d-1",-524.776473626447,"mg CO2 m-2 d-1",-524.524490799556,"mg CO2 m-2 d-1",7.95501956979171,1.83907931437923,8.16483613309824,0.0639279936100026,1108.0888203235,1108.08882216757,15.5915518531031,3.60452922089591,16.0027847605438,0.125296565079512,2171.81417950553,2171.81418311984,15.4091095498505,9.09498491118574,27.6970967141626,0.126686261811211,-2696.59065313198,-2696.37858224799,46.5922132560566,16.3040433529776,59.7032543559078,0.377279391970235,1647.03770587909,1647.32960064888,0.0019087867061945,"s-2",0.55,"meters"
302,1,77.7169839957376,"mg CH4 m-2 d-1",70.5865975433567,"mg CH4 m-2 d-1",148.303581539094,"mg CH4 m-2 d-1",1.12106618216983,"mg CO2 m-2 d-1",2091.18586456338,"mg CO2 m-2 d-1",2092.30693074555,"mg CO2 m-2 d-1",50.0410156536635,4.71098086660066,50.2622779863355,0.265727835396027,175.875476399182,175.875677141331,98.0785884309855,9.23335283039459,98.512254634158,0.520816987066,344.709599506221,344.709992953603,-20.3616044352479,61.3532447129621,49.7895166858766,0.600249195103832,1746.47626505716,1747.59060354854,175.795572426723,79.8199503737513,246.817646392312,1.64188316923583,2435.8954640696,2437.02325794255,0.00119762576338626,"s-2",2.27423861565471,"meters"
308,1,9.24364140924449,"mg CH4 m-2 d-1",15.3153302230671,"mg CH4 m-2 d-1",24.5589716323116,"mg CH4 m-2 d-1",0.05119605285958,"mg CO2 m-2 d-1",764.601552267283,"mg CO2 m-2 d-1",764.652748320143,"mg CO2 m-2 d-1",5.65597821001623,3.47785043050145,6.6396937526604,0.0313257239861158,27.2099689995002,27.2099870315064,11.0855135889751,6.81646158739997,13.01356062359,0.0613972908024295,53.3305592594718,53.3305946015545,-1.84187217973064,8.4988686356671,11.5451718770972,-0.0102012379428495,711.270993007812,711.321173738391,20.3291549982196,22.131791810467,37.5727713875259,0.112593343662009,817.932111526755,817.984322901896,0.00537900266442589,"s-2",10.316376415297,"meters"
316,1,50.6378464498164,"mg CH4 m-2 d-1",54.5474217751357,"mg CH4 m-2 d-1",105.185268224952,"mg CH4 m-2 d-1",1.10885251499876,"mg CO2 m-2 d-1",9505.73504462308,"mg CO2 m-2 d-1",9506.84389713808,"mg CO2 m-2 d-1",27.403581407238,8.07938198599241,28.569786264841,0.512643103230935,782.004581661261,782.004749692836,53.7100326055979,15.8352977098868,55.9957521250955,1.00476201925548,1532.70081580138,1532.70114513722,-3.07218615578151,38.7121240652489,49.1884871458637,0.104090495743283,7973.0342288217,7974.11458774012,104.347879055414,70.3827194850225,161.18204930404,2.11361453425425,11038.4358604245,11039.573206536,0.00302953557040219,"s-2",2.21963372614276,"meters"
317,1,7.88253945275746,"mg CH4 m-2 d-1",94.5508355120966,"mg CH4 m-2 d-1",102.433374964854,"mg CH4 m-2 d-1",0.0181924141401788,"mg CO2 m-2 d-1",-747.439637509198,"mg CO2 m-2 d-1",-747.421445095058,"mg CO2 m-2 d-1",4.82721722228008,5.66741271405876,7.44456801853219,0.0111409191642678,116.54155319209,116.541553724605,9.46117190122044,11.1079248050796,14.5910851967818,0.021835800316637,228.417246958856,228.417248002565,-1.57863244846298,83.442910707017,87.8420216485309,-0.00364338617645821,-975.856884468054,-975.842890395283,17.3437113539779,105.658760317176,117.024728281177,0.0400282144568158,-519.022390550342,-518.999999794832,0.00312340083305522,"s-2",1.5183257791877,"meters"
323,1,17.9733988602974,"mg CH4 m-2 d-1",252.821143052622,"mg CH4 m-2 d-1",270.794541912919,"mg CH4 m-2 d-1",1.15635215852858,"mg CO2 m-2 d-1",-1375.37537391594,"mg CO2 m-2 d-1",-1374.21902175742,"mg CO2 m-2 d-1",5.13660483798669,48.1086157666081,48.3820588673194,0.253095188315664,58.585039200885,58.5855859008304,10.0675604852681,94.2911542486276,94.8270928778428,0.496057453759084,114.824566866602,114.825638378805,7.90583837502927,158.529988803994,175.965706532973,0.660294704769495,-1490.19994078255,-1489.04677012304,28.0409593455655,347.11229730125,365.623377292865,1.65240961228766,-1260.55080704934,-1259.39127339179,0.000741930396980168,"s-2",NA,"meters"
326,1,258.37692221745,"mg CH4 m-2 d-1",3546.00193636236,"mg CH4 m-2 d-1",3804.3788585798,"mg CH4 m-2 d-1",6.21342127319609,"mg CO2 m-2 d-1",193.324780199207,"mg CO2 m-2 d-1",199.538201472403,"mg CO2 m-2 d-1",50.4992358951056,2499.29854411304,2499.80866976486,2.25484061610078,1147.50349793368,1147.50571330876,98.9766836011993,4898.53513307495,4899.53496098011,4.41940639843564,2249.06552808375,2249.06987013911,159.400238616251,-1352.5331967126,-1095.24613415932,1.79401487476045,-2055.74074788455,-2049.57299661277,357.353605818649,8444.53706943731,8704.00385131893,10.6328276716317,2442.39030828296,2448.64939955757,0.00072687988363783,"s-2",NA,"meters"
327,1,195.502034313694,"mg CH4 m-2 d-1",248.88963153098,"mg CH4 m-2 d-1",444.391665844674,"mg CH4 m-2 d-1",7.89727982762603,"mg CO2 m-2 d-1",10442.8422814623,"mg CO2 m-2 d-1",10450.7395612899,"mg CO2 m-2 d-1",18.9290031739889,38.1458908095949,42.5842241542384,1.03804613790472,1458.36393137648,1458.36430081089,37.1001644842626,74.7645721450035,83.4635456518879,2.03453304458416,2858.34078185015,2858.34150592829,158.401869829431,174.125059385977,360.926586502367,5.86274678304187,7584.50149961211,7592.34553170052,232.602198797957,323.654203675984,527.856745186982,9.93181287221019,13301.1830633124,13309.1335908792,0.000849946647768433,"s-2",NA,"meters"
328,1,46.5468896082932,"mg CH4 m-2 d-1",298.262893944334,"mg CH4 m-2 d-1",344.809783552627,"mg CH4 m-2 d-1",1.20791477436458,"mg CO2 m-2 d-1",4622.05988636276,"mg CO2 m-2 d-1",4623.26780113712,"mg CO2 m-2 d-1",8.65562744498076,22.3688944317641,23.9851479996625,0.365574184167745,735.974472337232,735.974563131466,16.9647180557587,43.8422274602363,47.0100262432014,0.716512234646393,1442.48345932185,1442.48363727527,29.5821715525344,254.420666484098,297.798893473289,0.491402539718188,3179.57642704091,3180.75765739945,63.5116076640519,342.10512140457,391.820673631966,1.92442700901097,6064.5433456846,6065.7779448748,0.00396914632435325,"s-2",4.73657654660274,"meters"
331,1,104.813309750774,"mg CH4 m-2 d-1",206.422075389625,"mg CH4 m-2 d-1",311.235385140399,"mg CH4 m-2 d-1",3.45572028062201,"mg CO2 m-2 d-1",2126.48136965103,"mg CO2 m-2 d-1",2129.93708993165,"mg CO2 m-2 d-1",34.8179759595869,33.8522231011335,48.5619651456908,1.79313566696703,0,1.79313566696703,68.2419788953718,66.3491380748365,95.1797027040434,3.51448132664958,0,3.51448132664958,36.5713308554021,140.072937314788,216.053933454845,-0.0587610460275771,2126.48136965103,2126.4225440244,173.055288646146,272.771213464461,406.416836825953,6.97020160727159,2126.48136965103,2133.45163583891,0.0043983192138623,"s-2",0.55,"meters"
4,1,15.9176718876549,"mg CH4 m-2 d-1",11.6775123579847,"mg CH4 m-2 d-1",27.5951842456396,"mg CH4 m-2 d-1",0.359419680566242,"mg CO2 m-2 d-1",-703.790172189312,"mg CO2 m-2 d-1",-703.430752508746,"mg CO2 m-2 d-1",5.3896291605156,1.00727527829027,5.48294683305746,0.107080637962582,50.3131832893343,50.3132972380977,10.5634790446374,1.97422326796649,10.7463783219406,0.209874193848233,98.6120271946576,98.6122505301301,5.35419284301744,9.70328909001824,16.848608452847,0.149545486718008,-802.402199383969,-802.044815095417,26.4811509322923,13.6517356259512,38.3417600384322,0.569293874414475,-605.178144994654,-604.816689922074,0.00638590690475233,"s-2",4.36890534536829,"meters"
44,1,44.152504469057,"mg CH4 m-2 d-1",23.1025088803089,"mg CH4 m-2 d-1",67.2550133493658,"mg CH4 m-2 d-1",1.40010381300141,"mg CO2 m-2 d-1",13803.9134432609,"mg CO2 m-2 d-1",13805.3135470739,"mg CO2 m-2 d-1",9.2236029057775,1.82837400417588,9.4030740751423,0.333437947244709,1836.01532842183,1836.01535869959,18.0779295030229,3.583547198454,18.4296865312412,0.653526367678597,3598.52391877026,3598.52397811358,26.0745749660341,19.5189616818549,48.8249881620869,0.746577445322818,10205.3895244906,10206.7234440227,62.2304339720799,26.6860560787629,85.6850385366448,2.05363018068001,17402.4373620312,17403.9036501251,0.0108315393951869,"s-2",2.69766404089434,"meters"
45,1,3.96888633267369,"mg CH4 m-2 d-1",6.33299430116733,"mg CH4 m-2 d-1",10.301880633841,"mg CH4 m-2 d-1",0.656443125906552,"mg CO2 m-2 d-1",4260.21488286655,"mg CO2 m-2 d-1",4260.87132599245,"mg CO2 m-2 d-1",1.23216319546528,0.286934401896472,1.26513141264095,0.171146430815474,480.097501222058,480.097531727424,2.41499548618774,0.562381093642627,2.47961200448655,0.335440840480905,940.973811462908,940.973871252326,1.55389084648595,5.7706132075247,7.82222306506474,0.321002285425647,3319.24107140364,3319.8801638067,6.38388181886142,6.89537539480996,12.7815382026173,0.991883966387456,5201.18869432946,5201.86248817821,0.000590318730478038,"s-2",NA,"meters"
46,1,4.4340016021468,"mg CH4 m-2 d-1",29.9007764880043,"mg CH4 m-2 d-1",34.3347780901511,"mg CH4 m-2 d-1",0.245678536171949,"mg CO2 m-2 d-1",4253.04012799272,"mg CO2 m-2 d-1",4253.28580652889,"mg CO2 m-2 d-1",2.14073630701415,2.57294597293614,3.34705884558621,0.111770360766406,332.633048669844,332.633067448214,4.19576606214502,5.04288144112221,6.56011479148519,0.219065881641204,651.948795460653,651.948832265582,0.238235540001781,24.8578950468821,27.7745427528021,0.0266126545307448,3601.09133253207,3601.32499433039,8.62976766429182,34.9436579291265,40.8950134275001,0.464744417813153,4904.98892345337,4905.24661872739,0.00024060949390912,"s-2",NA,"meters"
47,1,1.85334931208937,"mg CH4 m-2 d-1",43.0181814088401,"mg CH4 m-2 d-1",44.8715307209295,"mg CH4 m-2 d-1",0.134336336016976,"mg CO2 m-2 d-1",12026.5056559689,"mg CO2 m-2 d-1",12026.6399923049,"mg CO2 m-2 d-1",0.889572767357064,5.26376992721545,5.33840927197241,0.0638114018990601,834.634319834217,834.634322273546,1.74353058564747,10.3167994802473,10.4630899078006,0.125068049525168,1635.85320713615,1635.85321191715,0.109818726441893,32.7013819285928,34.4082485478635,0.00926828649180744,10390.6524488328,10390.7567206488,3.59687989773684,53.3349808890874,55.3348128939954,0.259404385542144,13662.3588631051,13662.5232639611,0.00241185335670269,"s-2",2.45,"meters"
49,1,0.969844175041664,"mg CH4 m-2 d-1",39.6669519451852,"mg CH4 m-2 d-1",40.6367961202268,"mg CH4 m-2 d-1",0.28018185506362,"mg CO2 m-2 d-1",8807.27016533468,"mg CO2 m-2 d-1",8807.55034718974,"mg CO2 m-2 d-1",0.435751034274044,4.34913887249125,4.37091385136854,0.10250312179885,885.181446846052,885.181452780931,0.854056333403206,8.52415555384598,8.56683372820959,0.200902427028669,1734.92375560132,1734.92376723347,0.115787841638458,31.1427963913392,32.0698049715445,0.0792794280349505,7072.34640973336,7072.59469973912,1.82390050844487,48.1911074990311,49.2037872689092,0.481084282092289,10542.193920936,10542.5059946404,0.00443293989317884,"s-2",0.55,"meters"
51,1,52.3204270713882,"mg CH4 m-2 d-1",88.1450605870579,"mg CH4 m-2 d-1",140.465487658446,"mg CH4 m-2 d-1",1.19998937965102,"mg CO2 m-2 d-1",7304.17290709462,"mg CO2 m-2 d-1",7305.37289647427,"mg CO2 m-2 d-1",12.1333732280794,6.15315604448155,13.6044138131569,0.34096234250868,627.177721419038,627.177814100352,23.7809745380182,12.0599642384388,26.6641611045668,0.668273911401423,1229.24574588721,1229.24592753925,28.53945253337,76.0850963486191,113.800836584658,0.531715468249592,6074.92716120741,6076.10438083758,76.1014016094064,100.205024825497,167.130138732234,1.86826329105244,8533.41865298183,8534.64141211096,0.00777650304003699,"s-2",0.35,"meters"
52,1,66.561313643251,"mg CH4 m-2 d-1",71.279243264689,"mg CH4 m-2 d-1",137.84055690794,"mg CH4 m-2 d-1",1.89344719954295,"mg CO2 m-2 d-1",13569.8231487354,"mg CO2 m-2 d-1",13571.7165959349,"mg CO2 m-2 d-1",28.3035948287845,9.07367275070106,29.7224665433206,0.682698292952577,1688.22422263054,1688.22436066817,55.4740264974317,17.7840717988765,58.254963956605,1.33806406649403,3308.85867418399,3308.85894473277,11.0872871458193,53.4951714658124,79.5845224830317,0.555383133048922,10260.9644745514,10262.7968490253,122.035340140683,89.0633150635655,196.096591332848,3.23151126603697,16878.6818229193,16880.6363428445,0.00409520329588308,"s-2",4.83725766999221,"meters"
53,1,1.32812916872247,"mg CH4 m-2 d-1",23.3921778003384,"mg CH4 m-2 d-1",24.7203069690609,"mg CH4 m-2 d-1",0.0145026384202218,"mg CO2 m-2 d-1",2443.81761779842,"mg CO2 m-2 d-1",2443.83212043684,"mg CO2 m-2 d-1",0.74467432585422,2.01417522000475,2.14742675508796,0.00813154529169363,374.897296520081,374.897296608268,1.45953485888591,3.94771088976234,4.20887909941012,0.0159375359103758,734.785199080791,734.785199253634,-0.131405690163443,19.4444669105761,20.5113505290885,-0.00143489749015394,1709.03241871763,1709.03341908464,2.78766402760839,27.3398886901008,28.9292634090333,0.0304401743305976,3178.60281687921,3178.63082178904,0.0165361406899607,"s-2",7.52297218333609,"meters"
54,1,171.764423338711,"mg CH4 m-2 d-1",532.21040729449,"mg CH4 m-2 d-1",703.974830633202,"mg CH4 m-2 d-1",3.00592995919475,"mg CO2 m-2 d-1",-2741.53670114369,"mg CO2 m-2 d-1",-2738.5307711845,"mg CO2 m-2 d-1",31.7377235857587,69.635700042514,76.52720966308,0.659041555132237,180.114321490185,180.115527208625,62.2047951793744,136.483464121562,149.990574776982,1.29169771237445,353.017583220631,353.01994638535,109.559628159337,395.726943172929,553.981499693565,1.7142322468203,-3094.55428436432,-3091.5572045134,233.969218518086,668.693871416052,853.968161572839,4.2976276715692,-2388.51911792306,-2385.50433785559,0.00479837898022119,"s-2",1.5,"meters"
55,1,49.1262599933752,"mg CH4 m-2 d-1",65.726070104686,"mg CH4 m-2 d-1",114.852330098061,"mg CH4 m-2 d-1",2.9114872114128,"mg CO2 m-2 d-1",2287.14936368765,"mg CO2 m-2 d-1",2290.06085089906,"mg CO2 m-2 d-1",6.91975864373208,7.14169105902057,9.94418477654147,0.537494433854562,264.884397399489,264.884942731664,13.5624777234246,13.997457264392,19.4902440176328,1.05346973224569,519.163878969593,519.164947801016,35.5637822699506,51.728612840294,95.36172793604,1.85801747916711,1767.98548471805,1770.886363145,62.6887377167998,79.7235273690781,134.342932260083,3.96495694365848,2806.31324265724,2809.23533865312,0.010513175743062,"s-2",1.49739330099406,"meters"
57,1,59.4814523684514,"mg CH4 m-2 d-1",66.5658929554325,"mg CH4 m-2 d-1",126.047345323884,"mg CH4 m-2 d-1",2.51803483308461,"mg CO2 m-2 d-1",6275.62191861488,"mg CO2 m-2 d-1",6278.13995344796,"mg CO2 m-2 d-1",29.2749769661672,14.7881236440057,32.7980620964108,1.42594547541986,890.210674701635,890.211816745453,57.3779005019273,28.9841897411764,64.2830204716735,2.79480177574076,1744.78086106831,1744.78309943306,2.10355186652406,37.5817032142561,61.7631436149187,-0.276766942656152,4530.84105754657,4533.32479262687,116.859352870379,95.5500826966089,190.331547032849,5.31283660882537,8020.40277968318,8022.95511426905,0.0205870626973375,"s-2",0.3,"meters"
64,1,22.4125330251589,"mg CH4 m-2 d-1",63.327037967529,"mg CH4 m-2 d-1",85.7395709926879,"mg CH4 m-2 d-1",0.358256465846924,"mg CO2 m-2 d-1",-2163.71249658144,"mg CO2 m-2 d-1",-2163.35424011559,"mg CO2 m-2 d-1",3.46497305889603,7.66093777315849,8.40809168974042,0.0593019636211324,186.070435668725,186.070445118702,6.79122240283781,15.0151621231931,16.4795568906017,0.116229712909924,364.691352498378,364.691371019993,15.6213106223211,48.3118758443359,69.2597112807967,0.242026752937,-2528.40384907981,-2528.05231254825,29.2037554279967,78.3422000907221,102.219430704579,0.474486178756848,-1799.02114408306,-1798.65616768293,0.0108115393253815,"s-2",3.1,"meters"
65,1,226.606505962271,"mg CH4 m-2 d-1",943.676332519508,"mg CH4 m-2 d-1",1170.28283848178,"mg CH4 m-2 d-1",21.1825752641142,"mg CO2 m-2 d-1",8070.60637646815,"mg CO2 m-2 d-1",8091.78895173227,"mg CO2 m-2 d-1",36.6500091497376,277.014412632837,279.428359292667,5.68035657522756,883.901222305316,883.919474411359,71.8326979665491,542.938271958879,547.669520472745,11.1332943067913,1732.41456160935,1732.45033507984,154.773807995722,400.73806056063,622.603254268152,10.0492809573229,6338.1918148588,6359.306781886,298.43920392882,1486.61460447839,1717.96242269541,32.3158695709055,9803.0209380775,9824.27112157853,0.00562043864284033,"s-2",0.45,"meters"
66,1,1.43509476110324,"mg CH4 m-2 d-1",45.6257550347394,"mg CH4 m-2 d-1",47.0608497958426,"mg CH4 m-2 d-1",0.0557818793418667,"mg CO2 m-2 d-1",2237.71043249196,"mg CO2 m-2 d-1",2237.76621437131,"mg CO2 m-2 d-1",0.5869970516144,3.67133789444823,3.7179681916089,0.0228164714935019,237.963874791137,237.963875884983,1.15049308019542,7.19569004819563,7.28708375121895,0.0447194623815486,466.400624212228,466.400626356125,0.284601680907815,38.4300649865437,39.7736321402892,0.0110624169603181,1771.30980827974,1771.35701763674,2.58558784129866,52.821445082935,54.348067451396,0.100501341723415,2704.11105670419,2704.17541110587,0.00291188965596799,"s-2",0.990683127951522,"meters"
67,1,1.08039085275005,"mg CH4 m-2 d-1",5.23946416068899,"mg CH4 m-2 d-1",6.31985501343904,"mg CH4 m-2 d-1",0.0419946012093515,"mg CO2 m-2 d-1",1390.32121342772,"mg CO2 m-2 d-1",1390.36320802893,"mg CO2 m-2 d-1",0.350627502494214,0.556027008712593,0.657347457531559,0.0136288289583306,195.573317158359,195.573317633232,0.687217276877888,1.08979291150822,1.28837734209083,0.0267120139097845,383.316657967414,383.316658898148,0.393173575872165,4.14967124918076,5.03145399667718,0.0152825872995669,1007.00455546031,1007.03950546779,1.76760812962794,6.32925707219721,7.6082560302009,0.068706615119136,1773.63787139513,1773.68691059006,0.000221335781545631,"s-2",NA,"meters"
68,1,10.3504832205405,"mg CH4 m-2 d-1",247.506625002829,"mg CH4 m-2 d-1",257.857108223369,"mg CH4 m-2 d-1",7.44965674285336,"mg CO2 m-2 d-1",1793.66527040055,"mg CO2 m-2 d-1",1801.11492714341,"mg CO2 m-2 d-1",4.73690716750905,109.464749792132,109.567192793133,4.65818794593324,392.598306116758,392.625939897872,9.28416744642737,214.546967169267,214.747751761698,9.12988060724776,769.478540380277,769.532701596017,1.06631577411314,32.9596578335616,43.1054103488277,-1.6802238643944,1024.18673002028,1031.56808494358,19.6346506669679,462.053592172096,472.608806097911,16.5795373501011,2563.14381078083,2570.66176934324,0.00431202687422467,"s-2",12.5,"meters"
71,1,11.6220450540973,"mg CH4 m-2 d-1",54.8482575745156,"mg CH4 m-2 d-1",66.4703026286129,"mg CH4 m-2 d-1",3.80387563208861,"mg CO2 m-2 d-1",-2426.26291834886,"mg CO2 m-2 d-1",-2422.45904271677,"mg CO2 m-2 d-1",6.9315038209956,24.2922122288349,25.2617758716847,2.05250908848826,3160.41043246031,3160.41109895493,13.5854978478531,47.6118610733199,49.512170894025,4.02284389137813,6194.29062398686,6194.29193029232,-1.96345279375587,7.23639650119574,16.9572219201108,-0.218968259289519,-8620.55354233572,-8616.86479666844,25.2075429019504,102.460118647835,115.983383337115,7.82671952346673,3768.027705638,3771.94671123489,0.00110978676874796,"s-2",8.26746332946187,"meters"
72,1,0.000686368956211129,"mg CH4 m-2 d-1",20.6276313204308,"mg CH4 m-2 d-1",20.628317689387,"mg CH4 m-2 d-1",0.635972407143714,"mg CO2 m-2 d-1",NA,"mg CO2 m-2 d-1",NA,"mg CO2 m-2 d-1",0.000301372921821645,15.9731429797428,15.9731429825859,0.279244655231594,NA,NA,0.000590680072686028,31.3067849602047,31.306784965777,0.547309467129228,NA,NA,9.56888835251001e-05,-10.6791536397739,-10.6790425564814,0.0886629400144857,NA,NA,0.00127704902889716,51.9344162806355,51.9356779352553,1.18328187427294,NA,NA,0.000786638058073973,"s-2",1.5,"meters"
75,1,0.921193572617357,"mg CH4 m-2 d-1",12.5565653347629,"mg CH4 m-2 d-1",13.4777589073803,"mg CH4 m-2 d-1",2.22029731702363,"mg CO2 m-2 d-1",5109.17292599653,"mg CO2 m-2 d-1",5111.39322331355,"mg CO2 m-2 d-1",0.545739020822586,1.43511697610616,1.53538002265122,1.20844647000754,406.289579658014,406.291376824018,1.06962882577042,2.81277758677009,3.00928954697869,2.36851155845934,796.312943423624,796.316465804267,-0.148435253153066,9.74378774799284,10.4684140629839,-0.148214241435708,4312.85998257291,4315.06212473848,1.99082239838778,15.369342921533,16.4871037517767,4.58880887548297,5905.48586942015,5907.72432188863,0.00336445196341565,"s-2",0.55,"meters"
76,1,2.25660761147225,"mg CH4 m-2 d-1",55.9949058068568,"mg CH4 m-2 d-1",58.2515134183291,"mg CH4 m-2 d-1",0.0286603081354666,"mg CO2 m-2 d-1",1374.17440853042,"mg CO2 m-2 d-1",1374.20306883855,"mg CO2 m-2 d-1",0.704066582063039,2.07571940024458,2.1918760869469,0.00569034152836354,58.5008711761744,58.5008714529223,1.37994514356177,4.06833526649045,4.2959981889905,0.0111528644553251,114.659600569519,114.659601111935,0.876662467910479,51.9265705403664,53.9554362879132,0.0175074436801415,1259.5148079609,1259.54136079083,3.63655275503402,60.0632410733473,62.547590548745,0.0398131725907918,1488.83400909994,1488.86477688628,0.00107028509025202,"s-2",8.82028702858616,"meters"
77,1,5.09603680807618,"mg CH4 m-2 d-1",54.011798947496,"mg CH4 m-2 d-1",59.1078357555722,"mg CH4 m-2 d-1",0.778366509170978,"mg CO2 m-2 d-1",-1491.73204360502,"mg CO2 m-2 d-1",-1490.95367709585,"mg CO2 m-2 d-1",2.24682071998351,3.35074839658536,4.03431755876587,0.443415759491766,127.305374246177,127.306146471783,4.40368769088604,6.56734617856264,7.90711711737865,0.869078918781336,249.513948560901,249.515462095275,0.692349117190144,47.4444527689333,51.2005733403911,-0.0907124096103586,-1741.24599216592,-1740.47372418055,9.49972449896222,60.5791451260586,67.0150981707533,1.64744542795231,-1242.21809504412,-1241.43363001116,0.00338876612551245,"s-2",2.65182153087976,"meters"
78,1,0.110013230630556,"mg CH4 m-2 d-1",61.4866080356208,"mg CH4 m-2 d-1",61.5966212662514,"mg CH4 m-2 d-1",0.615625599175281,"mg CO2 m-2 d-1",-2008.66190200015,"mg CO2 m-2 d-1",-2008.04627640098,"mg CO2 m-2 d-1",0.0714114301847992,21.7839910080614,21.7841080568303,0.222556069995908,166.521261796501,166.521410519798,0.139963831246703,42.6958378153446,42.6960672267162,0.436201881732755,326.375675781308,326.375967273614,-0.0299506006161466,18.7907702202762,18.899769474864,0.179423717442526,-2335.03757778146,-2334.42824101978,0.249977061877259,104.182445850965,104.293473057639,1.05182748090804,-1682.28622621885,-1681.66431178217,0.00356742767308904,"s-2",1.49431037249618,"meters"
79,1,140.40830843754,"mg CH4 m-2 d-1",113.131941576578,"mg CH4 m-2 d-1",253.540250014118,"mg CH4 m-2 d-1",6.56397499941448,"mg CO2 m-2 d-1",1168.17468830361,"mg CO2 m-2 d-1",1174.73866330302,"mg CO2 m-2 d-1",36.5047133730333,36.525153337052,51.6399160024731,1.93209729024626,217.762684817294,217.771255905767,71.5479234771029,71.5879850704249,101.212375529521,3.78684110351011,426.807019418643,426.823818443359,68.8603849604372,41.5439565061528,152.32601464927,2.77713389590437,741.367668884967,747.907001727721,211.956231914643,184.719926647003,354.754485378965,10.3508161029246,1594.98170772225,1601.57032487833,0.000925540344764796,"s-2",NA,"meters"
82,1,104.021335130066,"mg CH4 m-2 d-1",56.9035888890238,"mg CH4 m-2 d-1",160.92492401909,"mg CH4 m-2 d-1",4.69214590146118,"mg CO2 m-2 d-1",-1226.68549935702,"mg CO2 m-2 d-1",-1221.99335345555,"mg CO2 m-2 d-1",63.3537854513103,13.4634700216815,64.7685661106943,3.66704341437321,101.614597446597,101.680743612726,124.171137768846,26.3879163494303,126.944056907262,7.18727302191628,199.160951298866,199.290595402193,-20.1498026387794,30.5156725395935,33.9785344421295,-2.4951271204551,-1425.84645065588,-1421.2876109365,228.192472898912,83.2915052384541,287.871313596051,11.8794189233775,-1027.52454805815,-1022.69909597461,0.0103661454146738,"s-2",3.71283081721229,"meters"
83,1,13.0734932323006,"mg CH4 m-2 d-1",25.1489723304861,"mg CH4 m-2 d-1",38.2224655627867,"mg CH4 m-2 d-1",0.460295855733532,"mg CO2 m-2 d-1",-1688.10261280893,"mg CO2 m-2 d-1",-1687.64231695319,"mg CO2 m-2 d-1",4.25495186440415,3.50801679768286,5.51459855485614,0.156456843671811,178.484190699406,178.484259273376,8.33955241018369,6.87558658061994,10.8084145567147,0.306649778731563,349.822585580614,349.822719983126,4.73394082211694,18.2733857498661,27.4138523952687,0.153646077001969,-2037.92519838954,-2037.47146512901,21.4130456424843,32.024558911106,49.0310787303047,0.766945634465095,-1338.28002722831,-1337.81316877738,0.00811431842400893,"s-2",7.68079191628376,"meters"
84,1,107.974116437988,"mg CH4 m-2 d-1",21.6572552908971,"mg CH4 m-2 d-1",129.631371728885,"mg CH4 m-2 d-1",6.45131056118354,"mg CO2 m-2 d-1",-715.350181175426,"mg CO2 m-2 d-1",-708.898870614243,"mg CO2 m-2 d-1",53.3040473911423,5.78567860675341,53.6171198892461,4.95969400121531,59.9681354400542,60.1728828688005,104.474013116855,11.3397216953606,105.087623937689,9.72082161672137,117.535385682526,117.936683268796,3.50010332113238,10.3175335955365,24.5418167459622,-3.26951105553783,-832.885566857953,-826.837721037092,212.448129554843,32.9969769862576,234.720926711807,16.1721321779049,-597.8147954929,-590.960020191394,0.012040691737216,"s-2",4.07092715531299,"meters"
98,1,5.6876646336834,"mg CH4 m-2 d-1",8.98844247639052,"mg CH4 m-2 d-1",14.6761071100739,"mg CH4 m-2 d-1",0.325994378553533,"mg CO2 m-2 d-1",1369.71911894638,"mg CO2 m-2 d-1",1370.04511332493,"mg CO2 m-2 d-1",1.98531809656602,0.954784399220288,2.20297553176311,0.161108040291666,89.7333930511179,89.7335376783233,3.89115196712501,1.87134303547248,4.31775270107867,0.315765956591493,175.874218590768,175.874502054882,1.79651266655839,7.11709944091804,10.3582750678182,0.0102284219620406,1193.84490035561,1194.16737947542,9.57881660080841,10.859785511863,18.9939391523296,0.641760335145026,1545.59333753715,1545.92284717444,0.0100016831560594,"s-2",3.36978159620026,"meters"
99,1,0.00417045695160972,"mg CH4 m-2 d-1",19.540174645013,"mg CH4 m-2 d-1",19.5443451019647,"mg CH4 m-2 d-1",0.0843527960805356,"mg CO2 m-2 d-1",633.244971900749,"mg CO2 m-2 d-1",633.329324696829,"mg CO2 m-2 d-1",0.00261420458211123,1.51672569960127,1.51672795250056,0.0528756125734654,125.734100268282,125.734111386309,0.0051237468291576,2.9727277456448,2.97273216124628,0.103634296304485,246.434308154381,246.434329945314,-0.000953289877547884,16.5674468993682,16.5715583150636,-0.0192815002239497,386.810663746368,386.890466379663,0.00929420378076732,22.5129023906578,22.5171318888658,0.187987092385021,879.679280055129,879.768183013995,0.0106561358865149,"s-2",4.30441451800424,"meters"
999,1,10.4817559757386,"mg CH4 m-2 d-1",14.0627898623308,"mg CH4 m-2 d-1",24.5445458380695,"mg CH4 m-2 d-1",0.0687444456952635,"mg CO2 m-2 d-1",1428.04932965552,"mg CO2 m-2 d-1",1428.11807410121,"mg CO2 m-2 d-1",8.17490341246664,1.43876099027673,8.30054690910791,0.04760872839124,552.483673714391,552.483675765666,16.0225162655282,2.81991972330357,16.2687729938368,0.0933113929965799,1082.84810252659,1082.84810654701,-5.54076028978958,11.2428701390273,8.27547389621797,-0.0245669473013164,345.201227128932,345.250069600508,26.5042722412668,16.8827095856344,40.813617779921,0.162055838691843,2510.8974321821,2510.98607860192,0.00101729367661082,"s-2",37.4164995476731,"meters"
69,1,1.67526495346906,"mg CH4 m-2 d-1",3.79924026077612,"mg CH4 m-2 d-1",5.47450521424517,"mg CH4 m-2 d-1",0.0841444923617539,"mg CO2 m-2 d-1",1514.5417749698,"mg CO2 m-2 d-1",1514.62591946216,"mg CO2 m-2 d-1",0.56837533471856,0.248758043549497,0.620428146804293,0.0194444604481355,94.8920521616262,94.8920541538217,NA,NA,NA,NA,NA,NA,0.561249297420678,3.3116744954191,4.25846604650876,0.0460333498834083,1328.55335273301,1328.63749332067,2.78928060951743,4.28680602613313,6.69054438198159,0.122255634840099,1700.53019720659,1700.61434560365,0.00134268033751226,"s-2",18.5105614234992,"meters"
70,1,1.14556825046808,"mg CH4 m-2 d-1",5.85125156818404,"mg CH4 m-2 d-1",6.99681981865212,"mg CH4 m-2 d-1",0.28623255587955,"mg CO2 m-2 d-1",3341.27134388497,"mg CO2 m-2 d-1",3341.55757644085,"mg CO2 m-2 d-1",0.713774565940744,0.347059701667614,0.793677873891865,0.123199656135324,193.178605976319,193.178645261605,NA,NA,NA,NA,NA,NA,-0.25342989877578,5.17101455291551,5.44121118582406,0.0447612298543157,2962.64127617139,2962.92743172811,2.54456639971194,6.53148858345256,8.55242845148017,0.527703881904784,3719.90141159856,3720.1877211536,0.0012737164632686,"s-2",13.3886879014057,"meters"
