"lake_id","nid_id","name","value","units"
3,NA,"nla17_site_id","NLA17_TX-10007",NA
3,NA,"nla12_site_id","NLA12_TX-113",NA
3,NA,"nla07_site_id","NLA06608-1560",NA
3,NA,"nhdplus_comid","1010832",NA
3,NA,"gnis_id","1375468",NA
3,NA,"lagoslakeid","405739",NA
3,NA,"hylak_id","9462",NA
3,NA,"grand_id","1186",NA
3,NA,"nhdplus_comid","1010928",NA
4,"LA00031","nla17_site_id","NLA17_LA-10002",NA
4,"LA00031","nla12_site_id","NLA12_LA-105",NA
4,"LA00031","nla07_site_id","NLA06608-2823",NA
4,"LA00031","nhdplus_comid","19918180",NA
4,"LA00031","gnis_id","554093",NA
4,"LA00031","lagoslakeid","405745",NA
4,"LA00031","hylak_id","113773",NA
4,"LA00031","grand_id","1265",NA
11,"TX00583","nla17_site_id","NLA17_TX-10010",NA
11,"TX00583","nla12_site_id","NLA12_TX-137",NA
11,"TX00583","nla07_site_id","NLA06608-TX:19",NA
11,"TX00583","nhdplus_comid","4452402",NA
11,"TX00583","gnis_id","1855387",NA
11,"TX00583","lagoslakeid","415369",NA
11,"TX00583","hylak_id","113707",NA
11,"TX00583","grand_id","1241",NA
18,"LA00046","nla17_site_id","NLA17_LA-10006",NA
18,"LA00046","nla12_site_id","NLA12_LA-152",NA
18,"LA00046","nhdplus_comid","15138463",NA
18,"LA00046","gnis_id","556751",NA
18,"LA00046","lagoslakeid","303903",NA
18,"LA00046","hylak_id","113825",NA
99,"AR00534","nla17_site_id","NLA17_AR-10002",NA
99,"AR00534","nla22_site_id","NES22-10107",NA
99,"AR00534","nla12_site_id","NLA12_AR-103",NA
99,"AR00534","nla07_site_id","NLA06608-1204",NA
99,"AR00534","nhdplus_comid","167794922",NA
99,"AR00534","lagoslakeid","292666",NA
99,"AR00534","hylak_id","9387",NA
99,"AR00534","grand_id","1116",NA
100,"MO30314","nla17_site_id","NLA17_MO-10005",NA
100,"MO30314","nla12_site_id","NLA12_MO-104",NA
100,"MO30314","nhdplus_comid","729879",NA
100,"MO30314","lagoslakeid","28694",NA
100,"MO30314","hylak_id","1058745",NA
136,NA,"nla17_site_id","NLA17_MO-10006",NA
136,NA,"nla12_site_id","NLA12_MO-108",NA
136,NA,"nhdplus_comid","7557711",NA
136,NA,"gnis_id","763685",NA
136,NA,"lagoslakeid","54020",NA
136,NA,"hylak_id","1059628",NA
146,"OK10316","nla17_site_id","NLA17_OK-10007",NA
146,"OK10316","nla12_site_id","NLA12_OK-106",NA
146,"OK10316","nla07_site_id","NLA06608-4056",NA
146,"OK10316","nhdplus_comid","389774",NA
146,"OK10316","gnis_id","1751417",NA
146,"OK10316","lagoslakeid","390029",NA
146,"OK10316","hylak_id","9331",NA
146,"OK10316","grand_id","1050",NA
147,NA,"nla17_site_id","NLA17_OK-10009",NA
147,NA,"nla22_site_id","NLA22_OK-10120",NA
147,NA,"nla12_site_id","NLA12_OK-119",NA
147,NA,"nla07_site_id","NLA06608-0856",NA
147,NA,"nhdplus_comid","19959244",NA
147,NA,"lagoslakeid","396235",NA
147,NA,"hylak_id","113170",NA
148,"OK10309","nla17_site_id","NLA17_OK-10002",NA
148,"OK10309","nla12_site_id","NLA12_OK-103",NA
148,"OK10309","nhdplus_comid","493024",NA
148,"OK10309","gnis_id","1095117",NA
148,"OK10309","lagoslakeid","378906",NA
148,"OK10309","hylak_id","9328",NA
148,"OK10309","grand_id","1048",NA
148,"OK10309","nhdplus_comid","20971700",NA
166,NA,"nla17_site_id","NLA17_KS-10001",NA
166,NA,"nla12_site_id","NLA12_KS-101",NA
166,NA,"nhdplus_comid","5925122",NA
166,NA,"lagoslakeid","367833",NA
167,"OK02537","nla17_site_id","NLA17_OK-10003",NA
167,"OK02537","nla12_site_id","NLA12_OK-105",NA
167,"OK02537","nla07_site_id","NLA06608-4472",NA
167,"OK02537","nhdplus_comid","167300171",NA
167,"OK02537","gnis_id","1096356",NA
167,"OK02537","lagoslakeid","389511",NA
167,"OK02537","hylak_id","112917",NA
167,"OK02537","grand_id","1068",NA
184,"OK00157","nla17_site_id","NLA17_OK-10005",NA
184,"OK00157","nla12_site_id","NLA12_OK-132",NA
184,"OK00157","nla07_site_id","NLA06608-4382",NA
184,"OK00157","nhdplus_comid","19956504",NA
184,"OK00157","lagoslakeid","399996",NA
186,"CO00215","nla17_site_id","NLA17_CO-10002",NA
186,"CO00215","nla12_site_id","NLA12_CO-111",NA
186,"CO00215","nla07_site_id","NLA06608-1851",NA
186,"CO00215","nhdplus_comid","2888348",NA
186,"CO00215","gnis_id","178708",NA
186,"CO00215","lagoslakeid","361292",NA
186,"CO00215","hylak_id","112156",NA
186,"CO00215","grand_id","495",NA
190,"OK02570","nla17_site_id","NLA17_OK-10004",NA
190,"OK02570","nla12_site_id","NLA12_OK-109",NA
190,"OK02570","nla07_site_id","NLA06608-0824",NA
190,"OK02570","nhdplus_comid","846154",NA
190,"OK02570","gnis_id","1090304",NA
190,"OK02570","lagoslakeid","386238",NA
190,"OK02570","hylak_id","112769",NA
190,"OK02570","grand_id","1024",NA
206,"KS02555","nla17_site_id","NLA17_KS-10007",NA
206,"KS02555","nla12_site_id","NLA12_KS-125",NA
206,"KS02555","nhdplus_comid","2254441",NA
206,"KS02555","gnis_id","478584",NA
206,"KS02555","lagoslakeid","125419",NA
206,"KS02555","hylak_id","112363",NA
206,"KS02555","grand_id","966",NA
13,"DE00044","nla17_site_id","NLA17_DE-10002",NA
13,"DE00044","nla12_site_id","NLA12_DE-103",NA
13,"DE00044","nla07_site_id","NLA06608-2333",NA
13,"DE00044","nhdplus_comid","8390734",NA
13,"DE00044","gnis_id","213824",NA
13,"DE00044","lagoslakeid","147878",NA
13,"DE00044","hylak_id","1057586",NA
13,"DE00044","nhdplus_comid","9437967",NA
17,NA,"nla17_site_id","NLA17_FL-10042",NA
17,NA,"nhdplus_comid","71542",NA
17,NA,"lagoslakeid","200658",NA
46,"NJ00687","nla17_site_id","NLA17_NJ-10004",NA
46,"NJ00687","nla12_site_id","NLA12_NJ-131",NA
46,"NJ00687","nhdplus_comid","9435755",NA
46,"NJ00687","gnis_id","883938",NA
46,"NJ00687","lagoslakeid","123565",NA
46,"NJ00687","hylak_id","1056710",NA
47,"NJ00458","nla17_site_id","NLA17_NJ-10003",NA
47,"NJ00458","nla12_site_id","NLA12_NJ-104",NA
47,"NJ00458","nla07_site_id","NLA06608-0013",NA
47,"NJ00458","nhdplus_comid","4489312",NA
47,"NJ00458","lagoslakeid","30086",NA
47,"NJ00458","hylak_id","1056048",NA
47,"NJ00458","nhdplus_comid","4489294",NA
47,"NJ00458","gnis_id","878414",NA
47,"NJ00458","nhdplus_comid","4489298",NA
49,"NJ00422","nla17_site_id","NLA17_NJ-10005",NA
49,"NJ00422","nla12_site_id","NLA12_NJ-108",NA
49,"NJ00422","nhdplus_comid","4489532",NA
49,"NJ00422","lagoslakeid","1420",NA
54,"OH00619","nla17_site_id","NLA17_OH-10024",NA
54,"OH00619","nla12_site_id","NLA12_OH-136",NA
54,"OH00619","nhdplus_comid","15595957",NA
54,"OH00619","gnis_id","1070946",NA
54,"OH00619","lagoslakeid","2414",NA
54,"OH00619","hylak_id","1054666",NA
55,"OH00637","nla17_site_id","NLA17_OH-10027",NA
55,"OH00637","nla22_site_id","NLA22_OH-10018",NA
55,"OH00637","nhdplus_comid","19386918",NA
55,"OH00637","gnis_id","1078733",NA
55,"OH00637","lagoslakeid","2039",NA
67,NA,"nla17_site_id","NLA17_MT-10036",NA
67,NA,"nla12_site_id","NLA12_MT-161",NA
67,NA,"nhdplus_comid","12461540",NA
67,NA,"gnis_id","771517",NA
67,NA,"lagoslakeid","323994",NA
67,NA,"hylak_id","104407",NA
68,"ND00149","nla17_site_id","NLA17_ND-10021",NA
68,"ND00149","nla12_site_id","NLA12_ND-131",NA
68,"ND00149","nhdplus_comid","16237597",NA
68,"ND00149","gnis_id","1032544",NA
68,"ND00149","lagoslakeid","341692",NA
68,"ND00149","hylak_id","8643",NA
68,"ND00149","grand_id","798",NA
71,"MT00577","nla17_site_id","NLA17_MT-10001",NA
71,"MT00577","nla12_site_id","NLA12_MT-104",NA
71,"MT00577","nla07_site_id","NLA06608-0378",NA
71,"MT00577","nhdplus_comid","12394688",NA
71,"MT00577","gnis_id","801708",NA
71,"MT00577","lagoslakeid","319208",NA
71,"MT00577","hylak_id","105301",NA
71,"MT00577","grand_id","320",NA
72,"MT00574","nla17_site_id","NLA17_MT-10003",NA
72,"MT00574","nla12_site_id","NLA12_MT-109",NA
72,"MT00574","nla07_site_id","NLA06608-0240",NA
72,"MT00574","nhdplus_comid","167204935",NA
72,"MT00574","gnis_id","774584",NA
72,"MT00574","lagoslakeid","323197",NA
72,"MT00574","hylak_id","8297",NA
72,"MT00574","grand_id","295",NA
75,"SD01173","nla17_site_id","NLA17_SD-10052",NA
75,"SD01173","nla12_site_id","NLA12_SD-143",NA
75,"SD01173","nhdplus_comid","16131367",NA
75,"SD01173","lagoslakeid","346238",NA
76,"MT01354","nla12_site_id","NLA12_MT-113",NA
76,"MT01354","nhdplus_comid","12744019",NA
76,"MT01354","gnis_id","771249",NA
76,"MT01354","lagoslakeid","318415",NA
76,"MT01354","hylak_id","104709",NA
76,"MT01354","nla17_site_id","NLA17_MT-10007",NA
77,"MT00021","nla12_site_id","NLA12_MT-160",NA
77,"MT00021","nhdplus_comid","4061192",NA
77,"MT00021","gnis_id","770196",NA
77,"MT00021","lagoslakeid","325238",NA
77,"MT00021","hylak_id","1031968",NA
77,"MT00021","nla17_site_id","NLA17_MT-10013",NA
78,NA,"nla17_site_id","NLA17_SD-10016",NA
78,NA,"nla12_site_id","NLA12_SD-168",NA
78,NA,"nhdplus_comid","11251122",NA
78,NA,"gnis_id","1266445",NA
78,NA,"lagoslakeid","343711",NA
78,NA,"hylak_id","1037404",NA
79,"SD00043","nla17_site_id","NLA17_SD-10015",NA
79,"SD00043","nla12_site_id","NLA12_SD-147",NA
79,"SD00043","nhdplus_comid","11666754",NA
79,"SD00043","gnis_id","1257454",NA
79,"SD00043","lagoslakeid","349348",NA
79,"SD00043","hylak_id","1048970",NA
83,"IN03001","nla17_site_id","NLA17_IN-10009",NA
83,"IN03001","nla22_site_id","NES22-10087",NA
83,"IN03001","nla12_site_id","NLA12_IN-115",NA
83,"IN03001","nla07_site_id","NLA06608-0212",NA
83,"IN03001","nhdplus_comid","18443736",NA
83,"IN03001","lagoslakeid","3651",NA
83,"IN03001","hylak_id","9229",NA
83,"IN03001","grand_id","1684",NA
83,"IN03001","nhdplus_comid","166899251",NA
83,"IN03001","gnis_id","451234",NA
101,"OH00507","nla17_site_id","NLA17_OH-10003",NA
101,"OH00507","nla12_site_id","NLA12_OH-127",NA
101,"OH00507","nhdplus_comid","3484673",NA
101,"OH00507","gnis_id","1078504",NA
101,"OH00507","lagoslakeid","3253",NA
101,"OH00507","hylak_id","1057141",NA
103,"MD00139","nla17_site_id","NLA17_MD-10026",NA
103,"MD00139","nla22_site_id","NLA22_MD-10022",NA
103,"MD00139","nla07_site_id","NLA06608-R31",NA
103,"MD00139","nhdplus_comid","125914857",NA
103,"MD00139","lagoslakeid","142983",NA
103,"MD00139","hylak_id","1056731",NA
116,NA,"nla17_site_id","NLA17_WV-10004",NA
116,NA,"nla12_site_id","NLA12_WV-112",NA
116,NA,"nhdplus_comid","19314376",NA
116,NA,"lagoslakeid","259224",NA
149,"NE01077","nla17_site_id","NLA17_NE-10029",NA
149,"NE01077","nla22_site_id","NES22-10144",NA
149,"NE01077","nla12_site_id","NLA12_NE-114",NA
149,"NE01077","nla07_site_id","NLA06608-2740",NA
149,"NE01077","nhdplus_comid","17373390",NA
149,"NE01077","gnis_id","834983",NA
149,"NE01077","lagoslakeid","364887",NA
149,"NE01077","hylak_id","111804",NA
149,"NE01077","grand_id","912",NA
149,"NE01077","nhdplus_comid","17373392",NA
155,"NE01075","nla17_site_id","NLA17_NE-10007",NA
155,"NE01075","nla12_site_id","NLA12_NE-160",NA
155,"NE01075","nhdplus_comid","17508468",NA
155,"NE01075","gnis_id","831339",NA
155,"NE01075","lagoslakeid","358471",NA
155,"NE01075","hylak_id","111553",NA
155,"NE01075","grand_id","904",NA
157,"NM00245","nla17_site_id","NLA17_NM-10003",NA
157,"NM00245","nla12_site_id","NLA12_NM-160",NA
157,"NM00245","nhdplus_comid","20814160",NA
157,"NM00245","lagoslakeid","448036",NA
157,"NM00245","hylak_id","112888",NA
157,"NM00245","grand_id","611",NA
159,NA,"nla17_site_id","NLA17_CO-10050",NA
159,NA,"nla22_site_id","NLA22_CO-10036",NA
159,NA,"nhdplus_comid","188011",NA
159,NA,"lagoslakeid","359874",NA
159,NA,"hylak_id","1056529",NA
165,NA,"nla17_site_id","NLA17_CO-10057",NA
165,NA,"nla22_site_id","NLA22_CO-10043",NA
165,NA,"nhdplus_comid","167246042",NA
165,NA,"lagoslakeid","361422",NA
165,NA,"hylak_id","1055507",NA
188,"NM00124","nla17_site_id","NLA17_NM-10022",NA
188,"NM00124","nla22_site_id","NLA22_NM-10013",NA
188,"NM00124","nla07_site_id","NLA06608-1380",NA
188,"NM00124","nhdplus_comid","20064419",NA
188,"NM00124","gnis_id","923893",NA
188,"NM00124","lagoslakeid","386846",NA
188,"NM00124","hylak_id","112776",NA
191,"IA01339","nla17_site_id","NLA17_IA-10007",NA
191,"IA01339","nla12_site_id","NLA12_IA-127",NA
191,"IA01339","nhdplus_comid","5798096",NA
191,"IA01339","gnis_id","461470",NA
191,"IA01339","lagoslakeid","19195",NA
191,"IA01339","hylak_id","1055205",NA
195,"IL00566","nla17_site_id","NLA17_IL-10011",NA
195,"IL00566","nla22_site_id","NLA22_IL-10005",NA
195,"IL00566","nhdplus_comid","13435489",NA
195,"IL00566","gnis_id","413721",NA
195,"IL00566","lagoslakeid","6765",NA
204,"OH00469","nla17_site_id","NLA17_OH-10007",NA
204,"OH00469","nla12_site_id","NLA12_OH-112",NA
204,"OH00469","nhdplus_comid","15610820",NA
204,"OH00469","gnis_id","1078434",NA
204,"OH00469","lagoslakeid","3695",NA
204,"OH00469","hylak_id","1054453",NA
205,NA,"nla17_site_id","NLA17_IN-10141",NA
205,NA,"nhdplus_comid","3397968",NA
205,NA,"lagoslakeid","50112",NA
205,NA,"hylak_id","1053681",NA
207,NA,"nla17_site_id","NLA17_IL-10004",NA
207,NA,"nla12_site_id","NLA12_IL-114",NA
207,NA,"nhdplus_comid","13583718",NA
207,NA,"lagoslakeid","6445",NA
207,NA,"hylak_id","1055540",NA
208,"IL01147","nla17_site_id","NLA17_IL-10009",NA
208,"IL01147","nla07_site_id","NLA06608-1724",NA
208,"IL01147","nhdplus_comid","13604166",NA
208,"IL01147","gnis_id","1692499",NA
208,"IL01147","lagoslakeid","6573",NA
209,"KY00858","nla22_site_id","NLA22_KY-10018",NA
209,"KY00858","nhdplus_comid","11895232",NA
209,"KY00858","lagoslakeid","262225",NA
209,"KY00858","hylak_id","1058994",NA
209,"KY00858","nla17_site_id","NLA17_KY-10023",NA
210,"IN00791","nla17_site_id","NLA17_IN-10171",NA
210,"IN00791","nhdplus_comid","13435569",NA
210,"IN00791","lagoslakeid","135533",NA
210,"IN00791","hylak_id","1054250",NA
211,"OH00439","nla17_site_id","NLA17_OH-10013",NA
211,"OH00439","nla22_site_id","NLA22_OH-10005",NA
211,"OH00439","nhdplus_comid","3483393",NA
211,"OH00439","gnis_id","1042876",NA
211,"OH00439","lagoslakeid","2097",NA
211,"OH00439","hylak_id","1056158",NA
214,"IL00511","nla17_site_id","NLA17_IL-10013",NA
214,"IL00511","nla22_site_id","NLA22_IL-10007",NA
214,"IL00511","nhdplus_comid","13570445",NA
214,"IL00511","gnis_id","421484",NA
214,"IL00511","lagoslakeid","6522",NA
230,"IN00189","nla17_site_id","NLA17_IN-10002",NA
230,"IN00189","nla12_site_id","NLA12_IN-104",NA
230,"IN00189","nla07_site_id","NLA06608-2916",NA
230,"IN00189","nhdplus_comid","10107773",NA
230,"IN00189","lagoslakeid","88820",NA
230,"IN00189","hylak_id","1058041",NA
231,"SD00016","nla17_site_id","NLA17_SD-10112",NA
231,"SD00016","nla22_site_id","NLA22_SD-10088",NA
231,"SD00016","nhdplus_comid","12555002",NA
231,"SD00016","lagoslakeid","353133",NA
231,"SD00016","hylak_id","108901",NA
231,"SD00016","grand_id","848",NA
231,"SD00016","lagoslakeid","351297",NA
231,"SD00016","nhdplus_comid","12555004",NA
231,"SD00016","gnis_id","1256961",NA
231,"SD00016","nhdplus_comid","12554996",NA
232,"ND00189","nla17_site_id","NLA17_ND-10126",NA
232,"ND00189","nla22_site_id","NLA22_ND-10101",NA
232,"ND00189","nhdplus_comid","14278116",NA
232,"ND00189","lagoslakeid","315741",NA
232,"ND00189","hylak_id","104950",NA
232,"ND00189","nhdplus_comid","14278128",NA
232,"ND00189","nhdplus_comid","14278148",NA
233,"WI00707","nla17_site_id","NLA17_WI-10010",NA
233,"WI00707","nla12_site_id","NLA12_WI-173",NA
233,"WI00707","nhdplus_comid","13652598",NA
233,"WI00707","gnis_id","1792896",NA
233,"WI00707","lagoslakeid","4900",NA
233,"WI00707","hylak_id","110902",NA
233,"WI00707","grand_id","892",NA
234,NA,"nla17_site_id","NLA17_MI-10007",NA
234,NA,"nla12_site_id","NLA12_MI-112",NA
234,NA,"nla07_site_id","NLA06608-0363",NA
234,NA,"nhdplus_comid","15677567",NA
234,NA,"lagoslakeid","3582",NA
234,NA,"hylak_id","111537",NA
235,"IN00383","nla17_site_id","NLA17_IN-10010",NA
235,"IN00383","nla12_site_id","NLA12_IN-149",NA
235,"IN00383","nhdplus_comid","167552428",NA
235,"IN00383","gnis_id","444518",NA
235,"IN00383","lagoslakeid","2898",NA
235,"IN00383","hylak_id","111733",NA
236,"IA01077","nla17_site_id","NLA17_IA-10034",NA
236,"IA01077","nhdplus_comid","13308673",NA
236,"IA01077","gnis_id","459018",NA
236,"IA01077","lagoslakeid","5414",NA
236,"IA01077","hylak_id","1049046",NA
237,NA,"nla17_site_id","NLA17_WI-10013",NA
237,NA,"nla12_site_id","NLA12_WI-157",NA
237,NA,"nhdplus_comid","13205684",NA
237,NA,"gnis_id","1834495",NA
237,NA,"lagoslakeid","5006",NA
237,NA,"hylak_id","1048247",NA
240,"SD02152","nla17_site_id","NLA17_SD-10009",NA
240,"SD02152","nla12_site_id","NLA12_SD-107",NA
240,"SD02152","nla07_site_id","NLA06608-0979",NA
240,"SD02152","nhdplus_comid","14395602",NA
240,"SD02152","gnis_id","1267048",NA
240,"SD02152","lagoslakeid","337055",NA
240,"SD02152","hylak_id","1047730",NA
247,"NM00122","nhdplus_comid","17843236",NA
247,"NM00122","gnis_id","923891",NA
247,"NM00122","lagoslakeid","447742",NA
247,"NM00122","hylak_id","9301",NA
247,"NM00122","grand_id","603",NA
247,"NM00122","nla17_site_id","NLA17_NM-10049",NA
250,NA,"nla17_site_id","NLA17_MT-10014",NA
250,NA,"nla12_site_id","NLA12_MT-124",NA
250,NA,"nhdplus_comid","24315765",NA
250,NA,"gnis_id","782895",NA
250,NA,"lagoslakeid","457983",NA
250,NA,"hylak_id","107881",NA
250,NA,"grand_id","344",NA
264,"CO00812","nla17_site_id","NLA17_CO-10037",NA
264,"CO00812","nla22_site_id","NLA22_CO-10023",NA
264,"CO00812","nhdplus_comid","17905661",NA
264,"CO00812","gnis_id","199649",NA
264,"CO00812","lagoslakeid","446976",NA
264,"CO00812","hylak_id","1058547",NA
276,"UT10142","nla17_site_id","NLA17_UT-10009",NA
276,"UT10142","nla22_site_id","NLA22_UT-10125",NA
276,"UT10142","nla12_site_id","NLA12_UT-196",NA
276,"UT10142","nhdplus_comid","3906261",NA
276,"UT10142","gnis_id","1447806",NA
276,"UT10142","lagoslakeid","452903",NA
276,"UT10142","hylak_id","1056355",NA
281,"MT01166","nla17_site_id","NLA17_MT-10101",NA
281,"MT01166","nla22_site_id","NLA22_MT-10091",NA
281,"MT01166","nhdplus_comid","24331578",NA
281,"MT01166","gnis_id","796284",NA
281,"MT01166","lagoslakeid","459210",NA
281,"MT01166","hylak_id","1030644",NA
328,"WY01282","nla17_site_id","NLA17_WY-10005",NA
328,"WY01282","nla12_site_id","NLA12_WY-131",NA
328,"WY01282","nhdplus_comid","3192814",NA
328,"WY01282","gnis_id","1590318",NA
328,"WY01282","lagoslakeid","450981",NA
328,"WY01282","hylak_id","1052513",NA
1,NA,"nhdplus_comid","21677972",NA
1,NA,"lagoslakeid","244053",NA
1,NA,"hylak_id","113618",NA
1,NA,"nla17_site_id","NLA17_AL-10003",NA
2,"MS01496","nla17_site_id","NLA17_MS-10002",NA
2,"MS01496","nla12_site_id","NLA12_MS-107",NA
2,"MS01496","nla07_site_id","NLA06608-0432",NA
2,"MS01496","nhdplus_comid","15252778",NA
2,"MS01496","gnis_id","690215",NA
2,"MS01496","lagoslakeid","287042",NA
2,"MS01496","hylak_id","9378",NA
2,"MS01496","grand_id","1101",NA
14,NA,"nla17_site_id","NLA17_MS-10015",NA
14,NA,"nla12_site_id","NLA12_MS-102",NA
14,NA,"nla07_site_id","NLA06608-0812",NA
14,NA,"nhdplus_comid","19139667",NA
14,NA,"hylak_id","1064609",NA
84,"TN03707","nla17_site_id","NLA17_TN-10004",NA
84,"TN03707","nla12_site_id","NLA12_TN-119",NA
84,"TN03707","nhdplus_comid","18407394",NA
84,"TN03707","gnis_id","1292729",NA
84,"TN03707","lagoslakeid","270107",NA
117,"GA06143","nla17_site_id","NLA17_GA-10023",NA
117,"GA06143","nla22_site_id","NLA22_GA-10012",NA
117,"GA06143","nhdplus_comid","6495242",NA
117,"GA06143","gnis_id","310382",NA
117,"GA06143","lagoslakeid","243038",NA
117,"GA06143","hylak_id","9403",NA
117,"GA06143","grand_id","1862",NA
51,"MA00970","nla17_site_id","NLA17_MA-10004",NA
51,"MA00970","nla12_site_id","NLA12_MA-105",NA
51,"MA00970","nhdplus_comid","9343025",NA
51,"MA00970","gnis_id","617920",NA
51,"MA00970","lagoslakeid","127944",NA
51,"MA00970","hylak_id","1050358",NA
52,NA,"nla17_site_id","NLA17_CT-10010",NA
52,NA,"nla22_site_id","NLA22_CT-10009",NA
52,NA,"nla07_site_id","NLA06608-1010",NA
52,NA,"nhdplus_comid","120052268",NA
52,NA,"lagoslakeid","7429",NA
53,"CT00473","nla17_site_id","NLA17_CT-10004",NA
53,"CT00473","nla12_site_id","NLA12_CT-103",NA
53,"CT00473","nla07_site_id","NLA06608-0006",NA
53,"CT00473","nhdplus_comid","7711476",NA
53,"CT00473","gnis_id","209057",NA
53,"CT00473","lagoslakeid","76789",NA
53,"CT00473","hylak_id","1053336",NA
57,"RI02501","nla17_site_id","NLA17_RI-10002",NA
57,"RI02501","nla22_site_id","NES22-10006",NA
57,"RI02501","nla12_site_id","NLA12_RI-103",NA
57,"RI02501","nla07_site_id","NLA06608-0690",NA
57,"RI02501","nhdplus_comid","6117396",NA
57,"RI02501","gnis_id","1218849",NA
57,"RI02501","lagoslakeid","7460",NA
57,"RI02501","hylak_id","1052360",NA
57,"RI02501","nhdplus_comid","6117428",NA
64,"CT00598","nla17_site_id","NLA17_CT-10005",NA
64,"CT00598","nla12_site_id","NLA12_CT-126",NA
64,"CT00598","nhdplus_comid","6161203",NA
64,"CT00598","gnis_id","1771346",NA
64,"CT00598","lagoslakeid","6582",NA
64,"CT00598","hylak_id","1052823",NA
65,"VT00116","nla17_site_id","NLA17_VT-10019",NA
65,"VT00116","nla22_site_id","NLA22_VT-10013",NA
65,"VT00116","nhdplus_comid","6777539",NA
65,"VT00116","lagoslakeid","5519",NA
66,"MA00815","nla17_site_id","NLA17_MA-10002",NA
66,"MA00815","nla12_site_id","NLA12_MA-102",NA
66,"MA00815","nhdplus_comid","6126713",NA
66,"MA00815","gnis_id","612499",NA
66,"MA00815","lagoslakeid","73599",NA
238,"OR00589","nla17_site_id","NLA17_OR-10003",NA
238,"OR00589","nla12_site_id","NLA12_OR-112",NA
238,"OR00589","nla07_site_id","NLA06608-0933",NA
238,"OR00589","nhdplus_comid","23422703",NA
238,"OR00589","gnis_id","1117569",NA
238,"OR00589","lagoslakeid","464740",NA
238,"OR00589","hylak_id","110691",NA
238,"OR00589","grand_id","383",NA
239,"OR00577","nla12_site_id","NLA12_OR-105",NA
239,"OR00577","nla07_site_id","NLA06608-0881",NA
239,"OR00577","nhdplus_comid","24215523",NA
239,"OR00577","gnis_id","1132099",NA
239,"OR00577","lagoslakeid","464221",NA
239,"OR00577","hylak_id","109970",NA
239,"OR00577","grand_id","367",NA
239,"OR00577","nla17_site_id","NLA17_OR-10006",NA
249,"OR00581","nla17_site_id","NLA17_OR-10004",NA
249,"OR00581","nla12_site_id","NLA12_OR-113",NA
249,"OR00581","nhdplus_comid","23934034",NA
249,"OR00581","gnis_id","1120500",NA
249,"OR00581","lagoslakeid","469968",NA
249,"OR00581","hylak_id","111445",NA
249,"OR00581","grand_id","114",NA
253,"ID00255","nla17_site_id","NLA17_ID-10001",NA
253,"ID00255","nla12_site_id","NLA12_ID-101",NA
253,"ID00255","nla07_site_id","NLA06608-3121",NA
253,"ID00255","nhdplus_comid","24189308",NA
253,"ID00255","gnis_id","397875",NA
253,"ID00255","lagoslakeid","464872",NA
253,"ID00255","hylak_id","109578",NA
263,NA,"nla17_site_id","NLA17_WA-10006",NA
263,NA,"nla12_site_id","NLA12_WA-106",NA
263,NA,"nla07_site_id","NLA06608-0721",NA
263,NA,"nhdplus_comid","24252344",NA
263,NA,"gnis_id","1529467",NA
263,NA,"lagoslakeid","467585",NA
263,NA,"hylak_id","1026592",NA
265,"ID00146","nla17_site_id","NLA17_ID-10168",NA
265,"ID00146","nhdplus_comid","23634788",NA
265,"ID00146","gnis_id","381368",NA
265,"ID00146","lagoslakeid","466359",NA
265,"ID00146","hylak_id","1023145",NA
287,"OR00582","nla17_site_id","NLA17_OR-10060",NA
287,"OR00582","nla22_site_id","NLA22_OR-10042",NA
287,"OR00582","nhdplus_comid","120052938",NA
287,"OR00582","gnis_id","1125099",NA
287,"OR00582","lagoslakeid","464222",NA
287,"OR00582","hylak_id","9050",NA
287,"OR00582","grand_id","386",NA
302,"ID00233","nla17_site_id","NLA17_ID-10032",NA
302,"ID00233","nla12_site_id","NLA12_ID-214",NA
302,"ID00233","nhdplus_comid","23192245",NA
302,"ID00233","lagoslakeid","463792",NA
302,"ID00233","hylak_id","111430",NA
308,"WA00321","nla17_site_id","NLA17_WA-10002",NA
308,"WA00321","nla12_site_id","NLA12_WA-111",NA
308,"WA00321","nla07_site_id","NLA06608-2833",NA
308,"WA00321","nhdplus_comid","23078085",NA
308,"WA00321","gnis_id","1527791",NA
308,"WA00321","lagoslakeid","461289",NA
308,"WA00321","hylak_id","1003151",NA
323,"ID00024","nhdplus_comid","23265324",NA
323,"ID00024","gnis_id","397930",NA
323,"ID00024","lagoslakeid","463336",NA
323,"ID00024","hylak_id","111024",NA
323,"ID00024","nla17_site_id","NLA17_ID-10175",NA
331,NA,"nla17_site_id","NLA17_ID-10007",NA
331,NA,"nla12_site_id","NLA12_ID-166",NA
331,NA,"nhdplus_comid","24566893",NA
331,NA,"lagoslakeid","463086",NA
331,NA,"hylak_id","1049284",NA
999,"WA00173","nla17_site_id","NLA17_WA-10038",NA
999,"WA00173","nla12_site_id","NLA12_WA-151",NA
999,"WA00173","nhdplus_comid","24260671",NA
999,"WA00173","gnis_id","1516055",NA
999,"WA00173","lagoslakeid","471746",NA
999,"WA00173","hylak_id","8279",NA
999,"WA00173","grand_id","43",NA
10,NA,"nla17_site_id","NLA17_FL-10030",NA
10,NA,"nla22_site_id","NLA22_FL-10019",NA
10,NA,"nhdplus_comid","56038",NA
10,NA,"lagoslakeid","201797",NA
10,NA,"nhdplus_comid","56050",NA
10,NA,"nhdplus_comid","56068",NA
10,NA,"nhdplus_comid","56090",NA
16,"VA095009","nla17_site_id","NLA17_VA-10002",NA
16,"VA095009","nla12_site_id","NLA12_VA-106",NA
16,"VA095009","nla07_site_id","NLA06608-0221",NA
16,"VA095009","nhdplus_comid","10062717",NA
16,"VA095009","gnis_id","1502049",NA
16,"VA095009","lagoslakeid","145909",NA
44,"SC00028","nla17_site_id","NLA17_SC-10027",NA
44,"SC00028","nhdplus_comid","9164888",NA
44,"SC00028","gnis_id","1222305",NA
44,"SC00028","lagoslakeid","157615",NA
44,"SC00028","hylak_id","1061366",NA
45,NA,"nla17_site_id","NLA17_FL-10029",NA
45,NA,"nla22_site_id","NLA22_FL-10018",NA
45,NA,"nhdplus_comid","478125",NA
45,NA,"gnis_id","282740",NA
45,NA,"lagoslakeid","233591",NA
82,"VA153003","nla17_site_id","NLA17_VA-10010",NA
82,"VA153003","nla12_site_id","NLA12_VA-110",NA
82,"VA153003","nhdplus_comid","4528811",NA
82,"VA153003","gnis_id","1502074",NA
82,"VA153003","lagoslakeid","143451",NA
82,"VA153003","hylak_id","1057607",NA
98,"NC01390","nla17_site_id","NLA17_NC-10030",NA
98,"NC01390","nhdplus_comid","12036081",NA
98,"NC01390","lagoslakeid","164519",NA
98,"NC01390","hylak_id","112928",NA
98,"NC01390","grand_id","1805",NA
102,"NC00197","nla17_site_id","NLA17_NC-10004",NA
102,"NC00197","nla12_site_id","NLA12_NC-109",NA
102,"NC00197","nhdplus_comid","22163154",NA
102,"NC00197","gnis_id","1017051",NA
102,"NC00197","lagoslakeid","272935",NA
102,"NC00197","hylak_id","1060692",NA
119,NA,"nla17_site_id","NLA17_VA-10001",NA
119,NA,"nla12_site_id","NLA12_VA-101",NA
119,NA,"nla07_site_id","NLA06608-0045",NA
119,NA,"nhdplus_comid","8606221",NA
119,NA,"gnis_id","1489117",NA
119,NA,"lagoslakeid","146300",NA
137,"WV00707","nla17_site_id","NLA17_WV-10002",NA
137,"WV00707","nla12_site_id","NLA12_WV-102",NA
137,"WV00707","nla07_site_id","NLA06608-0681",NA
137,"WV00707","nhdplus_comid","76669453",NA
137,"WV00707","lagoslakeid","259075",NA
137,"WV00707","hylak_id","112416",NA
137,"WV00707","grand_id","1691",NA
138,NA,"nla17_site_id","NLA17_NC-10023",NA
138,NA,"nla22_site_id","NLA22_NC-10016",NA
138,NA,"nhdplus_comid","8874182",NA
138,NA,"lagoslakeid","156574",NA
138,NA,"hylak_id","1060479",NA
275,"AZ00019","nla17_site_id","NLA17_AZ-10004",NA
275,"AZ00019","nla12_site_id","NLA12_AZ-102",NA
275,"AZ00019","nla07_site_id","NLA06608-0569",NA
275,"AZ00019","nhdplus_comid","20451100",NA
275,"AZ00019","gnis_id","36238",NA
275,"AZ00019","lagoslakeid","454810",NA
275,"AZ00019","hylak_id","1061426",NA
288,"AZ10318","nla17_site_id","NLA17_AZ-10001",NA
288,"AZ10318","nla12_site_id","NLA12_AZ-101",NA
288,"AZ10318","nla07_site_id","NLA06608-0834",NA
288,"AZ10318","nhdplus_comid","20476542",NA
288,"AZ10318","gnis_id","33945",NA
288,"AZ10318","lagoslakeid","454700",NA
288,"AZ10318","hylak_id","113313",NA
288,"AZ10318","grand_id","652",NA
291,"CA01082","nla17_site_id","NLA17_CA-10011",NA
291,"CA01082","nla12_site_id","NLA12_CA-188",NA
291,"CA01082","nhdplus_comid","2803209",NA
291,"CA01082","gnis_id","236920",NA
291,"CA01082","lagoslakeid","480826",NA
291,"CA01082","hylak_id","112601",NA
291,"CA01082","grand_id","208",NA
296,NA,"nla17_site_id","NLA17_CA-10081",NA
296,NA,"nla22_site_id","NLA22_CA-10067",NA
296,NA,"nhdplus_comid","2806007",NA
296,NA,"lagoslakeid","480705",NA
296,NA,"hylak_id","1058713",NA
297,"CA10246","nla17_site_id","NLA17_CA-10009",NA
297,"CA10246","nla12_site_id","NLA12_CA-119",NA
297,"CA10246","nhdplus_comid","342271",NA
297,"CA10246","lagoslakeid","479040",NA
297,"CA10246","hylak_id","9267",NA
297,"CA10246","grand_id","198",NA
297,"CA10246","nhdplus_comid","342321",NA
297,"CA10246","nhdplus_comid","120051899",NA
297,"CA10246","gnis_id","253643",NA
298,"NV10119","nla17_site_id","NLA17_NV-10090",NA
298,"NV10119","nla22_site_id","NLA22_NV-10079",NA
298,"NV10119","nhdplus_comid","23326906",NA
298,"NV10119","gnis_id","862000",NA
298,"NV10119","lagoslakeid","464605",NA
298,"NV10119","hylak_id","9147",NA
298,"NV10119","grand_id","430",NA
316,"AZ10315","nla17_site_id","NLA17_AZ-10041",NA
316,"AZ10315","nla22_site_id","NLA22_AZ-10032",NA
316,"AZ10315","nhdplus_comid","21411459",NA
316,"AZ10315","lagoslakeid","454273",NA
316,"AZ10315","hylak_id","1063576",NA
317,NA,"nla17_site_id","NLA17_CA-10003",NA
317,NA,"nla12_site_id","NLA12_CA-105",NA
317,NA,"nla07_site_id","NLA06608-1269",NA
317,NA,"nhdplus_comid","15033533",NA
317,NA,"gnis_id","224584",NA
317,NA,"lagoslakeid","475176",NA
326,"NV00174","nla17_site_id","NLA17_NV-10243",NA
326,"NV00174","nhdplus_comid","11337345",NA
326,"NV00174","lagoslakeid","457519",NA
326,"NV00174","hylak_id","1057010",NA
326,"NV00174","nhdplus_comid","11337343",NA
327,"NV00120","nla17_site_id","NLA17_NV-10002",NA
327,"NV00120","nla12_site_id","NLA12_NV-103",NA
327,"NV00120","nhdplus_comid","20637202",NA
327,"NV00120","gnis_id","857953",NA
327,"NV00120","lagoslakeid","453698",NA
327,"NV00120","hylak_id","1057841",NA
1000,"PR00022","hylak_id","1072637",NA
70,"SD01093","nla17_site_id","NLA17_SD-10053",NA
70,"SD01093","nla12_site_id","NLA12_SD-183",NA
70,"SD01093","nhdplus_comid","11546104",NA
70,"SD01093","lagoslakeid","345199",NA
70,"SD01093","nhdplus_comid","120053557",NA
70,"SD01093","gnis_id","1255140",NA
70,"SD01093","nhdplus_comid","167245953",NA
69,"SD01095","nla17_site_id","NLA17_SD-10001",NA
69,"SD01095","nla12_site_id","NLA12_SD-101",NA
69,"SD01095","nla07_site_id","NLA06608-0243",NA
69,"SD01095","nhdplus_comid","14496248",NA
69,"SD01095","lagoslakeid","343492",NA
69,"SD01095","lagoslakeid","337264",NA
69,"SD01095","hylak_id","65",NA
69,"SD01095","grand_id","870",NA
69,"SD01095","nhdplus_comid","14496254",NA
69,"SD01095","nhdplus_comid","14489102",NA
69,"SD01095","nhdplus_comid","19242169",NA
69,"SD01095","nhdplus_comid","19247123",NA
69,"SD01095","gnis_id","1266878",NA
69,"SD01095","nhdplus_comid","19247131",NA
69,"SD01095","nhdplus_comid","21833617",NA
69,"SD01095","nhdplus_comid","21833599",NA
69,"SD01095","nhdplus_comid","19251179",NA
1001,"OH00575","nhdplus_comid","3881594",NA
1001,"OH00575","gnis_id","1070657",NA
1001,"OH00575","lagoslakeid","447",NA
1001,"OH00575","hylak_id","112264",NA
1002,"OH00931","nhdplus_comid","5212313",NA
1002,"OH00931","gnis_id","1047931",NA
1002,"OH00931","lagoslakeid","2226",NA
1002,"OH00931","hylak_id","9190",NA
1002,"OH00931","grand_id","1621",NA
1003,"OH00345","nhdplus_comid","15400440",NA
1003,"OH00345","gnis_id","1078224",NA
1003,"OH00345","lagoslakeid","91800",NA
1003,"OH00345","hylak_id","112083",NA
1003,"OH00345","grand_id","1614",NA
1004,"OH00006","nla22_site_id","NES22-10062",NA
1004,"OH00006","nla07_site_id","NLA06608-0863",NA
1004,"OH00006","nhdplus_comid","19387446",NA
1004,"OH00006","lagoslakeid","543",NA
1004,"OH00006","hylak_id","112055",NA
1004,"OH00006","grand_id","1606",NA
1004,"OH00006","nhdplus_comid","19387450",NA
1004,"OH00006","nhdplus_comid","19387452",NA
1004,"OH00006","nhdplus_comid","19387454",NA
1004,"OH00006","gnis_id","1070667",NA
1005,"IN03017","nhdplus_comid","166899200",NA
1005,"IN03017","gnis_id","431588",NA
1005,"IN03017","lagoslakeid","2907",NA
1005,"IN03017","hylak_id","9216",NA
1005,"IN03017","grand_id","1656",NA
1006,"KY03027","nhdplus_comid","486928",NA
1006,"KY03027","gnis_id","511027",NA
1006,"KY03027","lagoslakeid","260192",NA
1006,"KY03027","hylak_id","112676",NA
1006,"KY03027","grand_id","1739",NA
1007,"OH00018","nhdplus_comid","15417757",NA
1007,"OH00018","lagoslakeid","1590",NA
1007,"OH00018","hylak_id","112267",NA
1007,"OH00018","grand_id","1650",NA
1008,"OH00927","nhdplus_comid","166899204",NA
1008,"OH00927","lagoslakeid","2350",NA
1008,"OH00927","hylak_id","9211",NA
1008,"OH00927","grand_id","1655",NA
1009,"KY03056","lagoslakeid","260194",NA
1009,"KY03056","hylak_id","112696",NA
1009,"KY03056","grand_id","1744",NA
1010,"KY03055","nhdplus_comid","166830448",NA
1010,"KY03055","gnis_id","516671",NA
1010,"KY03055","lagoslakeid","260193",NA
1010,"KY03055","hylak_id","9260",NA
1010,"KY03055","grand_id","1714",NA
1011,"OH00020","nhdplus_comid","15408897",NA
1011,"OH00020","lagoslakeid","3895",NA
1011,"OH00020","hylak_id","111992",NA
1012,"OH00500","nhdplus_comid","3932186",NA
1012,"OH00500","gnis_id","1061001",NA
1012,"OH00500","lagoslakeid","451",NA
1012,"OH00500","hylak_id","112310",NA
1012,"OH00500","grand_id","1663",NA
1013,"OH00015","nla17_site_id","NLA17_OH-10001",NA
1013,"OH00015","nla12_site_id","NLA12_OH-101",NA
1013,"OH00015","nhdplus_comid","5213645",NA
1013,"OH00015","gnis_id","1039659",NA
1013,"OH00015","lagoslakeid","3386",NA
1013,"OH00015","hylak_id","112096",NA
1013,"OH00015","grand_id","1616",NA
1014,"OH00007","nhdplus_comid","166899180",NA
1014,"OH00007","gnis_id","1037280",NA
1014,"OH00007","lagoslakeid","4031",NA
1014,"OH00007","hylak_id","112177",NA
1014,"OH00007","grand_id","1631",NA
1031,"OH00929","nhdplus_comid","166899203",NA
1031,"OH00929","lagoslakeid","1821",NA
1031,"OH00929","hylak_id","112388",NA
1031,"OH00929","grand_id","1683",NA
1015,"OH00260","nhdplus_comid","15417761",NA
1015,"OH00260","lagoslakeid","2821",NA
1015,"OH00260","hylak_id","112268",NA
1016,"OH00435","nla07_site_id","NLA06608-1359",NA
1016,"OH00435","nhdplus_comid","3980812",NA
1016,"OH00435","gnis_id","1070804",NA
1016,"OH00435","lagoslakeid","496",NA
1016,"OH00435","hylak_id","112129",NA
1017,"OH00638","nhdplus_comid","167484602",NA
1017,"OH00638","gnis_id","1042332",NA
1017,"OH00638","lagoslakeid","1500",NA
1017,"OH00638","hylak_id","112062",NA
1018,"OH00756","nla07_site_id","NLA06608-0367",NA
1018,"OH00756","nhdplus_comid","15585996",NA
1018,"OH00756","lagoslakeid","3192",NA
1018,"OH00756","hylak_id","111756",NA
1018,"OH00756","grand_id","1561",NA
1018,"OH00756","nhdplus_comid","15585938",NA
1018,"OH00756","gnis_id","1084011",NA
1019,"OH00442","nla22_site_id","NES22-10058",NA
1019,"OH00442","nla12_site_id","NLA12_OH-102",NA
1019,"OH00442","nla07_site_id","NLA06608-0783",NA
1019,"OH00442","nhdplus_comid","3982320",NA
1019,"OH00442","gnis_id","1042782",NA
1019,"OH00442","lagoslakeid","3002",NA
1019,"OH00442","hylak_id","112094",NA
1020,"OH00419","nhdplus_comid","13152651",NA
1020,"OH00419","gnis_id","1043393",NA
1020,"OH00419","lagoslakeid","3855",NA
1020,"OH00419","hylak_id","111867",NA
1020,"OH00419","grand_id","1574",NA
1024,"OH00030","nla07_site_id","NLA06608-0111",NA
1024,"OH00030","nhdplus_comid","13155459",NA
1024,"OH00030","lagoslakeid","2553",NA
1024,"OH00030","hylak_id","111863",NA
1024,"OH00030","grand_id","1572",NA
1021,"OH00467","nhdplus_comid","19387410",NA
1021,"OH00467","gnis_id","1061156",NA
1021,"OH00467","lagoslakeid","25227",NA
1021,"OH00467","hylak_id","112019",NA
1021,"OH00467","grand_id","1595",NA
1025,"OH00017","nhdplus_comid","5231436",NA
1025,"OH00017","lagoslakeid","2784",NA
1025,"OH00017","hylak_id","112343",NA
1025,"OH00017","grand_id","1670",NA
1026,"OH00011","nhdplus_comid","19390850",NA
1026,"OH00011","gnis_id","1037285",NA
1026,"OH00011","lagoslakeid","2211",NA
1026,"OH00011","hylak_id","112131",NA
1026,"OH00011","grand_id","1620",NA
1027,"OH00001","nhdplus_comid","15408959",NA
1027,"OH00001","gnis_id","1037286",NA
1027,"OH00001","lagoslakeid","3866",NA
1027,"OH00001","hylak_id","112033",NA
1027,"OH00001","grand_id","1600",NA
1022,"OH00397","nhdplus_comid","9846027",NA
1022,"OH00397","gnis_id","1084042",NA
1022,"OH00397","lagoslakeid","23033",NA
1022,"OH00397","hylak_id","111665",NA
1028,"OH00302","nhdplus_comid","5231452",NA
1028,"OH00302","lagoslakeid","3423",NA
1028,"OH00302","hylak_id","112357",NA
1028,"OH00302","grand_id","1675",NA
1029,"OH00013","nhdplus_comid","15372030",NA
1029,"OH00013","gnis_id","1058011",NA
1029,"OH00013","lagoslakeid","2246",NA
1029,"OH00013","hylak_id","9199",NA
1029,"OH00013","grand_id","1636",NA
1030,"OH00010","nhdplus_comid","19390686",NA
1030,"OH00010","gnis_id","1046947",NA
1030,"OH00010","lagoslakeid","494",NA
1030,"OH00010","hylak_id","112099",NA
1030,"OH00010","grand_id","1617",NA
1023,"OH00162","nla07_site_id","NLA06608-1007",NA
1023,"OH00162","nhdplus_comid","1918274",NA
1023,"OH00162","gnis_id","1077889",NA
1023,"OH00162","lagoslakeid","44125",NA
1023,"OH00162","hylak_id","1057294",NA
1032,"OH00664","nhdplus_comid","15586832",NA
1032,"OH00664","gnis_id","1070998",NA
1032,"OH00664","lagoslakeid","91726",NA
1032,"OH00664","hylak_id","111904",NA
1,NA,"surface_area","    929186","m2"
1,NA,"shoreline_length","  10139","m"
1,NA,"shoreline_development"," 2.97","dimensionless"
1,NA,"max_width","  938","m"
1,NA,"mean_width","  565","m"
1,NA,"max_length"," 1797","m"
1,NA,"mean_depth"," 2.9","m"
1,NA,"max_depth","  4.5","m"
1,NA,"volume","    2718894","m3"
1,NA,"littoral_fraction"," 71.39","m"
1,NA,"circularity","0.113576879574855","m"
1,NA,"dynamic_ratio","3545.23776223776","m"
2,NA,"surface_area","  29862125","m2"
2,NA,"shoreline_length","  60729","m"
2,NA,"shoreline_development"," 3.13","dimensionless"
2,NA,"max_width"," 5980","m"
2,NA,"mean_width"," 2782","m"
2,NA,"max_length","10750","m"
2,NA,"mean_depth"," 3.1","m"
2,NA,"max_depth","  6.5","m"
2,NA,"volume","  106963316","m3"
2,NA,"littoral_fraction"," 35.97","m"
2,NA,"circularity","0.101752454145815","m"
2,NA,"dynamic_ratio","19340.2993630573","m"
3,NA,"surface_area","  65999784","m2"
3,NA,"shoreline_length"," 178192","m"
3,NA,"shoreline_development"," 6.19","dimensionless"
3,NA,"max_width"," 6048","m"
3,NA,"mean_width"," 3423","m"
3,NA,"max_length","19813","m"
3,NA,"mean_depth"," 3.1","m"
3,NA,"max_depth","  8.4","m"
3,NA,"volume","  228051912","m3"
3,NA,"littoral_fraction"," 12.59","m"
3,NA,"circularity","0.02612013634843","m"
3,NA,"dynamic_ratio","57481.3258064516","m"
4,NA,"surface_area","   6395044","m2"
4,NA,"shoreline_length","  41272","m"
4,NA,"shoreline_development"," 4.60","dimensionless"
4,NA,"max_width"," 2353","m"
4,NA,"mean_width"," 1287","m"
4,NA,"max_length"," 4978","m"
4,NA,"mean_depth"," 3.7","m"
4,NA,"max_depth","  6.9","m"
4,NA,"volume","   27349208","m3"
4,NA,"littoral_fraction"," 41.42","m"
4,NA,"circularity","0.0471778060372806","m"
4,NA,"dynamic_ratio","11184.8834688347","m"
10,NA,"surface_area","    178149","m2"
10,NA,"shoreline_length","   6868","m"
10,NA,"shoreline_development"," 4.59","dimensionless"
10,NA,"max_width","  589","m"
10,NA,"mean_width","  359","m"
10,NA,"max_length","  810","m"
10,NA,"mean_depth"," 3.0","m"
10,NA,"max_depth","  6.7","m"
10,NA,"volume","     606465","m3"
10,NA,"littoral_fraction"," 30.81","m"
10,NA,"circularity","0.0474674306510728","m"
10,NA,"dynamic_ratio","2251.64262295082","m"
11,NA,"surface_area","   4814400","m2"
11,NA,"shoreline_length","  34193","m"
11,NA,"shoreline_development"," 4.40","dimensionless"
11,NA,"max_width"," 1862","m"
11,NA,"mean_width"," 1324","m"
11,NA,"max_length"," 3961","m"
11,NA,"mean_depth"," 7.3","m"
11,NA,"max_depth"," 16.3","m"
11,NA,"volume","   37613613","m3"
11,NA,"littoral_fraction"," 10.22","m"
11,NA,"circularity","0.0517474025018652","m"
11,NA,"dynamic_ratio","4652.05034013605","m"
13,NA,"surface_area","    215803","m2"
13,NA,"shoreline_length","   3395","m"
13,NA,"shoreline_development"," 2.06","dimensionless"
13,NA,"max_width","  354","m"
13,NA,"mean_width","  299","m"
13,NA,"max_length","  779","m"
13,NA,"mean_depth"," 1.0","m"
13,NA,"max_depth","  1.4","m"
13,NA,"volume","     209883","m3"
13,NA,"littoral_fraction","126.10","m"
13,NA,"circularity","0.235326943205599","m"
13,NA,"dynamic_ratio","3394.67","m"
14,NA,"surface_area","    302344","m2"
14,NA,"shoreline_length","   3493","m"
14,NA,"shoreline_development"," 1.79","dimensionless"
14,NA,"max_width","  633","m"
14,NA,"mean_width","  330","m"
14,NA,"max_length","  925","m"
14,NA,"mean_depth"," 3.7","m"
14,NA,"max_depth","  6.0","m"
14,NA,"volume","    1142369","m3"
14,NA,"littoral_fraction"," 57.29","m"
14,NA,"circularity","0.311330296362187","m"
14,NA,"dynamic_ratio","951.871934604905","m"
16,NA,"surface_area","    104886","m2"
16,NA,"shoreline_length","   2982","m"
16,NA,"shoreline_development"," 2.60","dimensionless"
16,NA,"max_width","  266","m"
16,NA,"mean_width","  158","m"
16,NA,"max_length","  726","m"
16,NA,"mean_depth"," 1.6","m"
16,NA,"max_depth","  2.2","m"
16,NA,"volume","     161786","m3"
16,NA,"littoral_fraction","104.99","m"
16,NA,"circularity","0.14826537561985","m"
16,NA,"dynamic_ratio","1875.19496855346","m"
17,NA,"surface_area","     78747","m2"
17,NA,"shoreline_length","   1063","m"
17,NA,"shoreline_development"," 1.07","dimensionless"
17,NA,"max_width","  313","m"
17,NA,"mean_width","  236","m"
17,NA,"max_length","  339","m"
17,NA,"mean_depth"," 1.8","m"
17,NA,"max_depth","  2.0","m"
17,NA,"volume","     147019","m3"
17,NA,"littoral_fraction","101.96","m"
17,NA,"circularity","0.876139945387011","m"
17,NA,"dynamic_ratio","577.586956521739","m"
18,NA,"surface_area","   1476989","m2"
18,NA,"shoreline_length","  12448","m"
18,NA,"shoreline_development"," 2.89","dimensionless"
18,NA,"max_width"," 1319","m"
18,NA,"mean_width","  623","m"
18,NA,"max_length"," 2402","m"
18,NA,"mean_depth"," 1.2","m"
18,NA,"max_depth","  3.2","m"
18,NA,"volume","    1778313","m3"
18,NA,"littoral_fraction"," 66.27","m"
18,NA,"circularity","0.119771795832008","m"
18,NA,"dynamic_ratio","10373.7333333333","m"
44,NA,"surface_area","    993998","m2"
44,NA,"shoreline_length","  10535","m"
44,NA,"shoreline_development"," 2.98","dimensionless"
44,NA,"max_width","  481","m"
44,NA,"mean_width","  535","m"
44,NA,"max_length"," 1909","m"
44,NA,"mean_depth"," 2.3","m"
44,NA,"max_depth","  4.7","m"
44,NA,"volume","    2362376","m3"
44,NA,"littoral_fraction"," 51.24","m"
44,NA,"circularity","0.112552489105511","m"
44,NA,"dynamic_ratio","4620.46052631579","m"
45,NA,"surface_area","     66339","m2"
45,NA,"shoreline_length","   1190","m"
45,NA,"shoreline_development"," 1.30","dimensionless"
45,NA,"max_width","  265","m"
45,NA,"mean_width","  163","m"
45,NA,"max_length","  421","m"
45,NA,"mean_depth"," 2.0","m"
45,NA,"max_depth","  3.7","m"
45,NA,"volume","     126683","m3"
45,NA,"littoral_fraction"," 71.14","m"
45,NA,"circularity","0.589094490168187","m"
45,NA,"dynamic_ratio","600.80303030303","m"
46,NA,"surface_area","     87361","m2"
46,NA,"shoreline_length","   1861","m"
46,NA,"shoreline_development"," 1.78","dimensionless"
46,NA,"max_width","  240","m"
46,NA,"mean_width","  154","m"
46,NA,"max_length","  600","m"
46,NA,"mean_depth"," 1.1","m"
46,NA,"max_depth","  1.5","m"
46,NA,"volume","      95028","m3"
46,NA,"littoral_fraction","123.62","m"
46,NA,"circularity","0.31713594243874","m"
46,NA,"dynamic_ratio","1755.2358490566","m"
47,NA,"surface_area","    478552","m2"
47,NA,"shoreline_length","  11977","m"
47,NA,"shoreline_development"," 4.88","dimensionless"
47,NA,"max_width","  745","m"
47,NA,"mean_width","  257","m"
47,NA,"max_length"," 1904","m"
47,NA,"mean_depth"," 1.6","m"
47,NA,"max_depth","  3.4","m"
47,NA,"volume","     884453","m3"
47,NA,"littoral_fraction"," 71.89","m"
47,NA,"circularity","0.0419219020563926","m"
47,NA,"dynamic_ratio","7303.06707317073","m"
49,NA,"surface_area","     91137","m2"
49,NA,"shoreline_length","   3797","m"
49,NA,"shoreline_development"," 3.55","dimensionless"
49,NA,"max_width","  312","m"
49,NA,"mean_width","  169","m"
49,NA,"max_length","  708","m"
49,NA,"mean_depth"," 1.5","m"
49,NA,"max_depth","  2.0","m"
49,NA,"volume","     133062","m3"
49,NA,"littoral_fraction","107.72","m"
49,NA,"circularity","0.0794291886362448","m"
49,NA,"dynamic_ratio","2531.46","m"
51,NA,"surface_area","    893426","m2"
51,NA,"shoreline_length","  13612","m"
51,NA,"shoreline_development"," 4.06","dimensionless"
51,NA,"max_width"," 1154","m"
51,NA,"mean_width","  725","m"
51,NA,"max_length"," 1418","m"
51,NA,"mean_depth"," 2.3","m"
51,NA,"max_depth","  4.5","m"
51,NA,"volume","    2207498","m3"
51,NA,"littoral_fraction"," 56.28","m"
51,NA,"circularity","0.0605961407114809","m"
51,NA,"dynamic_ratio","5970.0350877193","m"
52,NA,"surface_area","   3499519","m2"
52,NA,"shoreline_length","  37546","m"
52,NA,"shoreline_development"," 5.66","dimensionless"
52,NA,"max_width"," 1187","m"
52,NA,"mean_width"," 1104","m"
52,NA,"max_length"," 3239","m"
52,NA,"mean_depth"," 8.9","m"
52,NA,"max_depth"," 16.1","m"
52,NA,"volume","   29473951","m3"
52,NA,"littoral_fraction"," 21.83","m"
52,NA,"circularity","0.0311946375819002","m"
52,NA,"dynamic_ratio","4237.75056433409","m"
53,NA,"surface_area","    546245","m2"
53,NA,"shoreline_length","   6088","m"
53,NA,"shoreline_development"," 2.32","dimensionless"
53,NA,"max_width","  602","m"
53,NA,"mean_width","  269","m"
53,NA,"max_length"," 2067","m"
53,NA,"mean_depth","12.1","m"
53,NA,"max_depth"," 24.7","m"
53,NA,"volume","    6873520","m3"
53,NA,"littoral_fraction","  9.14","m"
53,NA,"circularity","0.185176967053324","m"
53,NA,"dynamic_ratio","504.009105960265","m"
54,NA,"surface_area","    329665","m2"
54,NA,"shoreline_length","   4661","m"
54,NA,"shoreline_development"," 2.29","dimensionless"
54,NA,"max_width","  453","m"
54,NA,"mean_width","  426","m"
54,NA,"max_length","  849","m"
54,NA,"mean_depth"," 1.8","m"
54,NA,"max_depth","  2.5","m"
54,NA,"volume","     608355","m3"
54,NA,"littoral_fraction","100.00","m"
54,NA,"circularity","0.190699867607004","m"
54,NA,"dynamic_ratio","2603.83240223464","m"
55,NA,"surface_area","    113288","m2"
55,NA,"shoreline_length","   2236","m"
55,NA,"shoreline_development"," 1.87","dimensionless"
55,NA,"max_width","  421","m"
55,NA,"mean_width","  281","m"
55,NA,"max_length","  516","m"
55,NA,"mean_depth"," 2.1","m"
55,NA,"max_depth","  2.9","m"
55,NA,"volume","     244300","m3"
55,NA,"littoral_fraction"," 94.63","m"
55,NA,"circularity","0.284787463222349","m"
55,NA,"dynamic_ratio","1059.63033175355","m"
57,NA,"surface_area","    565772","m2"
57,NA,"shoreline_length","   6934","m"
57,NA,"shoreline_development"," 2.60","dimensionless"
57,NA,"max_width","  683","m"
57,NA,"mean_width","  442","m"
57,NA,"max_length"," 1828","m"
57,NA,"mean_depth"," 2.0","m"
57,NA,"max_depth","  3.7","m"
57,NA,"volume","    1252695","m3"
57,NA,"littoral_fraction"," 71.14","m"
57,NA,"circularity","0.147890427640096","m"
57,NA,"dynamic_ratio","3501.79292929293","m"
64,NA,"surface_area","    314237","m2"
64,NA,"shoreline_length","   5018","m"
64,NA,"shoreline_development"," 2.53","dimensionless"
64,NA,"max_width","  490","m"
64,NA,"mean_width","  346","m"
64,NA,"max_length"," 1008","m"
64,NA,"mean_depth"," 2.3","m"
64,NA,"max_depth","  3.7","m"
64,NA,"volume","     718094","m3"
64,NA,"littoral_fraction"," 79.48","m"
64,NA,"circularity","0.156809651332371","m"
64,NA,"dynamic_ratio","2153.72961373391","m"
65,NA,"surface_area","    112469","m2"
65,NA,"shoreline_length","   2866","m"
65,NA,"shoreline_development"," 2.41","dimensionless"
65,NA,"max_width","  126","m"
65,NA,"mean_width","  116","m"
65,NA,"max_length"," 1249","m"
65,NA,"mean_depth"," 1.3","m"
65,NA,"max_depth","  1.6","m"
65,NA,"volume","     141698","m3"
65,NA,"littoral_fraction","111.80","m"
65,NA,"circularity","0.172015813529577","m"
65,NA,"dynamic_ratio","2239.375","m"
66,NA,"surface_area","   1787945","m2"
66,NA,"shoreline_length","  10429","m"
66,NA,"shoreline_development"," 2.20","dimensionless"
66,NA,"max_width"," 1505","m"
66,NA,"mean_width","  815","m"
66,NA,"max_length"," 2215","m"
66,NA,"mean_depth"," 1.6","m"
66,NA,"max_depth","  2.4","m"
66,NA,"volume","    2955514","m3"
66,NA,"littoral_fraction","102.00","m"
66,NA,"circularity","0.206572716691545","m"
66,NA,"dynamic_ratio","6437.6975308642","m"
67,NA,"surface_area","    200159","m2"
67,NA,"shoreline_length","   2249","m"
67,NA,"shoreline_development"," 1.42","dimensionless"
67,NA,"max_width","  340","m"
67,NA,"mean_width","  236","m"
67,NA,"max_length","  940","m"
67,NA,"mean_depth"," 5.8","m"
67,NA,"max_depth","  7.6","m"
67,NA,"volume","    1230457","m3"
67,NA,"littoral_fraction"," 69.99","m"
67,NA,"circularity","0.497439865842067","m"
67,NA,"dynamic_ratio","391.069565217391","m"
68,NA,"surface_area","  12226594","m2"
68,NA,"shoreline_length","  53419","m"
68,NA,"shoreline_development"," 4.31","dimensionless"
68,NA,"max_width"," 2488","m"
68,NA,"mean_width"," 2930","m"
68,NA,"max_length"," 4633","m"
68,NA,"mean_depth"," 6.6","m"
68,NA,"max_depth"," 26.0","m"
68,NA,"volume","   91161884","m3"
68,NA,"littoral_fraction","  0.11","m"
68,NA,"circularity","0.0538421086882966","m"
68,NA,"dynamic_ratio","8057.18099547511","m"
69,NA,"surface_area","1239606742","m2"
69,NA,"shoreline_length","3329203","m"
69,NA,"shoreline_development","26.67","dimensionless"
69,NA,"max_width","43011","m"
69,NA,"mean_width","73552","m"
69,NA,"max_length","33970","m"
69,NA,"mean_depth","28.0","m"
69,NA,"max_depth","113.3","m"
69,NA,"volume","33300990691","m3"
69,NA,"littoral_fraction","  0.00","m"
69,NA,"circularity","0.00140544321042034","m"
69,NA,"dynamic_ratio","119027.628173043","m"
70,NA,"surface_area"," 328286205","m2"
70,NA,"shoreline_length"," 627129","m"
70,NA,"shoreline_development"," 9.76","dimensionless"
70,NA,"max_width","12109","m"
70,NA,"mean_width","18093","m"
70,NA,"max_length","27581","m"
70,NA,"mean_depth","12.2","m"
70,NA,"max_depth"," 24.9","m"
70,NA,"volume"," 3762338870","m3"
70,NA,"littoral_fraction","  9.01","m"
70,NA,"circularity","0.01048934932747","m"
70,NA,"dynamic_ratio","51573.1192434211","m"
71,NA,"surface_area","   2554619","m2"
71,NA,"shoreline_length","   9390","m"
71,NA,"shoreline_development"," 1.66","dimensionless"
71,NA,"max_width"," 1621","m"
71,NA,"mean_width"," 1016","m"
71,NA,"max_length"," 2581","m"
71,NA,"mean_depth"," 6.3","m"
71,NA,"max_depth"," 11.0","m"
71,NA,"volume","   16505110","m3"
71,NA,"littoral_fraction"," 33.66","m"
71,NA,"circularity","0.364077462403664","m"
71,NA,"dynamic_ratio","1481.09148264984","m"
72,NA,"surface_area","   8177580","m2"
72,NA,"shoreline_length","  25442","m"
72,NA,"shoreline_development"," 2.51","dimensionless"
72,NA,"max_width"," 2564","m"
72,NA,"mean_width"," 1243","m"
72,NA,"max_length"," 6725","m"
72,NA,"mean_depth"," 5.9","m"
72,NA,"max_depth","  9.9","m"
72,NA,"volume","   48654364","m3"
72,NA,"littoral_fraction"," 39.13","m"
72,NA,"circularity","0.158760852942661","m"
72,NA,"dynamic_ratio","4319.46859083192","m"
75,NA,"surface_area","    203724","m2"
75,NA,"shoreline_length","   3502","m"
75,NA,"shoreline_development"," 2.19","dimensionless"
75,NA,"max_width","  411","m"
75,NA,"mean_width","  188","m"
75,NA,"max_length"," 1172","m"
75,NA,"mean_depth"," 2.7","m"
75,NA,"max_depth","  5.1","m"
75,NA,"volume","     605986","m3"
75,NA,"littoral_fraction"," 52.53","m"
75,NA,"circularity","0.208736015539711","m"
75,NA,"dynamic_ratio","1306.75","m"
76,NA,"surface_area","    350680","m2"
76,NA,"shoreline_length","   4963","m"
76,NA,"shoreline_development"," 2.36","dimensionless"
76,NA,"max_width","  427","m"
76,NA,"mean_width","  313","m"
76,NA,"max_length"," 1130","m"
76,NA,"mean_depth"," 7.1","m"
76,NA,"max_depth"," 10.6","m"
76,NA,"volume","    2581881","m3"
76,NA,"littoral_fraction"," 49.36","m"
76,NA,"circularity","0.17891275772256","m"
76,NA,"dynamic_ratio","697.043539325843","m"
77,NA,"surface_area","    270308","m2"
77,NA,"shoreline_length","   3662","m"
77,NA,"shoreline_development"," 1.99","dimensionless"
77,NA,"max_width","  598","m"
77,NA,"mean_width","  252","m"
77,NA,"max_length"," 1092","m"
77,NA,"mean_depth"," 2.2","m"
77,NA,"max_depth","  5.3","m"
77,NA,"volume","     736560","m3"
77,NA,"littoral_fraction"," 35.83","m"
77,NA,"circularity","0.253311685236893","m"
77,NA,"dynamic_ratio","1634.77678571429","m"
78,NA,"surface_area","    493911","m2"
78,NA,"shoreline_length","   6980","m"
78,NA,"shoreline_development"," 2.80","dimensionless"
78,NA,"max_width","  452","m"
78,NA,"mean_width","  370","m"
78,NA,"max_length"," 1676","m"
78,NA,"mean_depth"," 2.4","m"
78,NA,"max_depth","  4.3","m"
78,NA,"volume","    1064672","m3"
78,NA,"littoral_fraction"," 64.74","m"
78,NA,"circularity","0.127399204907968","m"
78,NA,"dynamic_ratio","2920.43933054393","m"
79,NA,"surface_area","    317888","m2"
79,NA,"shoreline_length","   4802","m"
79,NA,"shoreline_development"," 2.40","dimensionless"
79,NA,"max_width","  852","m"
79,NA,"mean_width","  377","m"
79,NA,"max_length","  897","m"
79,NA,"mean_depth"," 2.0","m"
79,NA,"max_depth","  4.3","m"
79,NA,"volume","     734968","m3"
79,NA,"littoral_fraction"," 53.18","m"
79,NA,"circularity","0.173222353425857","m"
79,NA,"dynamic_ratio","2413.16582914573","m"
82,NA,"surface_area","    388247","m2"
82,NA,"shoreline_length","   9399","m"
82,NA,"shoreline_development"," 4.26","dimensionless"
82,NA,"max_width","  814","m"
82,NA,"mean_width","  444","m"
82,NA,"max_length","  903","m"
82,NA,"mean_depth"," 5.0","m"
82,NA,"max_depth"," 14.5","m"
82,NA,"volume","    2029616","m3"
82,NA,"littoral_fraction","  3.54","m"
82,NA,"circularity","0.0552274081744644","m"
82,NA,"dynamic_ratio","1879.8","m"
83,NA,"surface_area","  42430272","m2"
83,NA,"shoreline_length"," 156676","m"
83,NA,"shoreline_development"," 6.79","dimensionless"
83,NA,"max_width"," 5625","m"
83,NA,"mean_width"," 5279","m"
83,NA,"max_length"," 8079","m"
83,NA,"mean_depth"," 4.5","m"
83,NA,"max_depth","  9.8","m"
83,NA,"volume","  204905759","m3"
83,NA,"littoral_fraction"," 20.41","m"
83,NA,"circularity","0.0217209899844739","m"
83,NA,"dynamic_ratio","34586.357615894","m"
84,NA,"surface_area","    194509","m2"
84,NA,"shoreline_length","   5293","m"
84,NA,"shoreline_development"," 3.39","dimensionless"
84,NA,"max_width","  449","m"
84,NA,"mean_width","  273","m"
84,NA,"max_length","  878","m"
84,NA,"mean_depth"," 5.1","m"
84,NA,"max_depth"," 10.5","m"
84,NA,"volume","    1083892","m3"
84,NA,"littoral_fraction"," 21.88","m"
84,NA,"circularity","0.0872359799455431","m"
84,NA,"dynamic_ratio","1037.90392156863","m"
98,NA,"surface_area","     86893","m2"
98,NA,"shoreline_length","   2374","m"
98,NA,"shoreline_development"," 2.27","dimensionless"
98,NA,"max_width","  314","m"
98,NA,"mean_width","  161","m"
98,NA,"max_length","  645","m"
98,NA,"mean_depth"," 5.4","m"
98,NA,"max_depth","  8.5","m"
98,NA,"volume","     477568","m3"
98,NA,"littoral_fraction"," 50.24","m"
98,NA,"circularity","0.193672495330474","m"
98,NA,"dynamic_ratio","436.479779411765","m"
99,NA,"surface_area","  16891556","m2"
99,NA,"shoreline_length"," 124259","m"
99,NA,"shoreline_development"," 8.53","dimensionless"
99,NA,"max_width"," 4100","m"
99,NA,"mean_width"," 4180","m"
99,NA,"max_length"," 4809","m"
99,NA,"mean_depth"," 9.4","m"
99,NA,"max_depth"," 27.0","m"
99,NA,"volume","  191615362","m3"
99,NA,"littoral_fraction","  1.20","m"
99,NA,"circularity","0.0137475378200745","m"
99,NA,"dynamic_ratio","13163.0127118644","m"
100,NA,"surface_area","    552757","m2"
100,NA,"shoreline_length","   6179","m"
100,NA,"shoreline_development"," 2.34","dimensionless"
100,NA,"max_width","  866","m"
100,NA,"mean_width","  571","m"
100,NA,"max_length","  993","m"
100,NA,"mean_depth"," 3.7","m"
100,NA,"max_depth","  7.4","m"
100,NA,"volume","    2166183","m3"
100,NA,"littoral_fraction"," 33.26","m"
100,NA,"circularity","0.181907877239341","m"
100,NA,"dynamic_ratio","1683.76021798365","m"
101,NA,"surface_area","    604720","m2"
101,NA,"shoreline_length","  10099","m"
101,NA,"shoreline_development"," 3.66","dimensionless"
101,NA,"max_width","  781","m"
101,NA,"mean_width","  430","m"
101,NA,"max_length"," 1505","m"
101,NA,"mean_depth"," 7.8","m"
101,NA,"max_depth"," 15.2","m"
101,NA,"volume","    5232071","m3"
101,NA,"littoral_fraction"," 18.26","m"
101,NA,"circularity","0.0745110290640827","m"
101,NA,"dynamic_ratio","1289.76372924649","m"
102,NA,"surface_area","    302471","m2"
102,NA,"shoreline_length","   6050","m"
102,NA,"shoreline_development"," 3.10","dimensionless"
102,NA,"max_width","  425","m"
102,NA,"mean_width","  328","m"
102,NA,"max_length"," 1190","m"
102,NA,"mean_depth"," 5.6","m"
102,NA,"max_depth"," 12.2","m"
102,NA,"volume","    1802128","m3"
102,NA,"littoral_fraction"," 15.82","m"
102,NA,"circularity","0.103858669734335","m"
102,NA,"dynamic_ratio","1072.62056737589","m"
103,NA,"surface_area","   1036850","m2"
103,NA,"shoreline_length","  11809","m"
103,NA,"shoreline_development"," 3.27","dimensionless"
103,NA,"max_width","  871","m"
103,NA,"mean_width","  435","m"
103,NA,"max_length"," 2656","m"
103,NA,"mean_depth"," 5.6","m"
103,NA,"max_depth"," 12.0","m"
103,NA,"volume","    6899847","m3"
103,NA,"littoral_fraction"," 16.52","m"
103,NA,"circularity","0.0934284321539407","m"
103,NA,"dynamic_ratio","2112.57245080501","m"
116,NA,"surface_area","     83224","m2"
116,NA,"shoreline_length","   1896","m"
116,NA,"shoreline_development"," 1.85","dimensionless"
116,NA,"max_width","  196","m"
116,NA,"mean_width","  361","m"
116,NA,"max_length","  573","m"
116,NA,"mean_depth"," 2.1","m"
116,NA,"max_depth","  2.8","m"
116,NA,"volume","     182776","m3"
116,NA,"littoral_fraction"," 96.34","m"
116,NA,"circularity","0.290904329988517","m"
116,NA,"dynamic_ratio","898.611374407583","m"
117,NA,"surface_area","    999359","m2"
117,NA,"shoreline_length","   8050","m"
117,NA,"shoreline_development"," 2.27","dimensionless"
117,NA,"max_width","  851","m"
117,NA,"mean_width","  477","m"
117,NA,"max_length"," 2135","m"
117,NA,"mean_depth"," 2.3","m"
117,NA,"max_depth","  4.6","m"
117,NA,"volume","    2356768","m3"
117,NA,"littoral_fraction"," 54.54","m"
117,NA,"circularity","0.193793246916976","m"
117,NA,"dynamic_ratio","3484.85281385281","m"
119,NA,"surface_area","     98319","m2"
119,NA,"shoreline_length","   3213","m"
119,NA,"shoreline_development"," 2.89","dimensionless"
119,NA,"max_width","  161","m"
119,NA,"mean_width","  312","m"
119,NA,"max_length","  473","m"
119,NA,"mean_depth"," 1.9","m"
119,NA,"max_depth","  2.9","m"
119,NA,"volume","     180406","m3"
119,NA,"littoral_fraction"," 91.88","m"
119,NA,"circularity","0.11966827376654","m"
119,NA,"dynamic_ratio","1736.84864864865","m"
136,NA,"surface_area","    221926","m2"
136,NA,"shoreline_length","   2565","m"
136,NA,"shoreline_development"," 1.54","dimensionless"
136,NA,"max_width","  406","m"
136,NA,"mean_width","  287","m"
136,NA,"max_length","  848","m"
136,NA,"mean_depth"," 2.5","m"
136,NA,"max_depth","  5.6","m"
136,NA,"volume","     597608","m3"
136,NA,"littoral_fraction"," 37.67","m"
136,NA,"circularity","0.423910715423291","m"
136,NA,"dynamic_ratio","1013.79841897233","m"
137,NA,"surface_area","   2762603","m2"
137,NA,"shoreline_length","  38843","m"
137,NA,"shoreline_development"," 6.59","dimensionless"
137,NA,"max_width"," 1626","m"
137,NA,"mean_width"," 1051","m"
137,NA,"max_length"," 2941","m"
137,NA,"mean_depth"," 4.8","m"
137,NA,"max_depth"," 10.0","m"
137,NA,"volume","   14402941","m3"
137,NA,"littoral_fraction"," 22.54","m"
137,NA,"circularity","0.0230088813685721","m"
137,NA,"dynamic_ratio","8058.78215767635","m"
138,NA,"surface_area","    195364","m2"
138,NA,"shoreline_length","   4970","m"
138,NA,"shoreline_development"," 3.17","dimensionless"
138,NA,"max_width","  526","m"
138,NA,"mean_width","  217","m"
138,NA,"max_length","  934","m"
138,NA,"mean_depth"," 3.2","m"
138,NA,"max_depth","  5.3","m"
138,NA,"volume","     617327","m3"
138,NA,"littoral_fraction"," 61.39","m"
138,NA,"circularity","0.0993955218093187","m"
138,NA,"dynamic_ratio","1548.23987538941","m"
146,NA,"surface_area","  28399737","m2"
146,NA,"shoreline_length","  47899","m"
146,NA,"shoreline_development"," 2.54","dimensionless"
146,NA,"max_width"," 4887","m"
146,NA,"mean_width"," 2987","m"
146,NA,"max_length"," 9654","m"
146,NA,"mean_depth"," 4.1","m"
146,NA,"max_depth","  8.3","m"
146,NA,"volume","  136718198","m3"
146,NA,"littoral_fraction"," 28.91","m"
146,NA,"circularity","0.155548960343103","m"
146,NA,"dynamic_ratio","11740.0073529412","m"
147,NA,"surface_area","   1705197","m2"
147,NA,"shoreline_length","  16056","m"
147,NA,"shoreline_development"," 3.47","dimensionless"
147,NA,"max_width"," 1796","m"
147,NA,"mean_width","  786","m"
147,NA,"max_length"," 2328","m"
147,NA,"mean_depth"," 3.2","m"
147,NA,"max_depth","  7.3","m"
147,NA,"volume","    5482465","m3"
147,NA,"littoral_fraction"," 25.79","m"
147,NA,"circularity","0.0831223610351047","m"
147,NA,"dynamic_ratio","4986.28881987578","m"
148,NA,"surface_area","  64886666","m2"
148,NA,"shoreline_length"," 275251","m"
148,NA,"shoreline_development"," 9.64","dimensionless"
148,NA,"max_width","10735","m"
148,NA,"mean_width"," 5536","m"
148,NA,"max_length","12269","m"
148,NA,"mean_depth"," 6.7","m"
148,NA,"max_depth"," 13.5","m"
148,NA,"volume","  433202085","m3"
148,NA,"littoral_fraction"," 17.57","m"
148,NA,"circularity","0.0107623967601499","m"
148,NA,"dynamic_ratio","41391.0571428571","m"
149,NA,"surface_area","  10405058","m2"
149,NA,"shoreline_length","  60381","m"
149,NA,"shoreline_development"," 5.28","dimensionless"
149,NA,"max_width"," 3208","m"
149,NA,"mean_width"," 1558","m"
149,NA,"max_length"," 6684","m"
149,NA,"mean_depth"," 4.6","m"
149,NA,"max_depth"," 11.0","m"
149,NA,"volume","   57390906","m3"
149,NA,"littoral_fraction"," 12.40","m"
149,NA,"circularity","0.035863532397774","m"
149,NA,"dynamic_ratio","13212.4835886214","m"
155,NA,"surface_area","   6690346","m2"
155,NA,"shoreline_length","  16818","m"
155,NA,"shoreline_development"," 1.83","dimensionless"
155,NA,"max_width"," 3061","m"
155,NA,"mean_width"," 2024","m"
155,NA,"max_length"," 3317","m"
155,NA,"mean_depth"," 8.1","m"
155,NA,"max_depth"," 13.8","m"
155,NA,"volume","   63094787","m3"
155,NA,"littoral_fraction"," 29.91","m"
155,NA,"circularity","0.297255129139315","m"
155,NA,"dynamic_ratio","2078.81582200247","m"
157,NA,"surface_area","   1560850","m2"
157,NA,"shoreline_length","   7585","m"
157,NA,"shoreline_development"," 1.71","dimensionless"
157,NA,"max_width"," 1139","m"
157,NA,"mean_width","  881","m"
157,NA,"max_length"," 1803","m"
157,NA,"mean_depth"," 2.3","m"
157,NA,"max_depth","  4.4","m"
157,NA,"volume","    3848977","m3"
157,NA,"littoral_fraction"," 60.61","m"
157,NA,"circularity","0.340967203242017","m"
157,NA,"dynamic_ratio","3255.16738197425","m"
159,NA,"surface_area","    174674","m2"
159,NA,"shoreline_length","   2349","m"
159,NA,"shoreline_development"," 1.59","dimensionless"
159,NA,"max_width","  327","m"
159,NA,"mean_width","  208","m"
159,NA,"max_length","  886","m"
159,NA,"mean_depth"," 7.3","m"
159,NA,"max_depth"," 10.8","m"
159,NA,"volume","    1331339","m3"
159,NA,"littoral_fraction"," 50.27","m"
159,NA,"circularity","0.397943152354629","m"
159,NA,"dynamic_ratio","319.537414965986","m"
165,NA,"surface_area","    132922","m2"
165,NA,"shoreline_length","   2270","m"
165,NA,"shoreline_development"," 1.76","dimensionless"
165,NA,"max_width","  275","m"
165,NA,"mean_width","  191","m"
165,NA,"max_length","  751","m"
165,NA,"mean_depth"," 2.9","m"
165,NA,"max_depth","  4.0","m"
165,NA,"volume","     399650","m3"
165,NA,"littoral_fraction"," 83.30","m"
165,NA,"circularity","0.324291472682256","m"
165,NA,"dynamic_ratio","788.03125","m"
166,NA,"surface_area","     29142","m2"
166,NA,"shoreline_length","   1126","m"
166,NA,"shoreline_development"," 1.86","dimensionless"
166,NA,"max_width","  190","m"
166,NA,"mean_width","  131","m"
166,NA,"max_length","  279","m"
166,NA,"mean_depth"," 1.8","m"
166,NA,"max_depth","  3.3","m"
166,NA,"volume","      62911","m3"
166,NA,"littoral_fraction"," 79.94","m"
166,NA,"circularity","0.288653103956107","m"
166,NA,"dynamic_ratio","615.491803278689","m"
167,NA,"surface_area","   6043738","m2"
167,NA,"shoreline_length","  10533","m"
167,NA,"shoreline_development"," 1.21","dimensionless"
167,NA,"max_width"," 2830","m"
167,NA,"mean_width"," 1655","m"
167,NA,"max_length"," 3668","m"
167,NA,"mean_depth"," 2.8","m"
167,NA,"max_depth","  4.1","m"
167,NA,"volume","   16519156","m3"
167,NA,"littoral_fraction"," 79.07","m"
167,NA,"circularity","0.684499867876726","m"
167,NA,"dynamic_ratio","3789.01438848921","m"
184,NA,"surface_area","     48456","m2"
184,NA,"shoreline_length","   1123","m"
184,NA,"shoreline_development"," 1.44","dimensionless"
184,NA,"max_width","  173","m"
184,NA,"mean_width","  131","m"
184,NA,"max_length","  428","m"
184,NA,"mean_depth"," 3.2","m"
184,NA,"max_depth","  5.1","m"
184,NA,"volume","     163704","m3"
184,NA,"littoral_fraction"," 65.33","m"
184,NA,"circularity","0.482530761211048","m"
184,NA,"dynamic_ratio","352.147335423197","m"
186,NA,"surface_area","   2043089","m2"
186,NA,"shoreline_length","   6663","m"
186,NA,"shoreline_development"," 1.32","dimensionless"
186,NA,"max_width"," 1508","m"
186,NA,"mean_width","  979","m"
186,NA,"max_length"," 2127","m"
186,NA,"mean_depth"," 5.8","m"
186,NA,"max_depth","  7.7","m"
186,NA,"volume","   11659790","m3"
186,NA,"littoral_fraction"," 69.65","m"
186,NA,"circularity","0.578248614619024","m"
186,NA,"dynamic_ratio","1142.93825042882","m"
188,NA,"surface_area","   1022311","m2"
188,NA,"shoreline_length","   6421","m"
188,NA,"shoreline_development"," 1.79","dimensionless"
188,NA,"max_width","  755","m"
188,NA,"mean_width","  833","m"
188,NA,"max_length"," 2248","m"
188,NA,"mean_depth"," 1.9","m"
188,NA,"max_depth","  3.5","m"
188,NA,"volume","    2044831","m3"
188,NA,"littoral_fraction"," 75.33","m"
188,NA,"circularity","0.311565684275607","m"
188,NA,"dynamic_ratio","3379.62105263158","m"
190,NA,"surface_area","   3024877","m2"
190,NA,"shoreline_length","  25098","m"
190,NA,"shoreline_development"," 4.07","dimensionless"
190,NA,"max_width"," 1442","m"
190,NA,"mean_width","  660","m"
190,NA,"max_length"," 4624","m"
190,NA,"mean_depth"," 7.7","m"
190,NA,"max_depth"," 15.2","m"
190,NA,"volume","   21430586","m3"
190,NA,"littoral_fraction"," 16.87","m"
190,NA,"circularity","0.0603464210135842","m"
190,NA,"dynamic_ratio","3280.7385620915","m"
191,NA,"surface_area","    280530","m2"
191,NA,"shoreline_length","   4220","m"
191,NA,"shoreline_development"," 2.25","dimensionless"
191,NA,"max_width","  656","m"
191,NA,"mean_width","  302","m"
191,NA,"max_length"," 1075","m"
191,NA,"mean_depth"," 3.6","m"
191,NA,"max_depth","  6.1","m"
191,NA,"volume","    1071603","m3"
191,NA,"littoral_fraction"," 53.07","m"
191,NA,"circularity","0.1979955787365","m"
191,NA,"dynamic_ratio","1181.94957983193","m"
195,NA,"surface_area","    139099","m2"
195,NA,"shoreline_length","   3017","m"
195,NA,"shoreline_development"," 2.28","dimensionless"
195,NA,"max_width","  358","m"
195,NA,"mean_width","  195","m"
195,NA,"max_length","  753","m"
195,NA,"mean_depth"," 3.3","m"
195,NA,"max_depth","  6.1","m"
195,NA,"volume","     465629","m3"
195,NA,"littoral_fraction"," 46.91","m"
195,NA,"circularity","0.192091724678396","m"
195,NA,"dynamic_ratio","914.109090909091","m"
204,NA,"surface_area","    437119","m2"
204,NA,"shoreline_length","   2597","m"
204,NA,"shoreline_development"," 1.11","dimensionless"
204,NA,"max_width","  844","m"
204,NA,"mean_width","  489","m"
204,NA,"max_length","  905","m"
204,NA,"mean_depth"," 5.9","m"
204,NA,"max_depth","  9.2","m"
204,NA,"volume","    2533155","m3"
204,NA,"littoral_fraction"," 48.58","m"
204,NA,"circularity","0.814151584868869","m"
204,NA,"dynamic_ratio","438.763513513514","m"
205,NA,"surface_area","    119602","m2"
205,NA,"shoreline_length","   2000","m"
205,NA,"shoreline_development"," 1.63","dimensionless"
205,NA,"max_width","  302","m"
205,NA,"mean_width","  190","m"
205,NA,"max_length","  635","m"
205,NA,"mean_depth"," 4.5","m"
205,NA,"max_depth","  9.1","m"
205,NA,"volume","     403619","m3"
205,NA,"littoral_fraction"," 26.90","m"
205,NA,"circularity","0.375875250652433","m"
205,NA,"dynamic_ratio","443.379157427938","m"
206,NA,"surface_area","   1278624","m2"
206,NA,"shoreline_length","  13285","m"
206,NA,"shoreline_development"," 3.31","dimensionless"
206,NA,"max_width"," 1115","m"
206,NA,"mean_width","  620","m"
206,NA,"max_length"," 2211","m"
206,NA,"mean_depth"," 9.7","m"
206,NA,"max_depth"," 16.4","m"
206,NA,"volume","   13236618","m3"
206,NA,"littoral_fraction"," 26.80","m"
206,NA,"circularity","0.0910401061586235","m"
206,NA,"dynamic_ratio","1376.67875647668","m"
207,NA,"surface_area","    488691","m2"
207,NA,"shoreline_length","  21130","m"
207,NA,"shoreline_development"," 8.53","dimensionless"
207,NA,"max_width","  469","m"
207,NA,"mean_width","  172","m"
207,NA,"max_length"," 4489","m"
207,NA,"mean_depth"," 5.7","m"
207,NA,"max_depth"," 14.4","m"
207,NA,"volume","    2726264","m3"
207,NA,"littoral_fraction","  6.73","m"
207,NA,"circularity","0.0137543022161957","m"
207,NA,"dynamic_ratio","3726.65961199295","m"
208,NA,"surface_area","    175142","m2"
208,NA,"shoreline_length","   4645","m"
208,NA,"shoreline_development"," 3.13","dimensionless"
208,NA,"max_width","  386","m"
208,NA,"mean_width","  225","m"
208,NA,"max_length","  856","m"
208,NA,"mean_depth"," 3.9","m"
208,NA,"max_depth","  7.6","m"
208,NA,"volume","     752229","m3"
208,NA,"littoral_fraction"," 33.92","m"
208,NA,"circularity","0.102020470530678","m"
208,NA,"dynamic_ratio","1206.41298701299","m"
209,NA,"surface_area","    102732","m2"
209,NA,"shoreline_length","   2768","m"
209,NA,"shoreline_development"," 2.44","dimensionless"
209,NA,"max_width","  479","m"
209,NA,"mean_width","  167","m"
209,NA,"max_length","  667","m"
209,NA,"mean_depth"," 4.0","m"
209,NA,"max_depth","  7.1","m"
209,NA,"volume","     433921","m3"
209,NA,"littoral_fraction"," 44.26","m"
209,NA,"circularity","0.168527720012064","m"
209,NA,"dynamic_ratio","693.664160401002","m"
210,NA,"surface_area","    671630","m2"
210,NA,"shoreline_length","   9783","m"
210,NA,"shoreline_development"," 3.37","dimensionless"
210,NA,"max_width","  646","m"
210,NA,"mean_width","  451","m"
210,NA,"max_length"," 1490","m"
210,NA,"mean_depth"," 1.5","m"
210,NA,"max_depth","  1.9","m"
210,NA,"volume","     993217","m3"
210,NA,"littoral_fraction","108.62","m"
210,NA,"circularity","0.0881902278696449","m"
210,NA,"dynamic_ratio","6700.49315068493","m"
211,NA,"surface_area","    376173","m2"
211,NA,"shoreline_length","   7277","m"
211,NA,"shoreline_development"," 3.35","dimensionless"
211,NA,"max_width","  416","m"
211,NA,"mean_width","  263","m"
211,NA,"max_length"," 1443","m"
211,NA,"mean_depth"," 1.0","m"
211,NA,"max_depth","  1.3","m"
211,NA,"volume","     382966","m3"
211,NA,"littoral_fraction","121.67","m"
211,NA,"circularity","0.0892692249566839","m"
211,NA,"dynamic_ratio","7276.92","m"
214,NA,"surface_area","    108346","m2"
214,NA,"shoreline_length","   2915","m"
214,NA,"shoreline_development"," 2.50","dimensionless"
214,NA,"max_width","  308","m"
214,NA,"mean_width","  170","m"
214,NA,"max_length","  643","m"
214,NA,"mean_depth"," 2.5","m"
214,NA,"max_depth","  4.8","m"
214,NA,"volume","     259586","m3"
214,NA,"littoral_fraction"," 54.51","m"
214,NA,"circularity","0.160195045369701","m"
214,NA,"dynamic_ratio","1170.81124497992","m"
230,NA,"surface_area","     92220","m2"
230,NA,"shoreline_length","   2028","m"
230,NA,"shoreline_development"," 1.88","dimensionless"
230,NA,"max_width","  418","m"
230,NA,"mean_width","  168","m"
230,NA,"max_length","  581","m"
230,NA,"mean_depth"," 3.8","m"
230,NA,"max_depth","  5.8","m"
230,NA,"volume","     344541","m3"
230,NA,"littoral_fraction"," 64.22","m"
230,NA,"circularity","0.28184296423257","m"
230,NA,"dynamic_ratio","533.618421052632","m"
231,NA,"surface_area","   2976650","m2"
231,NA,"shoreline_length","  30227","m"
231,NA,"shoreline_development"," 4.94","dimensionless"
231,NA,"max_width"," 1489","m"
231,NA,"mean_width"," 1159","m"
231,NA,"max_length"," 3071","m"
231,NA,"mean_depth"," 3.9","m"
231,NA,"max_depth","  6.3","m"
231,NA,"volume","   12099326","m3"
231,NA,"littoral_fraction"," 57.05","m"
231,NA,"circularity","0.0409389663369136","m"
231,NA,"dynamic_ratio","7711.0637755102","m"
232,NA,"surface_area","   1012783","m2"
232,NA,"shoreline_length","  13737","m"
232,NA,"shoreline_development"," 3.85","dimensionless"
232,NA,"max_width","  438","m"
232,NA,"mean_width","  402","m"
232,NA,"max_length"," 2566","m"
232,NA,"mean_depth"," 2.6","m"
232,NA,"max_depth","  4.7","m"
232,NA,"volume","    2636439","m3"
232,NA,"littoral_fraction"," 60.76","m"
232,NA,"circularity","0.067447996402437","m"
232,NA,"dynamic_ratio","5223.03422053232","m"
233,NA,"surface_area","   2469942","m2"
233,NA,"shoreline_length","  28017","m"
233,NA,"shoreline_development"," 5.03","dimensionless"
233,NA,"max_width"," 1267","m"
233,NA,"mean_width","  740","m"
233,NA,"max_length"," 3381","m"
233,NA,"mean_depth"," 4.4","m"
233,NA,"max_depth","  7.9","m"
233,NA,"volume","   12497806","m3"
233,NA,"littoral_fraction"," 39.29","m"
233,NA,"circularity","0.0395422772471306","m"
233,NA,"dynamic_ratio","6425.85550458716","m"
234,NA,"surface_area","   1950895","m2"
234,NA,"shoreline_length","  11287","m"
234,NA,"shoreline_development"," 2.28","dimensionless"
234,NA,"max_width"," 1388","m"
234,NA,"mean_width","  813","m"
234,NA,"max_length"," 2520","m"
234,NA,"mean_depth"," 4.7","m"
234,NA,"max_depth"," 13.5","m"
234,NA,"volume","    9740400","m3"
234,NA,"littoral_fraction","  4.25","m"
234,NA,"circularity","0.192445067746723","m"
234,NA,"dynamic_ratio","2401.43404255319","m"
235,NA,"surface_area","   2371371","m2"
235,NA,"shoreline_length","  21308","m"
235,NA,"shoreline_development"," 3.90","dimensionless"
235,NA,"max_width"," 1283","m"
235,NA,"mean_width"," 1068","m"
235,NA,"max_length"," 2240","m"
235,NA,"mean_depth"," 2.7","m"
235,NA,"max_depth","  9.9","m"
235,NA,"volume","    7504847","m3"
235,NA,"littoral_fraction","  2.48","m"
235,NA,"circularity","0.0656355324434877","m"
235,NA,"dynamic_ratio","7921.05204460967","m"
236,NA,"surface_area","    124599","m2"
236,NA,"shoreline_length","   2527","m"
236,NA,"shoreline_development"," 2.02","dimensionless"
236,NA,"max_width","  338","m"
236,NA,"mean_width","  172","m"
236,NA,"max_length","  728","m"
236,NA,"mean_depth"," 4.5","m"
236,NA,"max_depth","  7.5","m"
236,NA,"volume","     559247","m3"
236,NA,"littoral_fraction"," 47.42","m"
236,NA,"circularity","0.245248482594521","m"
236,NA,"dynamic_ratio","565.263982102908","m"
237,NA,"surface_area","    123432","m2"
237,NA,"shoreline_length","   2818","m"
237,NA,"shoreline_development"," 2.26","dimensionless"
237,NA,"max_width","  668","m"
237,NA,"mean_width","  185","m"
237,NA,"max_length","  767","m"
237,NA,"mean_depth"," 4.3","m"
237,NA,"max_depth","  6.3","m"
237,NA,"volume","     513488","m3"
237,NA,"littoral_fraction"," 64.37","m"
237,NA,"circularity","0.195318949126895","m"
237,NA,"dynamic_ratio","659.962529274005","m"
238,NA,"surface_area","   4765760","m2"
238,NA,"shoreline_length","   9587","m"
238,NA,"shoreline_development"," 1.24","dimensionless"
238,NA,"max_width"," 2026","m"
238,NA,"mean_width"," 1409","m"
238,NA,"max_length"," 3383","m"
238,NA,"mean_depth"," 8.4","m"
238,NA,"max_depth"," 15.8","m"
238,NA,"volume","   44559813","m3"
238,NA,"littoral_fraction"," 19.98","m"
238,NA,"circularity","0.651545611147008","m"
238,NA,"dynamic_ratio","1137.28944246738","m"
239,NA,"surface_area","   2196014","m2"
239,NA,"shoreline_length","  10337","m"
239,NA,"shoreline_development"," 1.97","dimensionless"
239,NA,"max_width","  894","m"
239,NA,"mean_width","  710","m"
239,NA,"max_length"," 3119","m"
239,NA,"mean_depth","15.1","m"
239,NA,"max_depth"," 27.2","m"
239,NA,"volume","   37743384","m3"
239,NA,"littoral_fraction"," 14.60","m"
239,NA,"circularity","0.258274245186875","m"
239,NA,"dynamic_ratio","686.36786188579","m"
240,NA,"surface_area","    498980","m2"
240,NA,"shoreline_length","   5380","m"
240,NA,"shoreline_development"," 2.15","dimensionless"
240,NA,"max_width"," 1004","m"
240,NA,"mean_width","  400","m"
240,NA,"max_length"," 1361","m"
240,NA,"mean_depth"," 5.8","m"
240,NA,"max_depth"," 11.7","m"
240,NA,"volume","    3181748","m3"
240,NA,"littoral_fraction"," 21.18","m"
240,NA,"circularity","0.216651178041882","m"
240,NA,"dynamic_ratio","922.778730703259","m"
247,NA,"surface_area","   4132987","m2"
247,NA,"shoreline_length","  25713","m"
247,NA,"shoreline_development"," 3.57","dimensionless"
247,NA,"max_width"," 1960","m"
247,NA,"mean_width","  979","m"
247,NA,"max_length"," 4623","m"
247,NA,"mean_depth","19.0","m"
247,NA,"max_depth"," 28.3","m"
247,NA,"volume","   78475550","m3"
247,NA,"littoral_fraction"," 30.34","m"
247,NA,"circularity","0.0785518113416318","m"
247,NA,"dynamic_ratio","1355.47496046389","m"
249,NA,"surface_area","   1864879","m2"
249,NA,"shoreline_length","  14261","m"
249,NA,"shoreline_development"," 2.95","dimensionless"
249,NA,"max_width"," 1541","m"
249,NA,"mean_width","  664","m"
249,NA,"max_length"," 2856","m"
249,NA,"mean_depth","10.1","m"
249,NA,"max_depth"," 26.6","m"
249,NA,"volume","   21991821","m3"
249,NA,"littoral_fraction","  2.11","m"
249,NA,"circularity","0.115233868446547","m"
249,NA,"dynamic_ratio","1410.55192878338","m"
250,NA,"surface_area","   1311274","m2"
250,NA,"shoreline_length","   6618","m"
250,NA,"shoreline_development"," 1.63","dimensionless"
250,NA,"max_width","  680","m"
250,NA,"mean_width","  444","m"
250,NA,"max_length"," 2959","m"
250,NA,"mean_depth","10.5","m"
250,NA,"max_depth"," 20.1","m"
250,NA,"volume","   13083441","m3"
250,NA,"littoral_fraction"," 14.65","m"
250,NA,"circularity","0.376246126675407","m"
250,NA,"dynamic_ratio","632.679732313575","m"
253,NA,"surface_area","   2662159","m2"
253,NA,"shoreline_length","   8484","m"
253,NA,"shoreline_development"," 1.47","dimensionless"
253,NA,"max_width"," 1460","m"
253,NA,"mean_width","  838","m"
253,NA,"max_length"," 3202","m"
253,NA,"mean_depth"," 3.3","m"
253,NA,"max_depth","  5.1","m"
253,NA,"volume","    9426162","m3"
253,NA,"littoral_fraction"," 67.48","m"
253,NA,"circularity","0.464721044223265","m"
253,NA,"dynamic_ratio","2578.87234042553","m"
263,NA,"surface_area","    538631","m2"
263,NA,"shoreline_length","   4246","m"
263,NA,"shoreline_development"," 1.63","dimensionless"
263,NA,"max_width","  577","m"
263,NA,"mean_width","  326","m"
263,NA,"max_length"," 1688","m"
263,NA,"mean_depth"," 3.6","m"
263,NA,"max_depth","  4.8","m"
263,NA,"volume","    1957277","m3"
263,NA,"littoral_fraction"," 79.94","m"
263,NA,"circularity","0.375484816767215","m"
263,NA,"dynamic_ratio","1189.28571428571","m"
264,NA,"surface_area","    201429","m2"
264,NA,"shoreline_length","   1899","m"
264,NA,"shoreline_development"," 1.19","dimensionless"
264,NA,"max_width","  455","m"
264,NA,"mean_width","  304","m"
264,NA,"max_length","  742","m"
264,NA,"mean_depth"," 1.2","m"
264,NA,"max_depth","  1.8","m"
264,NA,"volume","     255274","m3"
264,NA,"littoral_fraction","115.41","m"
264,NA,"circularity","0.701631201693525","m"
264,NA,"dynamic_ratio","1519.504","m"
265,NA,"surface_area","    311569","m2"
265,NA,"shoreline_length","   3368","m"
265,NA,"shoreline_development"," 1.70","dimensionless"
265,NA,"max_width","  697","m"
265,NA,"mean_width","  363","m"
265,NA,"max_length","  867","m"
265,NA,"mean_depth"," 2.9","m"
265,NA,"max_depth","  4.5","m"
265,NA,"volume","     961161","m3"
265,NA,"littoral_fraction"," 73.06","m"
265,NA,"circularity","0.345126583108716","m"
265,NA,"dynamic_ratio","1149.54266211604","m"
275,NA,"surface_area","    490675","m2"
275,NA,"shoreline_length","   4837","m"
275,NA,"shoreline_development"," 1.95","dimensionless"
275,NA,"max_width","  801","m"
275,NA,"mean_width","  359","m"
275,NA,"max_length"," 1524","m"
275,NA,"mean_depth"," 1.8","m"
275,NA,"max_depth","  4.4","m"
275,NA,"volume","     729638","m3"
275,NA,"littoral_fraction"," 42.83","m"
275,NA,"circularity","0.263518922290047","m"
275,NA,"dynamic_ratio","2748.42045454545","m"
276,NA,"surface_area","    203982","m2"
276,NA,"shoreline_length","   3098","m"
276,NA,"shoreline_development"," 1.93","dimensionless"
276,NA,"max_width","  329","m"
276,NA,"mean_width","  190","m"
276,NA,"max_length"," 1093","m"
276,NA,"mean_depth"," 2.5","m"
276,NA,"max_depth","  4.3","m"
276,NA,"volume","     416410","m3"
276,NA,"littoral_fraction"," 67.17","m"
276,NA,"circularity","0.267102756410744","m"
276,NA,"dynamic_ratio","1249.13709677419","m"
281,NA,"surface_area","    109368","m2"
281,NA,"shoreline_length","   1408","m"
281,NA,"shoreline_development"," 1.20","dimensionless"
281,NA,"max_width","  230","m"
281,NA,"mean_width","  191","m"
281,NA,"max_length","  589","m"
281,NA,"mean_depth"," 3.7","m"
281,NA,"max_depth","  7.6","m"
281,NA,"volume","     481398","m3"
281,NA,"littoral_fraction"," 31.42","m"
281,NA,"circularity","0.693195836238665","m"
281,NA,"dynamic_ratio","378.510752688172","m"
287,NA,"surface_area","  46572212","m2"
287,NA,"shoreline_length"," 211055","m"
287,NA,"shoreline_development"," 8.72","dimensionless"
287,NA,"max_width"," 5845","m"
287,NA,"mean_width"," 8528","m"
287,NA,"max_length"," 5646","m"
287,NA,"mean_depth","18.0","m"
287,NA,"max_depth"," 75.3","m"
287,NA,"volume","  827801101","m3"
287,NA,"littoral_fraction","  0.00","m"
287,NA,"circularity","0.0131385232642943","m"
287,NA,"dynamic_ratio","11725.2627777778","m"
288,NA,"surface_area","   4672795","m2"
288,NA,"shoreline_length","  32234","m"
288,NA,"shoreline_development"," 4.21","dimensionless"
288,NA,"max_width"," 2111","m"
288,NA,"mean_width"," 1286","m"
288,NA,"max_length"," 3678","m"
288,NA,"mean_depth","14.6","m"
288,NA,"max_depth"," 25.2","m"
288,NA,"volume","   73504363","m3"
288,NA,"littoral_fraction"," 18.72","m"
288,NA,"circularity","0.0565135075700293","m"
288,NA,"dynamic_ratio","2206.31211498973","m"
291,NA,"surface_area","   1669355","m2"
291,NA,"shoreline_length","  23587","m"
291,NA,"shoreline_development"," 5.15","dimensionless"
291,NA,"max_width","  844","m"
291,NA,"mean_width","  674","m"
291,NA,"max_length"," 2495","m"
291,NA,"mean_depth","12.8","m"
291,NA,"max_depth"," 27.9","m"
291,NA,"volume","   24810807","m3"
291,NA,"littoral_fraction","  5.78","m"
291,NA,"circularity","0.0377064266510437","m"
291,NA,"dynamic_ratio","1844.17044566067","m"
296,NA,"surface_area","    356453","m2"
296,NA,"shoreline_length","   3030","m"
296,NA,"shoreline_development"," 1.43","dimensionless"
296,NA,"max_width","  626","m"
296,NA,"mean_width","  290","m"
296,NA,"max_length"," 1237","m"
296,NA,"mean_depth"," 6.0","m"
296,NA,"max_depth"," 10.7","m"
296,NA,"volume","    1983582","m3"
296,NA,"littoral_fraction"," 31.46","m"
296,NA,"circularity","0.487743992071462","m"
296,NA,"dynamic_ratio","508.468120805369","m"
297,NA,"surface_area","  43298348","m2"
297,NA,"shoreline_length"," 175449","m"
297,NA,"shoreline_development"," 7.52","dimensionless"
297,NA,"max_width"," 8404","m"
297,NA,"mean_width"," 3693","m"
297,NA,"max_length","12225","m"
297,NA,"mean_depth","31.2","m"
297,NA,"max_depth"," 85.6","m"
297,NA,"volume"," 1399272412","m3"
297,NA,"littoral_fraction","  0.21","m"
297,NA,"circularity","0.0176758531963739","m"
297,NA,"dynamic_ratio","5614.3616","m"
298,NA,"surface_area","   8380426","m2"
298,NA,"shoreline_length","  31854","m"
298,NA,"shoreline_development"," 3.10","dimensionless"
298,NA,"max_width"," 2962","m"
298,NA,"mean_width"," 1495","m"
298,NA,"max_length"," 5627","m"
298,NA,"mean_depth"," 6.6","m"
298,NA,"max_depth"," 14.6","m"
298,NA,"volume","   55491980","m3"
298,NA,"littoral_fraction"," 11.87","m"
298,NA,"circularity","0.103789766604538","m"
298,NA,"dynamic_ratio","4819.02571860817","m"
302,NA,"surface_area","   2430627","m2"
302,NA,"shoreline_length","  12758","m"
302,NA,"shoreline_development"," 2.31","dimensionless"
302,NA,"max_width","  965","m"
302,NA,"mean_width","  640","m"
302,NA,"max_length"," 3814","m"
302,NA,"mean_depth"," 9.8","m"
302,NA,"max_depth"," 18.7","m"
302,NA,"volume","   29023514","m3"
302,NA,"littoral_fraction"," 15.91","m"
302,NA,"circularity","0.187642412496548","m"
302,NA,"dynamic_ratio","1305.88229273286","m"
308,NA,"surface_area","    766529","m2"
308,NA,"shoreline_length","   4398","m"
308,NA,"shoreline_development"," 1.42","dimensionless"
308,NA,"max_width","  568","m"
308,NA,"mean_width","  434","m"
308,NA,"max_length"," 1939","m"
308,NA,"mean_depth","13.1","m"
308,NA,"max_depth"," 19.0","m"
308,NA,"volume","   11732486","m3"
308,NA,"littoral_fraction"," 40.41","m"
308,NA,"circularity","0.498075524271551","m"
308,NA,"dynamic_ratio","334.932216298553","m"
316,NA,"surface_area","   1099252","m2"
316,NA,"shoreline_length","  16889","m"
316,NA,"shoreline_development"," 4.54","dimensionless"
316,NA,"max_width"," 1012","m"
316,NA,"mean_width","  657","m"
316,NA,"max_length"," 1684","m"
316,NA,"mean_depth"," 2.3","m"
316,NA,"max_depth","  3.5","m"
316,NA,"volume","    2477249","m3"
316,NA,"littoral_fraction"," 83.65","m"
316,NA,"circularity","0.0484283001555948","m"
316,NA,"dynamic_ratio","7375.10917030568","m"
317,NA,"surface_area","    214240","m2"
317,NA,"shoreline_length","   4606","m"
317,NA,"shoreline_development"," 2.81","dimensionless"
317,NA,"max_width","  604","m"
317,NA,"mean_width","  350","m"
317,NA,"max_length","  718","m"
317,NA,"mean_depth"," 2.0","m"
317,NA,"max_depth","  3.3","m"
317,NA,"volume","     422764","m3"
317,NA,"littoral_fraction"," 82.97","m"
317,NA,"circularity","0.126903128863012","m"
317,NA,"dynamic_ratio","2338.04568527919","m"
323,NA,"surface_area","    505164","m2"
323,NA,"shoreline_length","   3725","m"
323,NA,"shoreline_development"," 1.48","dimensionless"
323,NA,"max_width","  851","m"
323,NA,"mean_width","  470","m"
323,NA,"max_length"," 1122","m"
323,NA,"mean_depth"," 3.6","m"
323,NA,"max_depth","  4.9","m"
323,NA,"volume","    1940146","m3"
323,NA,"littoral_fraction"," 79.48","m"
323,NA,"circularity","0.45738350127432","m"
323,NA,"dynamic_ratio","1020.67671232877","m"
326,NA,"surface_area","   1092535","m2"
326,NA,"shoreline_length","   7026","m"
326,NA,"shoreline_development"," 1.90","dimensionless"
326,NA,"max_width","  679","m"
326,NA,"mean_width","  545","m"
326,NA,"max_length"," 2030","m"
326,NA,"mean_depth"," 1.8","m"
326,NA,"max_depth","  3.1","m"
326,NA,"volume","    1760585","m3"
326,NA,"littoral_fraction"," 85.26","m"
326,NA,"circularity","0.278125838830729","m"
326,NA,"dynamic_ratio","3947.13483146067","m"
327,NA,"surface_area","    460355","m2"
327,NA,"shoreline_length","   4431","m"
327,NA,"shoreline_development"," 1.84","dimensionless"
327,NA,"max_width","  395","m"
327,NA,"mean_width","  324","m"
327,NA,"max_length"," 1511","m"
327,NA,"mean_depth"," 1.5","m"
327,NA,"max_depth","  2.0","m"
327,NA,"volume","     700458","m3"
327,NA,"littoral_fraction","108.60","m"
327,NA,"circularity","0.294662284599579","m"
327,NA,"dynamic_ratio","3034.84246575342","m"
328,NA,"surface_area","    693212","m2"
328,NA,"shoreline_length","   4650","m"
328,NA,"shoreline_development"," 1.58","dimensionless"
328,NA,"max_width","  613","m"
328,NA,"mean_width","  417","m"
328,NA,"max_length"," 1671","m"
328,NA,"mean_depth"," 3.8","m"
328,NA,"max_depth","  6.7","m"
328,NA,"volume","    2528840","m3"
328,NA,"littoral_fraction"," 46.70","m"
328,NA,"circularity","0.40294726410229","m"
328,NA,"dynamic_ratio","1230.04761904762","m"
331,NA,"surface_area","    211638","m2"
331,NA,"shoreline_length","   4108","m"
331,NA,"shoreline_development"," 2.52","dimensionless"
331,NA,"max_width","  413","m"
331,NA,"mean_width","  247","m"
331,NA,"max_length","  968","m"
331,NA,"mean_depth"," 1.8","m"
331,NA,"max_depth","  3.2","m"
331,NA,"volume","     346640","m3"
331,NA,"littoral_fraction"," 82.53","m"
331,NA,"circularity","0.157581131826586","m"
331,NA,"dynamic_ratio","2282.32222222222","m"
999,NA,"surface_area","  19417530","m2"
999,NA,"shoreline_length","  44791","m"
999,NA,"shoreline_development"," 2.87","dimensionless"
999,NA,"max_width"," 3903","m"
999,NA,"mean_width"," 2077","m"
999,NA,"max_length"," 9715","m"
999,NA,"mean_depth","19.9","m"
999,NA,"max_depth"," 61.1","m"
999,NA,"volume","  408136724","m3"
999,NA,"littoral_fraction","  0.13","m"
999,NA,"circularity","0.121623227154761","m"
999,NA,"dynamic_ratio","2254.21741318571","m"
1000,NA,"surface_area","    150453","m2"
1000,NA,"shoreline_length","   4342","m"
1000,NA,"shoreline_development"," 3.16","dimensionless"
1000,NA,"max_width","  392","m"
1000,NA,"mean_width","  207","m"
1000,NA,"max_length"," 1034","m"
1000,NA,"mean_depth"," 7.3","m"
1000,NA,"max_depth"," 13.6","m"
1000,NA,"volume","    1218521","m3"
1000,NA,"littoral_fraction"," 23.45","m"
1000,NA,"circularity","0.100295626062709","m"
1000,NA,"dynamic_ratio","592.324693042292","m"
1001,NA,"surface_area","   2222186","m2"
1001,NA,"shoreline_length","   8811","m"
1001,NA,"shoreline_development"," 1.67","dimensionless"
1001,NA,"max_width","  810","m"
1001,NA,"mean_width","  599","m"
1001,NA,"max_length"," 3718","m"
1001,NA,"mean_depth"," 4.3","m"
1001,NA,"max_depth","  8.0","m"
1001,NA,"volume","   10078078","m3"
1001,NA,"littoral_fraction"," 36.96","m"
1001,NA,"circularity","0.359702726587678","m"
1001,NA,"dynamic_ratio","2030.17511520737","m"
1002,NA,"surface_area","  11899925","m2"
1002,NA,"shoreline_length","  87259","m"
1002,NA,"shoreline_development"," 7.14","dimensionless"
1002,NA,"max_width"," 2190","m"
1002,NA,"mean_width"," 1576","m"
1002,NA,"max_length"," 7575","m"
1002,NA,"mean_depth"," 5.8","m"
1002,NA,"max_depth"," 14.6","m"
1002,NA,"volume","   75712487","m3"
1002,NA,"littoral_fraction","  7.08","m"
1002,NA,"circularity","0.0196394372782298","m"
1002,NA,"dynamic_ratio","14967.3173241852","m"
1003,NA,"surface_area","   2017654","m2"
1003,NA,"shoreline_length","  18307","m"
1003,NA,"shoreline_development"," 3.64","dimensionless"
1003,NA,"max_width","  850","m"
1003,NA,"mean_width","  445","m"
1003,NA,"max_length"," 4555","m"
1003,NA,"mean_depth"," 6.3","m"
1003,NA,"max_depth"," 15.7","m"
1003,NA,"volume","   15676990","m3"
1003,NA,"littoral_fraction","  6.34","m"
1003,NA,"circularity","0.0756560387265663","m"
1003,NA,"dynamic_ratio","2910.4213036566","m"
1004,NA,"surface_area","   6035506","m2"
1004,NA,"shoreline_length","  43486","m"
1004,NA,"shoreline_development"," 4.99","dimensionless"
1004,NA,"max_width"," 2032","m"
1004,NA,"mean_width"," 1380","m"
1004,NA,"max_length"," 5065","m"
1004,NA,"mean_depth"," 2.6","m"
1004,NA,"max_depth","  6.3","m"
1004,NA,"volume","   18168660","m3"
1004,NA,"littoral_fraction"," 26.06","m"
1004,NA,"circularity","0.0401066151667796","m"
1004,NA,"dynamic_ratio","16790.1274131274","m"
1005,NA,"surface_area","  20376960","m2"
1005,NA,"shoreline_length","  86994","m"
1005,NA,"shoreline_development"," 5.44","dimensionless"
1005,NA,"max_width"," 2861","m"
1005,NA,"mean_width"," 1975","m"
1005,NA,"max_length","10395","m"
1005,NA,"mean_depth"," 8.4","m"
1005,NA,"max_depth"," 25.9","m"
1005,NA,"volume","  210744959","m3"
1005,NA,"littoral_fraction","  0.78","m"
1005,NA,"circularity","0.0338350070248514","m"
1005,NA,"dynamic_ratio","10331.8812351544","m"
1006,NA,"surface_area","   4095585","m2"
1006,NA,"shoreline_length","  75918","m"
1006,NA,"shoreline_development","10.58","dimensionless"
1006,NA,"max_width"," 1763","m"
1006,NA,"mean_width"," 1951","m"
1006,NA,"max_length"," 2425","m"
1006,NA,"mean_depth"," 6.0","m"
1006,NA,"max_depth"," 10.1","m"
1006,NA,"volume","   27880767","m3"
1006,NA,"littoral_fraction"," 39.54","m"
1006,NA,"circularity","0.00892962771973513","m"
1006,NA,"dynamic_ratio","12569.2483443709","m"
1007,NA,"surface_area","   2524544","m2"
1007,NA,"shoreline_length","  26248","m"
1007,NA,"shoreline_development"," 4.66","dimensionless"
1007,NA,"max_width"," 1602","m"
1007,NA,"mean_width"," 1666","m"
1007,NA,"max_length"," 1744","m"
1007,NA,"mean_depth"," 4.4","m"
1007,NA,"max_depth","  8.8","m"
1007,NA,"volume","   12505725","m3"
1007,NA,"littoral_fraction"," 27.96","m"
1007,NA,"circularity","0.0460485452637175","m"
1007,NA,"dynamic_ratio","5965.34772727273","m"
1008,NA,"surface_area","  10158257","m2"
1008,NA,"shoreline_length","  53711","m"
1008,NA,"shoreline_development"," 4.75","dimensionless"
1008,NA,"max_width"," 3586","m"
1008,NA,"mean_width"," 1965","m"
1008,NA,"max_length"," 5179","m"
1008,NA,"mean_depth"," 6.4","m"
1008,NA,"max_depth"," 23.4","m"
1008,NA,"volume","   88627236","m3"
1008,NA,"littoral_fraction","  0.27","m"
1008,NA,"circularity","0.0442492082204573","m"
1008,NA,"dynamic_ratio","8392.315625","m"
1009,NA,"surface_area","   2092338","m2"
1009,NA,"shoreline_length","  34282","m"
1009,NA,"shoreline_development"," 6.69","dimensionless"
1009,NA,"max_width"," 1747","m"
1009,NA,"mean_width"," 1222","m"
1009,NA,"max_length"," 1760","m"
1009,NA,"mean_depth"," 5.3","m"
1009,NA,"max_depth"," 12.7","m"
1009,NA,"volume","   10890611","m3"
1009,NA,"littoral_fraction"," 10.79","m"
1009,NA,"circularity","0.0223723909647899","m"
1009,NA,"dynamic_ratio","6431.87242026266","m"
1010,NA,"surface_area","  31225811","m2"
1010,NA,"shoreline_length"," 239561","m"
1010,NA,"shoreline_development","12.09","dimensionless"
1010,NA,"max_width"," 7848","m"
1010,NA,"mean_width"," 5124","m"
1010,NA,"max_length"," 6492","m"
1010,NA,"mean_depth"," 7.8","m"
1010,NA,"max_depth"," 18.0","m"
1010,NA,"volume","  282868728","m3"
1010,NA,"littoral_fraction","  7.43","m"
1010,NA,"circularity","0.00683742184439544","m"
1010,NA,"dynamic_ratio","30871.2268041237","m"
1011,NA,"surface_area","   4595308","m2"
1011,NA,"shoreline_length","  36850","m"
1011,NA,"shoreline_development"," 4.85","dimensionless"
1011,NA,"max_width"," 1589","m"
1011,NA,"mean_width"," 1283","m"
1011,NA,"max_length"," 3739","m"
1011,NA,"mean_depth"," 1.1","m"
1011,NA,"max_depth","  1.6","m"
1011,NA,"volume","    4729621","m3"
1011,NA,"littoral_fraction","121.75","m"
1011,NA,"circularity","0.0425261961849455","m"
1011,NA,"dynamic_ratio","33197.9279279279","m"
1012,NA,"surface_area","   2669001","m2"
1012,NA,"shoreline_length","  20853","m"
1012,NA,"shoreline_development"," 3.60","dimensionless"
1012,NA,"max_width"," 1321","m"
1012,NA,"mean_width","  688","m"
1012,NA,"max_length"," 3988","m"
1012,NA,"mean_depth"," 4.7","m"
1012,NA,"max_depth","  7.8","m"
1012,NA,"volume","   11809372","m3"
1012,NA,"littoral_fraction"," 46.95","m"
1012,NA,"circularity","0.0771294524389588","m"
1012,NA,"dynamic_ratio","4455.77564102564","m"
1013,NA,"surface_area","   4234663","m2"
1013,NA,"shoreline_length","  37291","m"
1013,NA,"shoreline_development"," 5.11","dimensionless"
1013,NA,"max_width"," 1194","m"
1013,NA,"mean_width"," 1021","m"
1013,NA,"max_length"," 4464","m"
1013,NA,"mean_depth"," 2.5","m"
1013,NA,"max_depth","  6.4","m"
1013,NA,"volume","   10978433","m3"
1013,NA,"littoral_fraction"," 23.21","m"
1013,NA,"circularity","0.0382676528994159","m"
1013,NA,"dynamic_ratio","14856.780876494","m"
1014,NA,"surface_area","   4160769","m2"
1014,NA,"shoreline_length","  24496","m"
1014,NA,"shoreline_development"," 3.39","dimensionless"
1014,NA,"max_width"," 2105","m"
1014,NA,"mean_width"," 1244","m"
1014,NA,"max_length"," 3428","m"
1014,NA,"mean_depth"," 3.3","m"
1014,NA,"max_depth","  5.9","m"
1014,NA,"volume","   14329687","m3"
1014,NA,"littoral_fraction"," 51.95","m"
1014,NA,"circularity","0.0871333900758075","m"
1014,NA,"dynamic_ratio","7356.22822822823","m"
1015,NA,"surface_area","   1263197","m2"
1015,NA,"shoreline_length","  13434","m"
1015,NA,"shoreline_development"," 3.37","dimensionless"
1015,NA,"max_width","  844","m"
1015,NA,"mean_width","  550","m"
1015,NA,"max_length"," 2552","m"
1015,NA,"mean_depth"," 2.6","m"
1015,NA,"max_depth","  4.8","m"
1015,NA,"volume","    3335258","m3"
1015,NA,"littoral_fraction"," 57.92","m"
1015,NA,"circularity","0.0879560369921175","m"
1015,NA,"dynamic_ratio","5166.95","m"
1016,NA,"surface_area","   1566168","m2"
1016,NA,"shoreline_length","   9043","m"
1016,NA,"shoreline_development"," 2.04","dimensionless"
1016,NA,"max_width","  659","m"
1016,NA,"mean_width","  481","m"
1016,NA,"max_length"," 3307","m"
1016,NA,"mean_depth"," 2.0","m"
1016,NA,"max_depth","  2.7","m"
1016,NA,"volume","    3152216","m3"
1016,NA,"littoral_fraction"," 96.39","m"
1016,NA,"circularity","0.240683444236133","m"
1016,NA,"dynamic_ratio","4590.23350253807","m"
1017,NA,"surface_area","   1368096","m2"
1017,NA,"shoreline_length","  13202","m"
1017,NA,"shoreline_development"," 3.18","dimensionless"
1017,NA,"max_width"," 1051","m"
1017,NA,"mean_width","  939","m"
1017,NA,"max_length"," 1522","m"
1017,NA,"mean_depth"," 3.1","m"
1017,NA,"max_depth","  7.3","m"
1017,NA,"volume","    3961550","m3"
1017,NA,"littoral_fraction"," 23.08","m"
1017,NA,"circularity","0.0986409832975512","m"
1017,NA,"dynamic_ratio","4272.44012944984","m"
1018,NA,"surface_area","   5587987","m2"
1018,NA,"shoreline_length","  42130","m"
1018,NA,"shoreline_development"," 5.03","dimensionless"
1018,NA,"max_width"," 2258","m"
1018,NA,"mean_width"," 1930","m"
1018,NA,"max_length"," 3387","m"
1018,NA,"mean_depth"," 3.2","m"
1018,NA,"max_depth","  6.2","m"
1018,NA,"volume","   19989432","m3"
1018,NA,"littoral_fraction"," 43.65","m"
1018,NA,"circularity","0.0395620193143022","m"
1018,NA,"dynamic_ratio","13124.6697819315","m"
1019,NA,"surface_area","   3348780","m2"
1019,NA,"shoreline_length","  62698","m"
1019,NA,"shoreline_development"," 9.66","dimensionless"
1019,NA,"max_width"," 1552","m"
1019,NA,"mean_width","  904","m"
1019,NA,"max_length"," 4977","m"
1019,NA,"mean_depth"," 1.2","m"
1019,NA,"max_depth","  1.9","m"
1019,NA,"volume","    4012354","m3"
1019,NA,"littoral_fraction","117.18","m"
1019,NA,"circularity","0.0107051735318701","m"
1019,NA,"dynamic_ratio","51816.2561983471","m"
1020,NA,"surface_area","   6453623","m2"
1020,NA,"shoreline_length","  28959","m"
1020,NA,"shoreline_development"," 3.22","dimensionless"
1020,NA,"max_width"," 2138","m"
1020,NA,"mean_width"," 1503","m"
1020,NA,"max_length"," 4618","m"
1020,NA,"mean_depth"," 3.7","m"
1020,NA,"max_depth","  8.4","m"
1020,NA,"volume","   28767773","m3"
1020,NA,"littoral_fraction"," 21.69","m"
1020,NA,"circularity","0.0967054188114175","m"
1020,NA,"dynamic_ratio","7743.00802139037","m"
1021,NA,"surface_area","   2039455","m2"
1021,NA,"shoreline_length","  14658","m"
1021,NA,"shoreline_development"," 2.90","dimensionless"
1021,NA,"max_width"," 1162","m"
1021,NA,"mean_width","  661","m"
1021,NA,"max_length"," 3096","m"
1021,NA,"mean_depth"," 2.4","m"
1021,NA,"max_depth","  6.1","m"
1021,NA,"volume","    6202942","m3"
1021,NA,"littoral_fraction"," 24.37","m"
1021,NA,"circularity","0.119284348868455","m"
1021,NA,"dynamic_ratio","6210.95338983051","m"
1022,NA,"surface_area","   1825342","m2"
1022,NA,"shoreline_length","  27681","m"
1022,NA,"shoreline_development"," 5.78","dimensionless"
1022,NA,"max_width","  972","m"
1022,NA,"mean_width","  861","m"
1022,NA,"max_length"," 2497","m"
1022,NA,"mean_depth"," 3.8","m"
1022,NA,"max_depth","  7.6","m"
1022,NA,"volume","    7131112","m3"
1022,NA,"littoral_fraction"," 32.89","m"
1022,NA,"circularity","0.0299354498706383","m"
1022,NA,"dynamic_ratio","7265.3937007874","m"
1023,NA,"surface_area","   1116470","m2"
1023,NA,"shoreline_length","  25872","m"
1023,NA,"shoreline_development"," 6.91","dimensionless"
1023,NA,"max_width"," 1030","m"
1023,NA,"mean_width","  507","m"
1023,NA,"max_length"," 2555","m"
1023,NA,"mean_depth"," 2.9","m"
1023,NA,"max_depth","  9.1","m"
1023,NA,"volume","    4067276","m3"
1023,NA,"littoral_fraction","  5.75","m"
1023,NA,"circularity","0.0209609513578956","m"
1023,NA,"dynamic_ratio","9046.00699300699","m"
1024,NA,"surface_area","  10442809","m2"
1024,NA,"shoreline_length","  82814","m"
1024,NA,"shoreline_development"," 7.23","dimensionless"
1024,NA,"max_width"," 2132","m"
1024,NA,"mean_width"," 2294","m"
1024,NA,"max_length"," 4782","m"
1024,NA,"mean_depth"," 5.3","m"
1024,NA,"max_depth"," 11.6","m"
1024,NA,"volume","   69740100","m3"
1024,NA,"littoral_fraction"," 16.66","m"
1024,NA,"circularity","0.0191346544668837","m"
1024,NA,"dynamic_ratio","15508.2228464419","m"
1025,NA,"surface_area","   4505315","m2"
1025,NA,"shoreline_length","  41050","m"
1025,NA,"shoreline_development"," 5.46","dimensionless"
1025,NA,"max_width"," 1733","m"
1025,NA,"mean_width"," 1049","m"
1025,NA,"max_length"," 4514","m"
1025,NA,"mean_depth"," 3.0","m"
1025,NA,"max_depth","  7.0","m"
1025,NA,"volume","   18519884","m3"
1025,NA,"littoral_fraction"," 24.98","m"
1025,NA,"circularity","0.0335971258748173","m"
1025,NA,"dynamic_ratio","13637.976744186","m"
1026,NA,"surface_area","   8532251","m2"
1026,NA,"shoreline_length","  52866","m"
1026,NA,"shoreline_development"," 5.11","dimensionless"
1026,NA,"max_width"," 2033","m"
1026,NA,"mean_width"," 2608","m"
1026,NA,"max_length"," 3339","m"
1026,NA,"mean_depth"," 3.9","m"
1026,NA,"max_depth","  7.8","m"
1026,NA,"volume","   41322601","m3"
1026,NA,"littoral_fraction"," 32.61","m"
1026,NA,"circularity","0.038363126100468","m"
1026,NA,"dynamic_ratio","13520.8184143222","m"
1027,NA,"surface_area","   3039392","m2"
1027,NA,"shoreline_length","  15505","m"
1027,NA,"shoreline_development"," 2.51","dimensionless"
1027,NA,"max_width"," 2032","m"
1027,NA,"mean_width","  866","m"
1027,NA,"max_length"," 3532","m"
1027,NA,"mean_depth"," 4.2","m"
1027,NA,"max_depth","  9.2","m"
1027,NA,"volume","   14281913","m3"
1027,NA,"littoral_fraction"," 21.48","m"
1027,NA,"circularity","0.158878398392711","m"
1027,NA,"dynamic_ratio","3674.12085308057","m"
1028,NA,"surface_area","   7352942","m2"
1028,NA,"shoreline_length","  42361","m"
1028,NA,"shoreline_development"," 4.41","dimensionless"
1028,NA,"max_width"," 1615","m"
1028,NA,"mean_width"," 1127","m"
1028,NA,"max_length"," 6762","m"
1028,NA,"mean_depth"," 4.1","m"
1028,NA,"max_depth","  9.8","m"
1028,NA,"volume","   39608829","m3"
1028,NA,"littoral_fraction"," 15.08","m"
1028,NA,"circularity","0.0514906977627628","m"
1028,NA,"dynamic_ratio","10332.0682926829","m"
1029,NA,"surface_area","  12280529","m2"
1029,NA,"shoreline_length","  52800","m"
1029,NA,"shoreline_development"," 4.25","dimensionless"
1029,NA,"max_width"," 3066","m"
1029,NA,"mean_width"," 1797","m"
1029,NA,"max_length"," 5277","m"
1029,NA,"mean_depth"," 3.5","m"
1029,NA,"max_depth","  6.2","m"
1029,NA,"volume","   52408285","m3"
1029,NA,"littoral_fraction"," 50.38","m"
1029,NA,"circularity","0.0553560001298593","m"
1029,NA,"dynamic_ratio","15085.6171428571","m"
1030,NA,"surface_area","   8277016","m2"
1030,NA,"shoreline_length","  50697","m"
1030,NA,"shoreline_development"," 4.97","dimensionless"
1030,NA,"max_width"," 2833","m"
1030,NA,"mean_width"," 1953","m"
1030,NA,"max_length"," 4260","m"
1030,NA,"mean_depth"," 3.0","m"
1030,NA,"max_depth","  7.1","m"
1030,NA,"volume","   32996943","m3"
1030,NA,"littoral_fraction"," 23.89","m"
1030,NA,"circularity","0.0404679377135726","m"
1030,NA,"dynamic_ratio","17069.8552188552","m"
1031,NA,"surface_area","   7992553","m2"
1031,NA,"shoreline_length","  56064","m"
1031,NA,"shoreline_development"," 5.59","dimensionless"
1031,NA,"max_width"," 3646","m"
1031,NA,"mean_width"," 2299","m"
1031,NA,"max_length"," 3449","m"
1031,NA,"mean_depth","10.4","m"
1031,NA,"max_depth"," 25.8","m"
1031,NA,"volume","  111648869","m3"
1031,NA,"littoral_fraction","  3.21","m"
1031,NA,"circularity","0.0319545356391179","m"
1031,NA,"dynamic_ratio","5385.55811719501","m"
1032,NA,"surface_area","   1567670","m2"
1032,NA,"shoreline_length","  14402","m"
1032,NA,"shoreline_development"," 3.24","dimensionless"
1032,NA,"max_width"," 1585","m"
1032,NA,"mean_width","  894","m"
1032,NA,"max_length"," 2079","m"
1032,NA,"mean_depth"," 2.4","m"
1032,NA,"max_depth","  3.6","m"
1032,NA,"volume","    3462243","m3"
1032,NA,"littoral_fraction"," 82.77","m"
1032,NA,"circularity","0.09498278058336","m"
1032,NA,"dynamic_ratio","6076.61181434599","m"
1,NA,"lacustrine","   98.98","percent"
1,NA,"palustrine","    1.02","percent"
1,NA,"riverine","    0.00","percent"
1,NA,"limnetic","   98.98","percent"
1,NA,"littoral","    0.00","percent"
1,NA,"intermittent","    0.00","percent"
1,NA,"lower_perennial","    0.00","percent"
1,NA,"upper_perennial","    0.00","percent"
1,NA,"emergent","    0.00","percent"
1,NA,"aquatic_bed","    0.00","percent"
2,NA,"lacustrine","   96.08","percent"
2,NA,"palustrine","    3.89","percent"
2,NA,"riverine","    0.03","percent"
2,NA,"limnetic","   96.08","percent"
2,NA,"littoral","    0.00","percent"
2,NA,"intermittent","    0.00","percent"
2,NA,"lower_perennial","    0.00","percent"
2,NA,"upper_perennial","    0.00","percent"
2,NA,"emergent","    0.00","percent"
2,NA,"aquatic_bed","    0.00","percent"
3,NA,"lacustrine","   99.65","percent"
3,NA,"palustrine","    0.35","percent"
3,NA,"riverine","    0.00","percent"
3,NA,"limnetic","   98.33","percent"
3,NA,"littoral","    1.32","percent"
3,NA,"intermittent","    0.00","percent"
3,NA,"lower_perennial","    0.00","percent"
3,NA,"upper_perennial","    0.00","percent"
3,NA,"emergent","   11.15","percent"
3,NA,"aquatic_bed","   29.13","percent"
4,NA,"lacustrine","   94.50","percent"
4,NA,"palustrine","    5.46","percent"
4,NA,"riverine","    0.04","percent"
4,NA,"limnetic","   94.50","percent"
4,NA,"littoral","    0.00","percent"
4,NA,"intermittent","    0.00","percent"
4,NA,"lower_perennial","    0.00","percent"
4,NA,"upper_perennial","    0.00","percent"
4,NA,"emergent","  481.27","percent"
4,NA,"aquatic_bed","    0.00","percent"
10,NA,"lacustrine","  100.00","percent"
10,NA,"palustrine","    0.00","percent"
10,NA,"riverine","    0.00","percent"
10,NA,"limnetic","  100.00","percent"
10,NA,"littoral","    0.00","percent"
10,NA,"intermittent","    0.00","percent"
10,NA,"lower_perennial","    0.00","percent"
10,NA,"upper_perennial","    0.00","percent"
10,NA,"emergent","    0.00","percent"
10,NA,"aquatic_bed","    0.00","percent"
11,NA,"lacustrine","   99.75","percent"
11,NA,"palustrine","    0.18","percent"
11,NA,"riverine","    0.07","percent"
11,NA,"limnetic","   99.75","percent"
11,NA,"littoral","    0.00","percent"
11,NA,"intermittent","    0.00","percent"
11,NA,"lower_perennial","    0.02","percent"
11,NA,"upper_perennial","    0.00","percent"
11,NA,"emergent","    0.00","percent"
11,NA,"aquatic_bed","    0.00","percent"
13,NA,"lacustrine","   99.90","percent"
13,NA,"palustrine","    0.10","percent"
13,NA,"riverine","    0.00","percent"
13,NA,"limnetic","   99.90","percent"
13,NA,"littoral","    0.00","percent"
13,NA,"intermittent","    0.00","percent"
13,NA,"lower_perennial","    0.00","percent"
13,NA,"upper_perennial","    0.00","percent"
13,NA,"emergent","    0.00","percent"
13,NA,"aquatic_bed","    0.00","percent"
14,NA,"lacustrine","   99.39","percent"
14,NA,"palustrine","    0.00","percent"
14,NA,"riverine","    0.61","percent"
14,NA,"limnetic","   99.39","percent"
14,NA,"littoral","    0.00","percent"
14,NA,"intermittent","    0.61","percent"
14,NA,"lower_perennial","    0.00","percent"
14,NA,"upper_perennial","    0.00","percent"
14,NA,"emergent","    0.00","percent"
14,NA,"aquatic_bed","    0.00","percent"
16,NA,"lacustrine","   93.42","percent"
16,NA,"palustrine","    6.58","percent"
16,NA,"riverine","    0.00","percent"
16,NA,"limnetic","   92.23","percent"
16,NA,"littoral","    1.19","percent"
16,NA,"intermittent","    0.00","percent"
16,NA,"lower_perennial","    0.00","percent"
16,NA,"upper_perennial","    0.00","percent"
16,NA,"emergent","    0.00","percent"
16,NA,"aquatic_bed","  119.07","percent"
17,NA,"lacustrine","  100.00","percent"
17,NA,"palustrine","    0.00","percent"
17,NA,"riverine","    0.00","percent"
17,NA,"limnetic","  100.00","percent"
17,NA,"littoral","    0.00","percent"
17,NA,"intermittent","    0.00","percent"
17,NA,"lower_perennial","    0.00","percent"
17,NA,"upper_perennial","    0.00","percent"
17,NA,"emergent","    0.00","percent"
17,NA,"aquatic_bed","    0.00","percent"
18,NA,"lacustrine","   98.50","percent"
18,NA,"palustrine","    1.49","percent"
18,NA,"riverine","    0.02","percent"
18,NA,"limnetic","   93.00","percent"
18,NA,"littoral","    5.50","percent"
18,NA,"intermittent","    0.00","percent"
18,NA,"lower_perennial","    0.00","percent"
18,NA,"upper_perennial","    0.00","percent"
18,NA,"emergent","   71.87","percent"
18,NA,"aquatic_bed","  614.29","percent"
44,NA,"lacustrine","   82.14","percent"
44,NA,"palustrine","   17.85","percent"
44,NA,"riverine","    0.00","percent"
44,NA,"limnetic","   82.14","percent"
44,NA,"littoral","    0.00","percent"
44,NA,"intermittent","    0.00","percent"
44,NA,"lower_perennial","    0.00","percent"
44,NA,"upper_perennial","    0.00","percent"
44,NA,"emergent","    0.00","percent"
44,NA,"aquatic_bed","    0.00","percent"
45,NA,"lacustrine","  100.00","percent"
45,NA,"palustrine","    0.00","percent"
45,NA,"riverine","    0.00","percent"
45,NA,"limnetic","   99.51","percent"
45,NA,"littoral","    0.49","percent"
45,NA,"intermittent","    0.00","percent"
45,NA,"lower_perennial","    0.00","percent"
45,NA,"upper_perennial","    0.00","percent"
45,NA,"emergent","    0.00","percent"
45,NA,"aquatic_bed","   48.60","percent"
46,NA,"lacustrine","  100.00","percent"
46,NA,"palustrine","    0.00","percent"
46,NA,"riverine","    0.00","percent"
46,NA,"limnetic","  100.00","percent"
46,NA,"littoral","    0.00","percent"
46,NA,"intermittent","    0.00","percent"
46,NA,"lower_perennial","    0.00","percent"
46,NA,"upper_perennial","    0.00","percent"
46,NA,"emergent","    0.00","percent"
46,NA,"aquatic_bed","    0.00","percent"
47,NA,"lacustrine","   99.77","percent"
47,NA,"palustrine","    0.21","percent"
47,NA,"riverine","    0.02","percent"
47,NA,"limnetic","   99.77","percent"
47,NA,"littoral","    0.00","percent"
47,NA,"intermittent","    0.00","percent"
47,NA,"lower_perennial","    0.02","percent"
47,NA,"upper_perennial","    0.00","percent"
47,NA,"emergent","    0.00","percent"
47,NA,"aquatic_bed","    0.00","percent"
49,NA,"lacustrine","   99.61","percent"
49,NA,"palustrine","    0.06","percent"
49,NA,"riverine","    0.32","percent"
49,NA,"limnetic","   99.61","percent"
49,NA,"littoral","    0.00","percent"
49,NA,"intermittent","    0.00","percent"
49,NA,"lower_perennial","    0.29","percent"
49,NA,"upper_perennial","    0.00","percent"
49,NA,"emergent","    0.00","percent"
49,NA,"aquatic_bed","    0.00","percent"
51,NA,"lacustrine","   99.00","percent"
51,NA,"palustrine","    1.00","percent"
51,NA,"riverine","    0.00","percent"
51,NA,"limnetic","   99.00","percent"
51,NA,"littoral","    0.00","percent"
51,NA,"intermittent","    0.00","percent"
51,NA,"lower_perennial","    0.00","percent"
51,NA,"upper_perennial","    0.00","percent"
51,NA,"emergent","   79.82","percent"
51,NA,"aquatic_bed","    0.00","percent"
52,NA,"lacustrine","   78.99","percent"
52,NA,"palustrine","    0.09","percent"
52,NA,"riverine","   20.92","percent"
52,NA,"limnetic","   78.99","percent"
52,NA,"littoral","    0.00","percent"
52,NA,"intermittent","    0.00","percent"
52,NA,"lower_perennial","   20.92","percent"
52,NA,"upper_perennial","    0.00","percent"
52,NA,"emergent","    7.06","percent"
52,NA,"aquatic_bed","    0.00","percent"
53,NA,"lacustrine","   99.90","percent"
53,NA,"palustrine","    0.09","percent"
53,NA,"riverine","    0.01","percent"
53,NA,"limnetic","   93.58","percent"
53,NA,"littoral","    6.32","percent"
53,NA,"intermittent","    0.00","percent"
53,NA,"lower_perennial","    0.00","percent"
53,NA,"upper_perennial","    0.00","percent"
53,NA,"emergent","  287.45","percent"
53,NA,"aquatic_bed","    0.00","percent"
54,NA,"lacustrine","   97.30","percent"
54,NA,"palustrine","    2.70","percent"
54,NA,"riverine","    0.00","percent"
54,NA,"limnetic","   97.30","percent"
54,NA,"littoral","    0.00","percent"
54,NA,"intermittent","    0.00","percent"
54,NA,"lower_perennial","    0.00","percent"
54,NA,"upper_perennial","    0.00","percent"
54,NA,"emergent","    0.00","percent"
54,NA,"aquatic_bed","    0.00","percent"
55,NA,"lacustrine","  100.00","percent"
55,NA,"palustrine","    0.00","percent"
55,NA,"riverine","    0.00","percent"
55,NA,"limnetic","  100.00","percent"
55,NA,"littoral","    0.00","percent"
55,NA,"intermittent","    0.00","percent"
55,NA,"lower_perennial","    0.00","percent"
55,NA,"upper_perennial","    0.00","percent"
55,NA,"emergent","    0.00","percent"
55,NA,"aquatic_bed","    0.00","percent"
57,NA,"lacustrine","   99.65","percent"
57,NA,"palustrine","    0.27","percent"
57,NA,"riverine","    0.08","percent"
57,NA,"limnetic","   99.65","percent"
57,NA,"littoral","    0.00","percent"
57,NA,"intermittent","    0.02","percent"
57,NA,"lower_perennial","    0.06","percent"
57,NA,"upper_perennial","    0.00","percent"
57,NA,"emergent","    0.00","percent"
57,NA,"aquatic_bed","    0.00","percent"
64,NA,"lacustrine","   99.78","percent"
64,NA,"palustrine","    0.18","percent"
64,NA,"riverine","    0.04","percent"
64,NA,"limnetic","   99.78","percent"
64,NA,"littoral","    0.00","percent"
64,NA,"intermittent","    0.00","percent"
64,NA,"lower_perennial","    0.00","percent"
64,NA,"upper_perennial","    0.00","percent"
64,NA,"emergent","    0.00","percent"
64,NA,"aquatic_bed","    0.00","percent"
65,NA,"lacustrine","   99.52","percent"
65,NA,"palustrine","    0.48","percent"
65,NA,"riverine","    0.00","percent"
65,NA,"limnetic","   99.52","percent"
65,NA,"littoral","    0.00","percent"
65,NA,"intermittent","    0.00","percent"
65,NA,"lower_perennial","    0.00","percent"
65,NA,"upper_perennial","    0.00","percent"
65,NA,"emergent","    0.00","percent"
65,NA,"aquatic_bed","    0.00","percent"
66,NA,"lacustrine","  100.00","percent"
66,NA,"palustrine","    0.00","percent"
66,NA,"riverine","    0.00","percent"
66,NA,"limnetic","  100.00","percent"
66,NA,"littoral","    0.00","percent"
66,NA,"intermittent","    0.00","percent"
66,NA,"lower_perennial","    0.00","percent"
66,NA,"upper_perennial","    0.00","percent"
66,NA,"emergent","    0.00","percent"
66,NA,"aquatic_bed","    0.00","percent"
67,NA,"lacustrine","  100.00","percent"
67,NA,"palustrine","    0.00","percent"
67,NA,"riverine","    0.00","percent"
67,NA,"limnetic","  100.00","percent"
67,NA,"littoral","    0.00","percent"
67,NA,"intermittent","    0.00","percent"
67,NA,"lower_perennial","    0.00","percent"
67,NA,"upper_perennial","    0.00","percent"
67,NA,"emergent","    0.12","percent"
67,NA,"aquatic_bed","    0.00","percent"
68,NA,"lacustrine","   99.96","percent"
68,NA,"palustrine","    0.04","percent"
68,NA,"riverine","    0.00","percent"
68,NA,"limnetic","   97.20","percent"
68,NA,"littoral","    2.76","percent"
68,NA,"intermittent","    0.00","percent"
68,NA,"lower_perennial","    0.00","percent"
68,NA,"upper_perennial","    0.00","percent"
68,NA,"emergent","    0.00","percent"
68,NA,"aquatic_bed","  275.89","percent"
69,NA,"lacustrine","   98.51","percent"
69,NA,"palustrine","    1.42","percent"
69,NA,"riverine","    0.06","percent"
69,NA,"limnetic","   93.15","percent"
69,NA,"littoral","    5.37","percent"
69,NA,"intermittent","    0.02","percent"
69,NA,"lower_perennial","    0.02","percent"
69,NA,"upper_perennial","    0.00","percent"
69,NA,"emergent","   51.64","percent"
69,NA,"aquatic_bed","  162.80","percent"
70,NA,"lacustrine","   97.09","percent"
70,NA,"palustrine","    2.56","percent"
70,NA,"riverine","    0.35","percent"
70,NA,"limnetic","   95.88","percent"
70,NA,"littoral","    1.21","percent"
70,NA,"intermittent","    0.34","percent"
70,NA,"lower_perennial","    0.00","percent"
70,NA,"upper_perennial","    0.00","percent"
70,NA,"emergent","  196.36","percent"
70,NA,"aquatic_bed","    0.75","percent"
71,NA,"lacustrine","  100.00","percent"
71,NA,"palustrine","    0.00","percent"
71,NA,"riverine","    0.00","percent"
71,NA,"limnetic","    0.00","percent"
71,NA,"littoral","  100.00","percent"
71,NA,"intermittent","    0.00","percent"
71,NA,"lower_perennial","    0.00","percent"
71,NA,"upper_perennial","    0.00","percent"
71,NA,"emergent","    0.00","percent"
71,NA,"aquatic_bed","10000.00","percent"
72,NA,"lacustrine","   99.97","percent"
72,NA,"palustrine","    0.03","percent"
72,NA,"riverine","    0.00","percent"
72,NA,"limnetic","   99.97","percent"
72,NA,"littoral","    0.00","percent"
72,NA,"intermittent","    0.00","percent"
72,NA,"lower_perennial","    0.00","percent"
72,NA,"upper_perennial","    0.00","percent"
72,NA,"emergent","    2.60","percent"
72,NA,"aquatic_bed","    0.00","percent"
75,NA,"lacustrine","   92.39","percent"
75,NA,"palustrine","    7.58","percent"
75,NA,"riverine","    0.03","percent"
75,NA,"limnetic","   37.74","percent"
75,NA,"littoral","   54.66","percent"
75,NA,"intermittent","    0.01","percent"
75,NA,"lower_perennial","    0.00","percent"
75,NA,"upper_perennial","    0.00","percent"
75,NA,"emergent","  758.20","percent"
75,NA,"aquatic_bed"," 5465.76","percent"
76,NA,"lacustrine","  100.00","percent"
76,NA,"palustrine","    0.00","percent"
76,NA,"riverine","    0.00","percent"
76,NA,"limnetic","    0.00","percent"
76,NA,"littoral","  100.00","percent"
76,NA,"intermittent","    0.00","percent"
76,NA,"lower_perennial","    0.00","percent"
76,NA,"upper_perennial","    0.00","percent"
76,NA,"emergent","    0.00","percent"
76,NA,"aquatic_bed"," 9998.57","percent"
77,NA,"lacustrine","   99.96","percent"
77,NA,"palustrine","    0.04","percent"
77,NA,"riverine","    0.00","percent"
77,NA,"limnetic","   99.10","percent"
77,NA,"littoral","    0.86","percent"
77,NA,"intermittent","    0.00","percent"
77,NA,"lower_perennial","    0.00","percent"
77,NA,"upper_perennial","    0.00","percent"
77,NA,"emergent","    4.00","percent"
77,NA,"aquatic_bed","    0.00","percent"
78,NA,"lacustrine","   96.60","percent"
78,NA,"palustrine","    3.34","percent"
78,NA,"riverine","    0.06","percent"
78,NA,"limnetic","    0.00","percent"
78,NA,"littoral","   96.60","percent"
78,NA,"intermittent","    0.00","percent"
78,NA,"lower_perennial","    0.00","percent"
78,NA,"upper_perennial","    0.00","percent"
78,NA,"emergent","  194.00","percent"
78,NA,"aquatic_bed"," 9530.22","percent"
79,NA,"lacustrine","   97.67","percent"
79,NA,"palustrine","    2.33","percent"
79,NA,"riverine","    0.00","percent"
79,NA,"limnetic","   97.67","percent"
79,NA,"littoral","    0.00","percent"
79,NA,"intermittent","    0.00","percent"
79,NA,"lower_perennial","    0.00","percent"
79,NA,"upper_perennial","    0.00","percent"
79,NA,"emergent","  233.10","percent"
79,NA,"aquatic_bed","    0.00","percent"
82,NA,"lacustrine","   99.91","percent"
82,NA,"palustrine","    0.00","percent"
82,NA,"riverine","    0.09","percent"
82,NA,"limnetic","   99.91","percent"
82,NA,"littoral","    0.00","percent"
82,NA,"intermittent","    0.00","percent"
82,NA,"lower_perennial","    0.00","percent"
82,NA,"upper_perennial","    0.00","percent"
82,NA,"emergent","    0.00","percent"
82,NA,"aquatic_bed","    0.00","percent"
83,NA,"lacustrine","   99.37","percent"
83,NA,"palustrine","    0.62","percent"
83,NA,"riverine","    0.01","percent"
83,NA,"limnetic","   92.16","percent"
83,NA,"littoral","    7.21","percent"
83,NA,"intermittent","    0.00","percent"
83,NA,"lower_perennial","    0.00","percent"
83,NA,"upper_perennial","    0.00","percent"
83,NA,"emergent","   40.15","percent"
83,NA,"aquatic_bed","  577.85","percent"
84,NA,"lacustrine","  100.00","percent"
84,NA,"palustrine","    0.00","percent"
84,NA,"riverine","    0.00","percent"
84,NA,"limnetic","  100.00","percent"
84,NA,"littoral","    0.00","percent"
84,NA,"intermittent","    0.00","percent"
84,NA,"lower_perennial","    0.00","percent"
84,NA,"upper_perennial","    0.00","percent"
84,NA,"emergent","    0.00","percent"
84,NA,"aquatic_bed","    0.00","percent"
98,NA,"lacustrine","  100.00","percent"
98,NA,"palustrine","    0.00","percent"
98,NA,"riverine","    0.00","percent"
98,NA,"limnetic","  100.00","percent"
98,NA,"littoral","    0.00","percent"
98,NA,"intermittent","    0.00","percent"
98,NA,"lower_perennial","    0.00","percent"
98,NA,"upper_perennial","    0.00","percent"
98,NA,"emergent","    0.00","percent"
98,NA,"aquatic_bed","    0.00","percent"
99,NA,"lacustrine","  100.00","percent"
99,NA,"palustrine","    0.00","percent"
99,NA,"riverine","    0.00","percent"
99,NA,"limnetic","   99.70","percent"
99,NA,"littoral","    0.30","percent"
99,NA,"intermittent","    0.00","percent"
99,NA,"lower_perennial","    0.00","percent"
99,NA,"upper_perennial","    0.00","percent"
99,NA,"emergent","    0.00","percent"
99,NA,"aquatic_bed","    0.00","percent"
100,NA,"lacustrine","   85.28","percent"
100,NA,"palustrine","   14.71","percent"
100,NA,"riverine","    0.01","percent"
100,NA,"limnetic","   76.05","percent"
100,NA,"littoral","    9.23","percent"
100,NA,"intermittent","    0.01","percent"
100,NA,"lower_perennial","    0.00","percent"
100,NA,"upper_perennial","    0.00","percent"
100,NA,"emergent","    0.00","percent"
100,NA,"aquatic_bed","    0.00","percent"
101,NA,"lacustrine","   98.78","percent"
101,NA,"palustrine","    1.22","percent"
101,NA,"riverine","    0.00","percent"
101,NA,"limnetic","   98.78","percent"
101,NA,"littoral","    0.00","percent"
101,NA,"intermittent","    0.00","percent"
101,NA,"lower_perennial","    0.00","percent"
101,NA,"upper_perennial","    0.00","percent"
101,NA,"emergent","   78.20","percent"
101,NA,"aquatic_bed","    0.00","percent"
102,NA,"lacustrine","   99.87","percent"
102,NA,"palustrine","    0.00","percent"
102,NA,"riverine","    0.13","percent"
102,NA,"limnetic","   99.87","percent"
102,NA,"littoral","    0.00","percent"
102,NA,"intermittent","    0.00","percent"
102,NA,"lower_perennial","    0.00","percent"
102,NA,"upper_perennial","    0.00","percent"
102,NA,"emergent","    0.00","percent"
102,NA,"aquatic_bed","    0.00","percent"
103,NA,"lacustrine","  100.00","percent"
103,NA,"palustrine","    0.00","percent"
103,NA,"riverine","    0.00","percent"
103,NA,"limnetic","   99.99","percent"
103,NA,"littoral","    0.01","percent"
103,NA,"intermittent","    0.00","percent"
103,NA,"lower_perennial","    0.00","percent"
103,NA,"upper_perennial","    0.00","percent"
103,NA,"emergent","    0.55","percent"
103,NA,"aquatic_bed","  181.91","percent"
116,NA,"lacustrine","   26.30","percent"
116,NA,"palustrine","   73.70","percent"
116,NA,"riverine","    0.00","percent"
116,NA,"limnetic","   26.30","percent"
116,NA,"littoral","    0.00","percent"
116,NA,"intermittent","    0.00","percent"
116,NA,"lower_perennial","    0.00","percent"
116,NA,"upper_perennial","    0.00","percent"
116,NA,"emergent","    0.00","percent"
116,NA,"aquatic_bed","    0.00","percent"
117,NA,"lacustrine","  100.00","percent"
117,NA,"palustrine","    0.00","percent"
117,NA,"riverine","    0.00","percent"
117,NA,"limnetic","  100.00","percent"
117,NA,"littoral","    0.00","percent"
117,NA,"intermittent","    0.00","percent"
117,NA,"lower_perennial","    0.00","percent"
117,NA,"upper_perennial","    0.00","percent"
117,NA,"emergent","    0.00","percent"
117,NA,"aquatic_bed","    0.00","percent"
119,NA,"lacustrine","   99.73","percent"
119,NA,"palustrine","    0.27","percent"
119,NA,"riverine","    0.00","percent"
119,NA,"limnetic","   99.23","percent"
119,NA,"littoral","    0.50","percent"
119,NA,"intermittent","    0.00","percent"
119,NA,"lower_perennial","    0.00","percent"
119,NA,"upper_perennial","    0.00","percent"
119,NA,"emergent","   50.11","percent"
119,NA,"aquatic_bed","    0.00","percent"
136,NA,"lacustrine","   99.90","percent"
136,NA,"palustrine","    0.00","percent"
136,NA,"riverine","    0.10","percent"
136,NA,"limnetic","   99.90","percent"
136,NA,"littoral","    0.00","percent"
136,NA,"intermittent","    0.02","percent"
136,NA,"lower_perennial","    0.00","percent"
136,NA,"upper_perennial","    0.00","percent"
136,NA,"emergent","    0.00","percent"
136,NA,"aquatic_bed","    0.00","percent"
137,NA,"lacustrine","   96.30","percent"
137,NA,"palustrine","    3.67","percent"
137,NA,"riverine","    0.03","percent"
137,NA,"limnetic","   84.24","percent"
137,NA,"littoral","   12.06","percent"
137,NA,"intermittent","    0.00","percent"
137,NA,"lower_perennial","    0.00","percent"
137,NA,"upper_perennial","    0.00","percent"
137,NA,"emergent","    0.00","percent"
137,NA,"aquatic_bed","    0.00","percent"
138,NA,"lacustrine","   99.36","percent"
138,NA,"palustrine","    0.62","percent"
138,NA,"riverine","    0.02","percent"
138,NA,"limnetic","   99.36","percent"
138,NA,"littoral","    0.00","percent"
138,NA,"intermittent","    0.00","percent"
138,NA,"lower_perennial","    0.02","percent"
138,NA,"upper_perennial","    0.00","percent"
138,NA,"emergent","    0.00","percent"
138,NA,"aquatic_bed","    0.00","percent"
146,NA,"lacustrine","   99.97","percent"
146,NA,"palustrine","    0.03","percent"
146,NA,"riverine","    0.00","percent"
146,NA,"limnetic","   99.97","percent"
146,NA,"littoral","    0.00","percent"
146,NA,"intermittent","    0.00","percent"
146,NA,"lower_perennial","    0.00","percent"
146,NA,"upper_perennial","    0.00","percent"
146,NA,"emergent","    2.20","percent"
146,NA,"aquatic_bed","    0.00","percent"
147,NA,"lacustrine","   99.54","percent"
147,NA,"palustrine","    0.46","percent"
147,NA,"riverine","    0.00","percent"
147,NA,"limnetic","   99.54","percent"
147,NA,"littoral","    0.00","percent"
147,NA,"intermittent","    0.00","percent"
147,NA,"lower_perennial","    0.00","percent"
147,NA,"upper_perennial","    0.00","percent"
147,NA,"emergent","   46.07","percent"
147,NA,"aquatic_bed","    0.00","percent"
148,NA,"lacustrine","   99.88","percent"
148,NA,"palustrine","    0.12","percent"
148,NA,"riverine","    0.01","percent"
148,NA,"limnetic","   97.66","percent"
148,NA,"littoral","    2.22","percent"
148,NA,"intermittent","    0.00","percent"
148,NA,"lower_perennial","    0.00","percent"
148,NA,"upper_perennial","    0.00","percent"
148,NA,"emergent","    1.00","percent"
148,NA,"aquatic_bed","    0.00","percent"
149,NA,"lacustrine","   98.93","percent"
149,NA,"palustrine","    1.05","percent"
149,NA,"riverine","    0.02","percent"
149,NA,"limnetic","   98.91","percent"
149,NA,"littoral","    0.02","percent"
149,NA,"intermittent","    0.00","percent"
149,NA,"lower_perennial","    0.00","percent"
149,NA,"upper_perennial","    0.00","percent"
149,NA,"emergent","    2.02","percent"
149,NA,"aquatic_bed","    1.67","percent"
155,NA,"lacustrine","   99.51","percent"
155,NA,"palustrine","    0.49","percent"
155,NA,"riverine","    0.00","percent"
155,NA,"limnetic","   99.51","percent"
155,NA,"littoral","    0.00","percent"
155,NA,"intermittent","    0.00","percent"
155,NA,"lower_perennial","    0.00","percent"
155,NA,"upper_perennial","    0.00","percent"
155,NA,"emergent","    0.00","percent"
155,NA,"aquatic_bed","    0.00","percent"
157,NA,"lacustrine","  100.00","percent"
157,NA,"palustrine","    0.00","percent"
157,NA,"riverine","    0.00","percent"
157,NA,"limnetic","   99.92","percent"
157,NA,"littoral","    0.08","percent"
157,NA,"intermittent","    0.00","percent"
157,NA,"lower_perennial","    0.00","percent"
157,NA,"upper_perennial","    0.00","percent"
157,NA,"emergent","    0.00","percent"
157,NA,"aquatic_bed","    0.00","percent"
159,NA,"lacustrine","  100.00","percent"
159,NA,"palustrine","    0.00","percent"
159,NA,"riverine","    0.00","percent"
159,NA,"limnetic","  100.00","percent"
159,NA,"littoral","    0.00","percent"
159,NA,"intermittent","    0.00","percent"
159,NA,"lower_perennial","    0.00","percent"
159,NA,"upper_perennial","    0.00","percent"
159,NA,"emergent","    0.00","percent"
159,NA,"aquatic_bed","    0.00","percent"
165,NA,"lacustrine","   99.97","percent"
165,NA,"palustrine","    0.03","percent"
165,NA,"riverine","    0.00","percent"
165,NA,"limnetic","   99.97","percent"
165,NA,"littoral","    0.00","percent"
165,NA,"intermittent","    0.00","percent"
165,NA,"lower_perennial","    0.00","percent"
165,NA,"upper_perennial","    0.00","percent"
165,NA,"emergent","    2.96","percent"
165,NA,"aquatic_bed","    0.00","percent"
166,NA,"lacustrine","    0.00","percent"
166,NA,"palustrine","  100.00","percent"
166,NA,"riverine","    0.00","percent"
166,NA,"limnetic","    0.00","percent"
166,NA,"littoral","    0.00","percent"
166,NA,"intermittent","    0.00","percent"
166,NA,"lower_perennial","    0.00","percent"
166,NA,"upper_perennial","    0.00","percent"
166,NA,"emergent","    0.00","percent"
166,NA,"aquatic_bed","    0.00","percent"
167,NA,"lacustrine","  100.00","percent"
167,NA,"palustrine","    0.00","percent"
167,NA,"riverine","    0.00","percent"
167,NA,"limnetic","   51.38","percent"
167,NA,"littoral","   48.62","percent"
167,NA,"intermittent","    0.00","percent"
167,NA,"lower_perennial","    0.00","percent"
167,NA,"upper_perennial","    0.00","percent"
167,NA,"emergent","    0.13","percent"
167,NA,"aquatic_bed","    0.00","percent"
184,NA,"lacustrine","    0.00","percent"
184,NA,"palustrine","  100.00","percent"
184,NA,"riverine","    0.00","percent"
184,NA,"limnetic","    0.00","percent"
184,NA,"littoral","    0.00","percent"
184,NA,"intermittent","    0.00","percent"
184,NA,"lower_perennial","    0.00","percent"
184,NA,"upper_perennial","    0.00","percent"
184,NA,"emergent"," 2008.34","percent"
184,NA,"aquatic_bed","    0.00","percent"
186,NA,"lacustrine","  100.00","percent"
186,NA,"palustrine","    0.00","percent"
186,NA,"riverine","    0.00","percent"
186,NA,"limnetic","  100.00","percent"
186,NA,"littoral","    0.00","percent"
186,NA,"intermittent","    0.00","percent"
186,NA,"lower_perennial","    0.00","percent"
186,NA,"upper_perennial","    0.00","percent"
186,NA,"emergent","    0.00","percent"
186,NA,"aquatic_bed","    0.00","percent"
188,NA,"lacustrine","  100.00","percent"
188,NA,"palustrine","    0.00","percent"
188,NA,"riverine","    0.00","percent"
188,NA,"limnetic","    0.00","percent"
188,NA,"littoral","  100.00","percent"
188,NA,"intermittent","    0.00","percent"
188,NA,"lower_perennial","    0.00","percent"
188,NA,"upper_perennial","    0.00","percent"
188,NA,"emergent","    0.00","percent"
188,NA,"aquatic_bed","    0.00","percent"
190,NA,"lacustrine","   92.73","percent"
190,NA,"palustrine","    7.26","percent"
190,NA,"riverine","    0.00","percent"
190,NA,"limnetic","   91.95","percent"
190,NA,"littoral","    0.78","percent"
190,NA,"intermittent","    0.00","percent"
190,NA,"lower_perennial","    0.00","percent"
190,NA,"upper_perennial","    0.00","percent"
190,NA,"emergent","  725.91","percent"
190,NA,"aquatic_bed","    0.00","percent"
191,NA,"lacustrine","  100.00","percent"
191,NA,"palustrine","    0.00","percent"
191,NA,"riverine","    0.00","percent"
191,NA,"limnetic","  100.00","percent"
191,NA,"littoral","    0.00","percent"
191,NA,"intermittent","    0.00","percent"
191,NA,"lower_perennial","    0.00","percent"
191,NA,"upper_perennial","    0.00","percent"
191,NA,"emergent","    0.00","percent"
191,NA,"aquatic_bed","    0.00","percent"
195,NA,"lacustrine","   93.54","percent"
195,NA,"palustrine","    6.46","percent"
195,NA,"riverine","    0.00","percent"
195,NA,"limnetic","   93.54","percent"
195,NA,"littoral","    0.00","percent"
195,NA,"intermittent","    0.00","percent"
195,NA,"lower_perennial","    0.00","percent"
195,NA,"upper_perennial","    0.00","percent"
195,NA,"emergent","  436.00","percent"
195,NA,"aquatic_bed","    0.00","percent"
204,NA,"lacustrine","  100.00","percent"
204,NA,"palustrine","    0.00","percent"
204,NA,"riverine","    0.00","percent"
204,NA,"limnetic","  100.00","percent"
204,NA,"littoral","    0.00","percent"
204,NA,"intermittent","    0.00","percent"
204,NA,"lower_perennial","    0.00","percent"
204,NA,"upper_perennial","    0.00","percent"
204,NA,"emergent","    0.00","percent"
204,NA,"aquatic_bed","    0.00","percent"
205,NA,"lacustrine","   99.97","percent"
205,NA,"palustrine","    0.03","percent"
205,NA,"riverine","    0.00","percent"
205,NA,"limnetic","   45.79","percent"
205,NA,"littoral","   54.17","percent"
205,NA,"intermittent","    0.00","percent"
205,NA,"lower_perennial","    0.00","percent"
205,NA,"upper_perennial","    0.00","percent"
205,NA,"emergent","    0.25","percent"
205,NA,"aquatic_bed","    0.00","percent"
206,NA,"lacustrine","   98.94","percent"
206,NA,"palustrine","    1.06","percent"
206,NA,"riverine","    0.00","percent"
206,NA,"limnetic","   98.94","percent"
206,NA,"littoral","    0.00","percent"
206,NA,"intermittent","    0.00","percent"
206,NA,"lower_perennial","    0.00","percent"
206,NA,"upper_perennial","    0.00","percent"
206,NA,"emergent","  106.45","percent"
206,NA,"aquatic_bed","    0.00","percent"
207,NA,"lacustrine","   99.98","percent"
207,NA,"palustrine","    0.00","percent"
207,NA,"riverine","    0.02","percent"
207,NA,"limnetic","   99.98","percent"
207,NA,"littoral","    0.00","percent"
207,NA,"intermittent","    0.00","percent"
207,NA,"lower_perennial","    0.00","percent"
207,NA,"upper_perennial","    0.00","percent"
207,NA,"emergent","    0.00","percent"
207,NA,"aquatic_bed","    0.00","percent"
208,NA,"lacustrine","   99.89","percent"
208,NA,"palustrine","    0.00","percent"
208,NA,"riverine","    0.11","percent"
208,NA,"limnetic","   99.89","percent"
208,NA,"littoral","    0.00","percent"
208,NA,"intermittent","    0.00","percent"
208,NA,"lower_perennial","    0.00","percent"
208,NA,"upper_perennial","    0.00","percent"
208,NA,"emergent","    0.00","percent"
208,NA,"aquatic_bed","    0.00","percent"
209,NA,"lacustrine","   99.77","percent"
209,NA,"palustrine","    0.00","percent"
209,NA,"riverine","    0.23","percent"
209,NA,"limnetic","   99.77","percent"
209,NA,"littoral","    0.00","percent"
209,NA,"intermittent","    0.00","percent"
209,NA,"lower_perennial","    0.00","percent"
209,NA,"upper_perennial","    0.00","percent"
209,NA,"emergent","    0.00","percent"
209,NA,"aquatic_bed","    0.00","percent"
210,NA,"lacustrine","   99.98","percent"
210,NA,"palustrine","    0.02","percent"
210,NA,"riverine","    0.00","percent"
210,NA,"limnetic","   99.98","percent"
210,NA,"littoral","    0.00","percent"
210,NA,"intermittent","    0.00","percent"
210,NA,"lower_perennial","    0.00","percent"
210,NA,"upper_perennial","    0.00","percent"
210,NA,"emergent","    0.00","percent"
210,NA,"aquatic_bed","    0.00","percent"
211,NA,"lacustrine","   98.20","percent"
211,NA,"palustrine","    1.74","percent"
211,NA,"riverine","    0.06","percent"
211,NA,"limnetic","   98.20","percent"
211,NA,"littoral","    0.00","percent"
211,NA,"intermittent","    0.00","percent"
211,NA,"lower_perennial","    0.04","percent"
211,NA,"upper_perennial","    0.00","percent"
211,NA,"emergent","  155.07","percent"
211,NA,"aquatic_bed","    0.00","percent"
214,NA,"lacustrine","   99.98","percent"
214,NA,"palustrine","    0.00","percent"
214,NA,"riverine","    0.02","percent"
214,NA,"limnetic","   99.98","percent"
214,NA,"littoral","    0.00","percent"
214,NA,"intermittent","    0.00","percent"
214,NA,"lower_perennial","    0.00","percent"
214,NA,"upper_perennial","    0.00","percent"
214,NA,"emergent","    0.00","percent"
214,NA,"aquatic_bed","    0.00","percent"
230,NA,"lacustrine","  100.00","percent"
230,NA,"palustrine","    0.00","percent"
230,NA,"riverine","    0.00","percent"
230,NA,"limnetic","  100.00","percent"
230,NA,"littoral","    0.00","percent"
230,NA,"intermittent","    0.00","percent"
230,NA,"lower_perennial","    0.00","percent"
230,NA,"upper_perennial","    0.00","percent"
230,NA,"emergent","    0.00","percent"
230,NA,"aquatic_bed","    0.00","percent"
231,NA,"lacustrine","   95.55","percent"
231,NA,"palustrine","    4.45","percent"
231,NA,"riverine","    0.00","percent"
231,NA,"limnetic","   95.55","percent"
231,NA,"littoral","    0.00","percent"
231,NA,"intermittent","    0.00","percent"
231,NA,"lower_perennial","    0.00","percent"
231,NA,"upper_perennial","    0.00","percent"
231,NA,"emergent","  367.11","percent"
231,NA,"aquatic_bed","  352.91","percent"
232,NA,"lacustrine","  100.00","percent"
232,NA,"palustrine","    0.00","percent"
232,NA,"riverine","    0.00","percent"
232,NA,"limnetic","    0.00","percent"
232,NA,"littoral","  100.00","percent"
232,NA,"intermittent","    0.00","percent"
232,NA,"lower_perennial","    0.00","percent"
232,NA,"upper_perennial","    0.00","percent"
232,NA,"emergent","    0.00","percent"
232,NA,"aquatic_bed","    0.00","percent"
233,NA,"lacustrine","   99.97","percent"
233,NA,"palustrine","    0.00","percent"
233,NA,"riverine","    0.03","percent"
233,NA,"limnetic","   99.97","percent"
233,NA,"littoral","    0.00","percent"
233,NA,"intermittent","    0.00","percent"
233,NA,"lower_perennial","    0.00","percent"
233,NA,"upper_perennial","    0.00","percent"
233,NA,"emergent","    0.00","percent"
233,NA,"aquatic_bed","    0.00","percent"
234,NA,"lacustrine","   99.99","percent"
234,NA,"palustrine","    0.00","percent"
234,NA,"riverine","    0.01","percent"
234,NA,"limnetic","   99.99","percent"
234,NA,"littoral","    0.00","percent"
234,NA,"intermittent","    0.00","percent"
234,NA,"lower_perennial","    0.00","percent"
234,NA,"upper_perennial","    0.00","percent"
234,NA,"emergent","    0.00","percent"
234,NA,"aquatic_bed","    0.00","percent"
235,NA,"lacustrine","   99.73","percent"
235,NA,"palustrine","    0.26","percent"
235,NA,"riverine","    0.01","percent"
235,NA,"limnetic","   99.73","percent"
235,NA,"littoral","    0.00","percent"
235,NA,"intermittent","    0.00","percent"
235,NA,"lower_perennial","    0.00","percent"
235,NA,"upper_perennial","    0.00","percent"
235,NA,"emergent","   19.70","percent"
235,NA,"aquatic_bed","    0.00","percent"
236,NA,"lacustrine","  100.00","percent"
236,NA,"palustrine","    0.00","percent"
236,NA,"riverine","    0.00","percent"
236,NA,"limnetic","  100.00","percent"
236,NA,"littoral","    0.00","percent"
236,NA,"intermittent","    0.00","percent"
236,NA,"lower_perennial","    0.00","percent"
236,NA,"upper_perennial","    0.00","percent"
236,NA,"emergent","    0.18","percent"
236,NA,"aquatic_bed","    0.00","percent"
237,NA,"lacustrine","   89.09","percent"
237,NA,"palustrine","   10.91","percent"
237,NA,"riverine","    0.00","percent"
237,NA,"limnetic","   89.09","percent"
237,NA,"littoral","    0.00","percent"
237,NA,"intermittent","    0.00","percent"
237,NA,"lower_perennial","    0.00","percent"
237,NA,"upper_perennial","    0.00","percent"
237,NA,"emergent"," 1090.64","percent"
237,NA,"aquatic_bed","    0.00","percent"
240,NA,"lacustrine","   98.50","percent"
240,NA,"palustrine","    1.45","percent"
240,NA,"riverine","    0.05","percent"
240,NA,"limnetic","   90.25","percent"
240,NA,"littoral","    8.25","percent"
240,NA,"intermittent","    0.00","percent"
240,NA,"lower_perennial","    0.00","percent"
240,NA,"upper_perennial","    0.02","percent"
240,NA,"emergent","  144.79","percent"
240,NA,"aquatic_bed","  825.38","percent"
247,NA,"lacustrine","  100.00","percent"
247,NA,"palustrine","    0.00","percent"
247,NA,"riverine","    0.00","percent"
247,NA,"limnetic","  100.00","percent"
247,NA,"littoral","    0.00","percent"
247,NA,"intermittent","    0.00","percent"
247,NA,"lower_perennial","    0.00","percent"
247,NA,"upper_perennial","    0.00","percent"
247,NA,"emergent","    0.00","percent"
247,NA,"aquatic_bed","    0.00","percent"
250,NA,"lacustrine","  100.00","percent"
250,NA,"palustrine","    0.00","percent"
250,NA,"riverine","    0.00","percent"
250,NA,"limnetic","   21.75","percent"
250,NA,"littoral","    0.47","percent"
250,NA,"intermittent","    0.00","percent"
250,NA,"lower_perennial","    0.00","percent"
250,NA,"upper_perennial","    0.00","percent"
250,NA,"emergent","    0.00","percent"
250,NA,"aquatic_bed","    0.00","percent"
264,NA,"lacustrine","   99.74","percent"
264,NA,"palustrine","    0.26","percent"
264,NA,"riverine","    0.00","percent"
264,NA,"limnetic","   99.74","percent"
264,NA,"littoral","    0.00","percent"
264,NA,"intermittent","    0.00","percent"
264,NA,"lower_perennial","    0.00","percent"
264,NA,"upper_perennial","    0.00","percent"
264,NA,"emergent","   25.52","percent"
264,NA,"aquatic_bed","    0.00","percent"
275,NA,"lacustrine","   99.95","percent"
275,NA,"palustrine","    0.00","percent"
275,NA,"riverine","    0.05","percent"
275,NA,"limnetic","    0.00","percent"
275,NA,"littoral","   99.95","percent"
275,NA,"intermittent","    0.00","percent"
275,NA,"lower_perennial","    0.00","percent"
275,NA,"upper_perennial","    0.00","percent"
275,NA,"emergent","    0.00","percent"
275,NA,"aquatic_bed","    0.00","percent"
276,NA,"lacustrine","  100.00","percent"
276,NA,"palustrine","    0.00","percent"
276,NA,"riverine","    0.00","percent"
276,NA,"limnetic","   82.81","percent"
276,NA,"littoral","   17.19","percent"
276,NA,"intermittent","    0.00","percent"
276,NA,"lower_perennial","    0.00","percent"
276,NA,"upper_perennial","    0.00","percent"
276,NA,"emergent","    0.02","percent"
276,NA,"aquatic_bed"," 1719.07","percent"
281,NA,"lacustrine","  100.00","percent"
281,NA,"palustrine","    0.00","percent"
281,NA,"riverine","    0.00","percent"
281,NA,"limnetic","  100.00","percent"
281,NA,"littoral","    0.00","percent"
281,NA,"intermittent","    0.00","percent"
281,NA,"lower_perennial","    0.00","percent"
281,NA,"upper_perennial","    0.00","percent"
281,NA,"emergent","    0.00","percent"
281,NA,"aquatic_bed","    0.00","percent"
288,NA,"lacustrine","   99.97","percent"
288,NA,"palustrine","    0.03","percent"
288,NA,"riverine","    0.00","percent"
288,NA,"limnetic","   96.44","percent"
288,NA,"littoral","    3.54","percent"
288,NA,"intermittent","    0.00","percent"
288,NA,"lower_perennial","    0.00","percent"
288,NA,"upper_perennial","    0.00","percent"
288,NA,"emergent","    0.00","percent"
288,NA,"aquatic_bed","    0.00","percent"
291,NA,"lacustrine","  100.00","percent"
291,NA,"palustrine","    0.00","percent"
291,NA,"riverine","    0.00","percent"
291,NA,"limnetic","  100.00","percent"
291,NA,"littoral","    0.00","percent"
291,NA,"intermittent","    0.00","percent"
291,NA,"lower_perennial","    0.00","percent"
291,NA,"upper_perennial","    0.00","percent"
291,NA,"emergent","    0.00","percent"
291,NA,"aquatic_bed","    0.00","percent"
296,NA,"lacustrine","  100.00","percent"
296,NA,"palustrine","    0.00","percent"
296,NA,"riverine","    0.00","percent"
296,NA,"limnetic","  100.00","percent"
296,NA,"littoral","    0.00","percent"
296,NA,"intermittent","    0.00","percent"
296,NA,"lower_perennial","    0.00","percent"
296,NA,"upper_perennial","    0.00","percent"
296,NA,"emergent","    0.00","percent"
296,NA,"aquatic_bed","    0.00","percent"
297,NA,"lacustrine","   99.79","percent"
297,NA,"palustrine","    0.11","percent"
297,NA,"riverine","    0.10","percent"
297,NA,"limnetic","   96.04","percent"
297,NA,"littoral","    3.75","percent"
297,NA,"intermittent","    0.01","percent"
297,NA,"lower_perennial","    0.00","percent"
297,NA,"upper_perennial","    0.08","percent"
297,NA,"emergent","    1.33","percent"
297,NA,"aquatic_bed","    0.00","percent"
298,NA,"lacustrine","   73.35","percent"
298,NA,"palustrine","   24.65","percent"
298,NA,"riverine","    2.00","percent"
298,NA,"limnetic","   44.11","percent"
298,NA,"littoral","   29.25","percent"
298,NA,"intermittent","    1.82","percent"
298,NA,"lower_perennial","    0.00","percent"
298,NA,"upper_perennial","    0.17","percent"
298,NA,"emergent"," 2417.05","percent"
298,NA,"aquatic_bed","  298.70","percent"
316,NA,"lacustrine","   98.82","percent"
316,NA,"palustrine","    1.18","percent"
316,NA,"riverine","    0.00","percent"
316,NA,"limnetic","   98.82","percent"
316,NA,"littoral","    0.00","percent"
316,NA,"intermittent","    0.00","percent"
316,NA,"lower_perennial","    0.00","percent"
316,NA,"upper_perennial","    0.00","percent"
316,NA,"emergent","  111.62","percent"
316,NA,"aquatic_bed","    0.00","percent"
317,NA,"lacustrine","   93.89","percent"
317,NA,"palustrine","    6.11","percent"
317,NA,"riverine","    0.00","percent"
317,NA,"limnetic","   93.89","percent"
317,NA,"littoral","    0.00","percent"
317,NA,"intermittent","    0.00","percent"
317,NA,"lower_perennial","    0.00","percent"
317,NA,"upper_perennial","    0.00","percent"
317,NA,"emergent","    0.00","percent"
317,NA,"aquatic_bed","    0.00","percent"
326,NA,"lacustrine","   63.13","percent"
326,NA,"palustrine","   36.85","percent"
326,NA,"riverine","    0.01","percent"
326,NA,"limnetic","   53.39","percent"
326,NA,"littoral","    9.75","percent"
326,NA,"intermittent","    0.01","percent"
326,NA,"lower_perennial","    0.00","percent"
326,NA,"upper_perennial","    0.00","percent"
326,NA,"emergent"," 2216.38","percent"
326,NA,"aquatic_bed","  842.43","percent"
327,NA,"lacustrine","    0.00","percent"
327,NA,"palustrine","  100.00","percent"
327,NA,"riverine","    0.00","percent"
327,NA,"limnetic","    0.00","percent"
327,NA,"littoral","    0.00","percent"
327,NA,"intermittent","    0.00","percent"
327,NA,"lower_perennial","    0.00","percent"
327,NA,"upper_perennial","    0.00","percent"
327,NA,"emergent","10000.00","percent"
327,NA,"aquatic_bed","    0.00","percent"
328,NA,"lacustrine","   99.89","percent"
328,NA,"palustrine","    0.11","percent"
328,NA,"riverine","    0.00","percent"
328,NA,"limnetic","   99.89","percent"
328,NA,"littoral","    0.00","percent"
328,NA,"intermittent","    0.00","percent"
328,NA,"lower_perennial","    0.00","percent"
328,NA,"upper_perennial","    0.00","percent"
328,NA,"emergent","    8.64","percent"
328,NA,"aquatic_bed","    0.00","percent"
1001,NA,"lacustrine","   99.97","percent"
1001,NA,"palustrine","    0.02","percent"
1001,NA,"riverine","    0.01","percent"
1001,NA,"limnetic","   99.97","percent"
1001,NA,"littoral","    0.00","percent"
1001,NA,"intermittent","    0.00","percent"
1001,NA,"lower_perennial","    0.00","percent"
1001,NA,"upper_perennial","    0.00","percent"
1001,NA,"emergent","    0.00","percent"
1001,NA,"aquatic_bed","    0.00","percent"
1002,NA,"lacustrine","   99.94","percent"
1002,NA,"palustrine","    0.02","percent"
1002,NA,"riverine","    0.04","percent"
1002,NA,"limnetic","   99.94","percent"
1002,NA,"littoral","    0.00","percent"
1002,NA,"intermittent","    0.00","percent"
1002,NA,"lower_perennial","    0.00","percent"
1002,NA,"upper_perennial","    0.00","percent"
1002,NA,"emergent","    1.94","percent"
1002,NA,"aquatic_bed","    0.00","percent"
1003,NA,"lacustrine","   99.86","percent"
1003,NA,"palustrine","    0.00","percent"
1003,NA,"riverine","    0.14","percent"
1003,NA,"limnetic","   99.86","percent"
1003,NA,"littoral","    0.00","percent"
1003,NA,"intermittent","    0.00","percent"
1003,NA,"lower_perennial","    0.00","percent"
1003,NA,"upper_perennial","    0.00","percent"
1003,NA,"emergent","    0.00","percent"
1003,NA,"aquatic_bed","    0.00","percent"
1004,NA,"lacustrine","   99.95","percent"
1004,NA,"palustrine","    0.04","percent"
1004,NA,"riverine","    0.01","percent"
1004,NA,"limnetic","   99.95","percent"
1004,NA,"littoral","    0.00","percent"
1004,NA,"intermittent","    0.00","percent"
1004,NA,"lower_perennial","    0.00","percent"
1004,NA,"upper_perennial","    0.00","percent"
1004,NA,"emergent","    4.24","percent"
1004,NA,"aquatic_bed","    0.00","percent"
1005,NA,"lacustrine","   99.83","percent"
1005,NA,"palustrine","    0.14","percent"
1005,NA,"riverine","    0.03","percent"
1005,NA,"limnetic","   96.41","percent"
1005,NA,"littoral","    3.42","percent"
1005,NA,"intermittent","    0.00","percent"
1005,NA,"lower_perennial","    0.01","percent"
1005,NA,"upper_perennial","    0.00","percent"
1005,NA,"emergent","    5.36","percent"
1005,NA,"aquatic_bed","    0.00","percent"
1006,NA,"lacustrine","   96.83","percent"
1006,NA,"palustrine","    2.56","percent"
1006,NA,"riverine","    0.60","percent"
1006,NA,"limnetic","   90.87","percent"
1006,NA,"littoral","    5.96","percent"
1006,NA,"intermittent","    0.00","percent"
1006,NA,"lower_perennial","    0.00","percent"
1006,NA,"upper_perennial","    0.00","percent"
1006,NA,"emergent","  231.12","percent"
1006,NA,"aquatic_bed","    0.00","percent"
1007,NA,"lacustrine","   99.89","percent"
1007,NA,"palustrine","    0.07","percent"
1007,NA,"riverine","    0.04","percent"
1007,NA,"limnetic","   99.89","percent"
1007,NA,"littoral","    0.00","percent"
1007,NA,"intermittent","    0.00","percent"
1007,NA,"lower_perennial","    0.00","percent"
1007,NA,"upper_perennial","    0.00","percent"
1007,NA,"emergent","    6.81","percent"
1007,NA,"aquatic_bed","    0.00","percent"
1008,NA,"lacustrine","   99.75","percent"
1008,NA,"palustrine","    0.15","percent"
1008,NA,"riverine","    0.11","percent"
1008,NA,"limnetic","   99.75","percent"
1008,NA,"littoral","    0.00","percent"
1008,NA,"intermittent","    0.00","percent"
1008,NA,"lower_perennial","    0.00","percent"
1008,NA,"upper_perennial","    0.01","percent"
1008,NA,"emergent","   14.72","percent"
1008,NA,"aquatic_bed","    0.00","percent"
1009,NA,"lacustrine","   99.76","percent"
1009,NA,"palustrine","    0.09","percent"
1009,NA,"riverine","    0.15","percent"
1009,NA,"limnetic","   99.15","percent"
1009,NA,"littoral","    0.61","percent"
1009,NA,"intermittent","    0.00","percent"
1009,NA,"lower_perennial","    0.00","percent"
1009,NA,"upper_perennial","    0.00","percent"
1009,NA,"emergent","    7.97","percent"
1009,NA,"aquatic_bed","    0.00","percent"
1010,NA,"lacustrine","   99.94","percent"
1010,NA,"palustrine","    0.00","percent"
1010,NA,"riverine","    0.06","percent"
1010,NA,"limnetic","   99.94","percent"
1010,NA,"littoral","    0.00","percent"
1010,NA,"intermittent","    0.00","percent"
1010,NA,"lower_perennial","    0.00","percent"
1010,NA,"upper_perennial","    0.00","percent"
1010,NA,"emergent","    0.00","percent"
1010,NA,"aquatic_bed","    0.00","percent"
1011,NA,"lacustrine","   99.71","percent"
1011,NA,"palustrine","    0.29","percent"
1011,NA,"riverine","    0.00","percent"
1011,NA,"limnetic","   99.71","percent"
1011,NA,"littoral","    0.00","percent"
1011,NA,"intermittent","    0.00","percent"
1011,NA,"lower_perennial","    0.00","percent"
1011,NA,"upper_perennial","    0.00","percent"
1011,NA,"emergent","    2.71","percent"
1011,NA,"aquatic_bed","    0.00","percent"
1012,NA,"lacustrine","   99.46","percent"
1012,NA,"palustrine","    0.46","percent"
1012,NA,"riverine","    0.09","percent"
1012,NA,"limnetic","   99.46","percent"
1012,NA,"littoral","    0.00","percent"
1012,NA,"intermittent","    0.00","percent"
1012,NA,"lower_perennial","    0.00","percent"
1012,NA,"upper_perennial","    0.00","percent"
1012,NA,"emergent","   37.22","percent"
1012,NA,"aquatic_bed","    0.00","percent"
1013,NA,"lacustrine","  100.00","percent"
1013,NA,"palustrine","    0.00","percent"
1013,NA,"riverine","    0.00","percent"
1013,NA,"limnetic","  100.00","percent"
1013,NA,"littoral","    0.00","percent"
1013,NA,"intermittent","    0.00","percent"
1013,NA,"lower_perennial","    0.00","percent"
1013,NA,"upper_perennial","    0.00","percent"
1013,NA,"emergent","    0.00","percent"
1013,NA,"aquatic_bed","    0.00","percent"
1014,NA,"lacustrine","  100.00","percent"
1014,NA,"palustrine","    0.00","percent"
1014,NA,"riverine","    0.00","percent"
1014,NA,"limnetic","   99.76","percent"
1014,NA,"littoral","    0.24","percent"
1014,NA,"intermittent","    0.00","percent"
1014,NA,"lower_perennial","    0.00","percent"
1014,NA,"upper_perennial","    0.00","percent"
1014,NA,"emergent","    0.00","percent"
1014,NA,"aquatic_bed","    0.00","percent"
1015,NA,"lacustrine","   97.85","percent"
1015,NA,"palustrine","    2.15","percent"
1015,NA,"riverine","    0.00","percent"
1015,NA,"limnetic","   97.85","percent"
1015,NA,"littoral","    0.00","percent"
1015,NA,"intermittent","    0.00","percent"
1015,NA,"lower_perennial","    0.00","percent"
1015,NA,"upper_perennial","    0.00","percent"
1015,NA,"emergent","    1.73","percent"
1015,NA,"aquatic_bed","    0.00","percent"
1016,NA,"lacustrine","   99.53","percent"
1016,NA,"palustrine","    0.44","percent"
1016,NA,"riverine","    0.03","percent"
1016,NA,"limnetic","   99.53","percent"
1016,NA,"littoral","    0.00","percent"
1016,NA,"intermittent","    0.00","percent"
1016,NA,"lower_perennial","    0.00","percent"
1016,NA,"upper_perennial","    0.00","percent"
1016,NA,"emergent","   18.04","percent"
1016,NA,"aquatic_bed","    0.00","percent"
1017,NA,"lacustrine","   99.95","percent"
1017,NA,"palustrine","    0.04","percent"
1017,NA,"riverine","    0.01","percent"
1017,NA,"limnetic","   99.95","percent"
1017,NA,"littoral","    0.00","percent"
1017,NA,"intermittent","    0.00","percent"
1017,NA,"lower_perennial","    0.00","percent"
1017,NA,"upper_perennial","    0.00","percent"
1017,NA,"emergent","    0.00","percent"
1017,NA,"aquatic_bed","    0.00","percent"
1018,NA,"lacustrine","   99.49","percent"
1018,NA,"palustrine","    0.44","percent"
1018,NA,"riverine","    0.08","percent"
1018,NA,"limnetic","   99.49","percent"
1018,NA,"littoral","    0.00","percent"
1018,NA,"intermittent","    0.00","percent"
1018,NA,"lower_perennial","    0.01","percent"
1018,NA,"upper_perennial","    0.00","percent"
1018,NA,"emergent","   32.91","percent"
1018,NA,"aquatic_bed","    0.08","percent"
1019,NA,"lacustrine","   97.43","percent"
1019,NA,"palustrine","    0.54","percent"
1019,NA,"riverine","    2.03","percent"
1019,NA,"limnetic","   97.43","percent"
1019,NA,"littoral","    0.00","percent"
1019,NA,"intermittent","    0.00","percent"
1019,NA,"lower_perennial","    1.98","percent"
1019,NA,"upper_perennial","    0.00","percent"
1019,NA,"emergent","    0.00","percent"
1019,NA,"aquatic_bed","    0.00","percent"
1020,NA,"lacustrine","   99.97","percent"
1020,NA,"palustrine","    0.00","percent"
1020,NA,"riverine","    0.03","percent"
1020,NA,"limnetic","   99.97","percent"
1020,NA,"littoral","    0.00","percent"
1020,NA,"intermittent","    0.00","percent"
1020,NA,"lower_perennial","    0.00","percent"
1020,NA,"upper_perennial","    0.00","percent"
1020,NA,"emergent","    0.00","percent"
1020,NA,"aquatic_bed","    0.00","percent"
1021,NA,"lacustrine","   99.86","percent"
1021,NA,"palustrine","    0.13","percent"
1021,NA,"riverine","    0.02","percent"
1021,NA,"limnetic","   99.86","percent"
1021,NA,"littoral","    0.00","percent"
1021,NA,"intermittent","    0.00","percent"
1021,NA,"lower_perennial","    0.00","percent"
1021,NA,"upper_perennial","    0.00","percent"
1021,NA,"emergent","   12.81","percent"
1021,NA,"aquatic_bed","    0.00","percent"
1022,NA,"lacustrine","   99.90","percent"
1022,NA,"palustrine","    0.00","percent"
1022,NA,"riverine","    0.10","percent"
1022,NA,"limnetic","   99.90","percent"
1022,NA,"littoral","    0.00","percent"
1022,NA,"intermittent","    0.00","percent"
1022,NA,"lower_perennial","    0.00","percent"
1022,NA,"upper_perennial","    0.00","percent"
1022,NA,"emergent","    0.00","percent"
1022,NA,"aquatic_bed","    0.00","percent"
1023,NA,"lacustrine","   99.98","percent"
1023,NA,"palustrine","    0.00","percent"
1023,NA,"riverine","    0.02","percent"
1023,NA,"limnetic","   99.98","percent"
1023,NA,"littoral","    0.00","percent"
1023,NA,"intermittent","    0.00","percent"
1023,NA,"lower_perennial","    0.00","percent"
1023,NA,"upper_perennial","    0.00","percent"
1023,NA,"emergent","    0.00","percent"
1023,NA,"aquatic_bed","    0.00","percent"
1024,NA,"lacustrine","   99.54","percent"
1024,NA,"palustrine","    0.42","percent"
1024,NA,"riverine","    0.04","percent"
1024,NA,"limnetic","   99.54","percent"
1024,NA,"littoral","    0.00","percent"
1024,NA,"intermittent","    0.00","percent"
1024,NA,"lower_perennial","    0.00","percent"
1024,NA,"upper_perennial","    0.00","percent"
1024,NA,"emergent","   40.93","percent"
1024,NA,"aquatic_bed","    0.00","percent"
1025,NA,"lacustrine","   74.51","percent"
1025,NA,"palustrine","    0.32","percent"
1025,NA,"riverine","   25.17","percent"
1025,NA,"limnetic","    0.00","percent"
1025,NA,"littoral","   74.51","percent"
1025,NA,"intermittent","    0.00","percent"
1025,NA,"lower_perennial","   25.03","percent"
1025,NA,"upper_perennial","    0.05","percent"
1025,NA,"emergent","   13.94","percent"
1025,NA,"aquatic_bed","    0.00","percent"
1026,NA,"lacustrine","   99.97","percent"
1026,NA,"palustrine","    0.03","percent"
1026,NA,"riverine","    0.00","percent"
1026,NA,"limnetic","   99.97","percent"
1026,NA,"littoral","    0.00","percent"
1026,NA,"intermittent","    0.00","percent"
1026,NA,"lower_perennial","    0.00","percent"
1026,NA,"upper_perennial","    0.00","percent"
1026,NA,"emergent","    2.56","percent"
1026,NA,"aquatic_bed","    0.00","percent"
1027,NA,"lacustrine","   99.77","percent"
1027,NA,"palustrine","    0.22","percent"
1027,NA,"riverine","    0.01","percent"
1027,NA,"limnetic","   99.77","percent"
1027,NA,"littoral","    0.00","percent"
1027,NA,"intermittent","    0.00","percent"
1027,NA,"lower_perennial","    0.00","percent"
1027,NA,"upper_perennial","    0.00","percent"
1027,NA,"emergent","    0.00","percent"
1027,NA,"aquatic_bed","    0.00","percent"
1028,NA,"lacustrine","   99.73","percent"
1028,NA,"palustrine","    0.16","percent"
1028,NA,"riverine","    0.12","percent"
1028,NA,"limnetic","   99.73","percent"
1028,NA,"littoral","    0.00","percent"
1028,NA,"intermittent","    0.00","percent"
1028,NA,"lower_perennial","    0.01","percent"
1028,NA,"upper_perennial","    0.00","percent"
1028,NA,"emergent","   11.54","percent"
1028,NA,"aquatic_bed","    0.00","percent"
1029,NA,"lacustrine","   99.99","percent"
1029,NA,"palustrine","    0.01","percent"
1029,NA,"riverine","    0.00","percent"
1029,NA,"limnetic","   99.99","percent"
1029,NA,"littoral","    0.00","percent"
1029,NA,"intermittent","    0.00","percent"
1029,NA,"lower_perennial","    0.00","percent"
1029,NA,"upper_perennial","    0.00","percent"
1029,NA,"emergent","    0.00","percent"
1029,NA,"aquatic_bed","    0.00","percent"
1030,NA,"lacustrine","   99.97","percent"
1030,NA,"palustrine","    0.02","percent"
1030,NA,"riverine","    0.00","percent"
1030,NA,"limnetic","   99.97","percent"
1030,NA,"littoral","    0.00","percent"
1030,NA,"intermittent","    0.00","percent"
1030,NA,"lower_perennial","    0.00","percent"
1030,NA,"upper_perennial","    0.00","percent"
1030,NA,"emergent","    2.46","percent"
1030,NA,"aquatic_bed","    0.00","percent"
1031,NA,"lacustrine","   99.65","percent"
1031,NA,"palustrine","    0.29","percent"
1031,NA,"riverine","    0.06","percent"
1031,NA,"limnetic","   93.26","percent"
1031,NA,"littoral","    6.39","percent"
1031,NA,"intermittent","    0.00","percent"
1031,NA,"lower_perennial","    0.00","percent"
1031,NA,"upper_perennial","    0.05","percent"
1031,NA,"emergent","    1.11","percent"
1031,NA,"aquatic_bed","    0.00","percent"
1032,NA,"lacustrine","   98.78","percent"
1032,NA,"palustrine","    1.22","percent"
1032,NA,"riverine","    0.01","percent"
1032,NA,"limnetic","   90.31","percent"
1032,NA,"littoral","    8.47","percent"
1032,NA,"intermittent","    0.00","percent"
1032,NA,"lower_perennial","    0.01","percent"
1032,NA,"upper_perennial","    0.00","percent"
1032,NA,"emergent","   91.77","percent"
1032,NA,"aquatic_bed","  858.82","percent"
1,NA,"year_completed","1954","Gregorian calendar year"
2,NA,"year_completed","1943","Gregorian calendar year"
3,NA,"year_completed","1958","Gregorian calendar year"
4,NA,"year_completed","1965","Gregorian calendar year"
10,NA,"year_completed","1968","Gregorian calendar year"
11,NA,"year_completed","1957","Gregorian calendar year"
13,NA,"year_completed","1768","Gregorian calendar year"
14,NA,"year_completed","1962","Gregorian calendar year"
16,NA,"year_completed","1820","Gregorian calendar year"
17,NA,"year_completed","1968","Gregorian calendar year"
18,NA,"year_completed","1974","Gregorian calendar year"
44,NA,"year_completed","1937","Gregorian calendar year"
45,NA,"year_completed","1935","Gregorian calendar year"
46,NA,"year_completed","1901","Gregorian calendar year"
47,NA,"year_completed","1880","Gregorian calendar year"
49,NA,"year_completed","1926","Gregorian calendar year"
51,NA,"year_completed","1949","Gregorian calendar year"
52,NA,"year_completed","1919","Gregorian calendar year"
53,NA,"year_completed","1913","Gregorian calendar year"
54,NA,"year_completed","1960","Gregorian calendar year"
55,NA,"year_completed","1950","Gregorian calendar year"
57,NA,"year_completed","1886","Gregorian calendar year"
64,NA,"year_completed","1900","Gregorian calendar year"
65,NA,"year_completed","1965","Gregorian calendar year"
66,NA,"year_completed","1903","Gregorian calendar year"
67,NA,"year_completed","1937","Gregorian calendar year"
68,NA,"year_completed","1948","Gregorian calendar year"
69,NA,"year_completed","1966","Gregorian calendar year"
70,NA,"year_completed","1954","Gregorian calendar year"
71,NA,"year_completed","1911","Gregorian calendar year"
72,NA,"year_completed","1914","Gregorian calendar year"
75,NA,"year_completed","1937","Gregorian calendar year"
76,NA,"year_completed","1936","Gregorian calendar year"
77,NA,"year_completed","1953","Gregorian calendar year"
78,NA,"year_completed","1947","Gregorian calendar year"
79,NA,"year_completed","1937","Gregorian calendar year"
82,NA,"year_completed","1965","Gregorian calendar year"
83,NA,"year_completed","1965","Gregorian calendar year"
84,NA,"year_completed","1939","Gregorian calendar year"
98,NA,"year_completed","1927","Gregorian calendar year"
99,NA,"year_completed","1932","Gregorian calendar year"
100,NA,"year_completed","1967","Gregorian calendar year"
101,NA,"year_completed","1954","Gregorian calendar year"
102,NA,"year_completed","1973","Gregorian calendar year"
103,NA,"year_completed","1974","Gregorian calendar year"
116,NA,"year_completed","1900","Gregorian calendar year"
117,NA,"year_completed","1949","Gregorian calendar year"
119,NA,"year_completed","1967","Gregorian calendar year"
136,NA,"year_completed","1970","Gregorian calendar year"
137,NA,"year_completed","1976","Gregorian calendar year"
138,NA,"year_completed","1966","Gregorian calendar year"
146,NA,"year_completed","1948","Gregorian calendar year"
147,NA,"year_completed","1969","Gregorian calendar year"
148,NA,"year_completed","1964","Gregorian calendar year"
149,NA,"year_completed","1962","Gregorian calendar year"
155,NA,"year_completed","1914","Gregorian calendar year"
157,NA,"year_completed","1921","Gregorian calendar year"
159,NA,"year_completed","1971","Gregorian calendar year"
165,NA,"year_completed","1979","Gregorian calendar year"
166,NA,"year_completed","1969","Gregorian calendar year"
167,NA,"year_completed","1919","Gregorian calendar year"
184,NA,"year_completed","1961","Gregorian calendar year"
186,NA,"year_completed","1955","Gregorian calendar year"
188,NA,"year_completed","1955","Gregorian calendar year"
190,NA,"year_completed","1958","Gregorian calendar year"
191,NA,"year_completed","1937","Gregorian calendar year"
195,NA,"year_completed","1900","Gregorian calendar year"
204,NA,"year_completed","1971","Gregorian calendar year"
205,NA,"year_completed","1969","Gregorian calendar year"
206,NA,"year_completed","1941","Gregorian calendar year"
207,NA,"year_completed","1942","Gregorian calendar year"
208,NA,"year_completed","1971","Gregorian calendar year"
209,NA,"year_completed","1959","Gregorian calendar year"
210,NA,"year_completed","1929","Gregorian calendar year"
211,NA,"year_completed","1946","Gregorian calendar year"
214,NA,"year_completed","1940","Gregorian calendar year"
230,NA,"year_completed","1970","Gregorian calendar year"
231,NA,"year_completed","1934","Gregorian calendar year"
232,NA,"year_completed","1920","Gregorian calendar year"
233,NA,"year_completed","1967","Gregorian calendar year"
234,NA,"year_completed","1839","Gregorian calendar year"
235,NA,"year_completed","1839","Gregorian calendar year"
236,NA,"year_completed","1966","Gregorian calendar year"
237,NA,"year_completed","1965","Gregorian calendar year"
238,NA,"year_completed","1934","Gregorian calendar year"
239,NA,"year_completed","1967","Gregorian calendar year"
240,NA,"year_completed","1930","Gregorian calendar year"
247,NA,"year_completed","1970","Gregorian calendar year"
249,NA,"year_completed","1960","Gregorian calendar year"
250,NA,"year_completed","1938","Gregorian calendar year"
253,NA,"year_completed","1910","Gregorian calendar year"
263,NA,"year_completed","1968","Gregorian calendar year"
264,NA,"year_completed","1911","Gregorian calendar year"
265,NA,"year_completed","1951","Gregorian calendar year"
275,NA,"year_completed","1936","Gregorian calendar year"
276,NA,"year_completed","1937","Gregorian calendar year"
281,NA,"year_completed","1964","Gregorian calendar year"
287,NA,"year_completed","1931","Gregorian calendar year"
288,NA,"year_completed","1929","Gregorian calendar year"
291,NA,"year_completed","1977","Gregorian calendar year"
296,NA,"year_completed","1931","Gregorian calendar year"
297,NA,"year_completed","1979","Gregorian calendar year"
298,NA,"year_completed","1969","Gregorian calendar year"
302,NA,"year_completed","1916","Gregorian calendar year"
308,NA,"year_completed","1912","Gregorian calendar year"
316,NA,"year_completed","1908","Gregorian calendar year"
317,NA,"year_completed","1854","Gregorian calendar year"
323,NA,"year_completed","1908","Gregorian calendar year"
326,NA,"year_completed","1953","Gregorian calendar year"
327,NA,"year_completed","1965","Gregorian calendar year"
328,NA,"year_completed","1942","Gregorian calendar year"
331,NA,"year_completed","1900","Gregorian calendar year"
999,NA,"year_completed","1959","Gregorian calendar year"
1000,NA,"year_completed","1946","Gregorian calendar year"
1001,NA,"year_completed","1956","Gregorian calendar year"
1002,NA,"year_completed","1974","Gregorian calendar year"
1003,NA,"year_completed","1971","Gregorian calendar year"
1004,NA,"year_completed","1936","Gregorian calendar year"
1005,NA,"year_completed","1974","Gregorian calendar year"
1006,NA,"year_completed","1960","Gregorian calendar year"
1007,NA,"year_completed","1950","Gregorian calendar year"
1008,NA,"year_completed","1976","Gregorian calendar year"
1009,NA,"year_completed","1975","Gregorian calendar year"
1010,NA,"year_completed","1965","Gregorian calendar year"
1011,NA,"year_completed","1936","Gregorian calendar year"
1012,NA,"year_completed","1947","Gregorian calendar year"
1013,NA,"year_completed","1948","Gregorian calendar year"
1014,NA,"year_completed","1959","Gregorian calendar year"
1015,NA,"year_completed","1954","Gregorian calendar year"
1016,NA,"year_completed","1939","Gregorian calendar year"
1017,NA,"year_completed","1954","Gregorian calendar year"
1018,NA,"year_completed","1961","Gregorian calendar year"
1019,NA,"year_completed","1844","Gregorian calendar year"
1020,NA,"year_completed","1916","Gregorian calendar year"
1021,NA,"year_completed","1963","Gregorian calendar year"
1022,NA,"year_completed","1967","Gregorian calendar year"
1023,NA,"year_completed","1973","Gregorian calendar year"
1024,NA,"year_completed","1966","Gregorian calendar year"
1025,NA,"year_completed","1973","Gregorian calendar year"
1026,NA,"year_completed","1937","Gregorian calendar year"
1027,NA,"year_completed","1937","Gregorian calendar year"
1028,NA,"year_completed","1952","Gregorian calendar year"
1029,NA,"year_completed","1937","Gregorian calendar year"
1030,NA,"year_completed","1936","Gregorian calendar year"
1031,NA,"year_completed","1973","Gregorian calendar year"
1032,NA,"year_completed","1916","Gregorian calendar year"
1,NA,"e_i","0.086","dimensionless"
1,NA,"sd_e_i","NA","dimensionless"
1,NA,"residence_time","0.252","years"
1,NA,"sd_residence_time","0.124","years"
1,NA,"residence_time_ei_repeat_visits","2","dimensionless"
1,NA,"e_i_type","run-of-river","dimensionless"
2,NA,"e_i","0.070","dimensionless"
2,NA,"sd_e_i","NA","dimensionless"
2,NA,"residence_time","0.125","years"
2,NA,"sd_residence_time","0.060","years"
2,NA,"residence_time_ei_repeat_visits","2","dimensionless"
2,NA,"e_i_type","run-of-river","dimensionless"
3,NA,"e_i","0.316","dimensionless"
3,NA,"sd_e_i","NA","dimensionless"
3,NA,"residence_time","0.694","years"
3,NA,"sd_residence_time","0.189","years"
3,NA,"residence_time_ei_repeat_visits","2","dimensionless"
3,NA,"e_i_type","storage","dimensionless"
4,NA,"e_i","0.116","dimensionless"
4,NA,"sd_e_i","NA","dimensionless"
4,NA,"residence_time","0.163","years"
4,NA,"sd_residence_time","0.179","years"
4,NA,"residence_time_ei_repeat_visits","2","dimensionless"
4,NA,"e_i_type","run-of-river","dimensionless"
10,NA,"e_i","0.407","dimensionless"
10,NA,"sd_e_i","NA","dimensionless"
10,NA,"residence_time","1.221","years"
10,NA,"sd_residence_time",NA,"years"
10,NA,"residence_time_ei_repeat_visits","0","dimensionless"
10,NA,"e_i_type","storage","dimensionless"
11,NA,"e_i","0.298","dimensionless"
11,NA,"sd_e_i","NA","dimensionless"
11,NA,"residence_time","0.936","years"
11,NA,"sd_residence_time","0.246","years"
11,NA,"residence_time_ei_repeat_visits","2","dimensionless"
11,NA,"e_i_type","storage","dimensionless"
13,NA,"e_i","0.081","dimensionless"
13,NA,"sd_e_i","NA","dimensionless"
13,NA,"residence_time","0.035","years"
13,NA,"sd_residence_time","0.044","years"
13,NA,"residence_time_ei_repeat_visits","2","dimensionless"
13,NA,"e_i_type","run-of-river","dimensionless"
14,NA,"e_i","0.266","dimensionless"
14,NA,"sd_e_i","NA","dimensionless"
14,NA,"residence_time","0.519","years"
14,NA,"sd_residence_time","0.359","years"
14,NA,"residence_time_ei_repeat_visits","2","dimensionless"
14,NA,"e_i_type","storage","dimensionless"
16,NA,"e_i","0.111","dimensionless"
16,NA,"sd_e_i","NA","dimensionless"
16,NA,"residence_time","0.091","years"
16,NA,"sd_residence_time","0.041","years"
16,NA,"residence_time_ei_repeat_visits","2","dimensionless"
16,NA,"e_i_type","run-of-river","dimensionless"
17,NA,"e_i","0.128","dimensionless"
17,NA,"sd_e_i","NA","dimensionless"
17,NA,"residence_time","0.108","years"
17,NA,"sd_residence_time",NA,"years"
17,NA,"residence_time_ei_repeat_visits","0","dimensionless"
17,NA,"e_i_type","run-of-river","dimensionless"
18,NA,"e_i","0.135","dimensionless"
18,NA,"sd_e_i","NA","dimensionless"
18,NA,"residence_time","0.114","years"
18,NA,"sd_residence_time","0.127","years"
18,NA,"residence_time_ei_repeat_visits","1","dimensionless"
18,NA,"e_i_type","run-of-river","dimensionless"
44,NA,"e_i","0.075","dimensionless"
44,NA,"sd_e_i","NA","dimensionless"
44,NA,"residence_time","0.106","years"
44,NA,"sd_residence_time",NA,"years"
44,NA,"residence_time_ei_repeat_visits","0","dimensionless"
44,NA,"e_i_type","run-of-river","dimensionless"
45,NA,"e_i","0.037","dimensionless"
45,NA,"sd_e_i","NA","dimensionless"
45,NA,"residence_time","0.122","years"
45,NA,"sd_residence_time",NA,"years"
45,NA,"residence_time_ei_repeat_visits","0","dimensionless"
45,NA,"e_i_type","run-of-river","dimensionless"
46,NA,"e_i","0.056","dimensionless"
46,NA,"sd_e_i","NA","dimensionless"
46,NA,"residence_time","0.044","years"
46,NA,"sd_residence_time","0.036","years"
46,NA,"residence_time_ei_repeat_visits","3","dimensionless"
46,NA,"e_i_type","run-of-river","dimensionless"
47,NA,"e_i","0.016","dimensionless"
47,NA,"sd_e_i","NA","dimensionless"
47,NA,"residence_time","0.104","years"
47,NA,"sd_residence_time","0.161","years"
47,NA,"residence_time_ei_repeat_visits","3","dimensionless"
47,NA,"e_i_type","run-of-river","dimensionless"
49,NA,"e_i","0.052","dimensionless"
49,NA,"sd_e_i","NA","dimensionless"
49,NA,"residence_time","0.046","years"
49,NA,"sd_residence_time","0.013","years"
49,NA,"residence_time_ei_repeat_visits","1","dimensionless"
49,NA,"e_i_type","run-of-river","dimensionless"
51,NA,"e_i","0.132","dimensionless"
51,NA,"sd_e_i","NA","dimensionless"
51,NA,"residence_time","0.438","years"
51,NA,"sd_residence_time","0.075","years"
51,NA,"residence_time_ei_repeat_visits","3","dimensionless"
51,NA,"e_i_type","run-of-river","dimensionless"
52,NA,"e_i","0.046","dimensionless"
52,NA,"sd_e_i","NA","dimensionless"
52,NA,"residence_time","0.457","years"
52,NA,"sd_residence_time","0.307","years"
52,NA,"residence_time_ei_repeat_visits","1","dimensionless"
52,NA,"e_i_type","run-of-river","dimensionless"
53,NA,"e_i","0.016","dimensionless"
53,NA,"sd_e_i","NA","dimensionless"
53,NA,"residence_time","0.971","years"
53,NA,"sd_residence_time","1.310","years"
53,NA,"residence_time_ei_repeat_visits","3","dimensionless"
53,NA,"e_i_type","run-of-river","dimensionless"
54,NA,"e_i","0.462","dimensionless"
54,NA,"sd_e_i","NA","dimensionless"
54,NA,"residence_time","0.548","years"
54,NA,"sd_residence_time","0.093","years"
54,NA,"residence_time_ei_repeat_visits","1","dimensionless"
54,NA,"e_i_type","storage","dimensionless"
55,NA,"e_i","0.375","dimensionless"
55,NA,"sd_e_i","NA","dimensionless"
55,NA,"residence_time","0.441","years"
55,NA,"sd_residence_time",NA,"years"
55,NA,"residence_time_ei_repeat_visits","0","dimensionless"
55,NA,"e_i_type","storage","dimensionless"
57,NA,"e_i","0.054","dimensionless"
57,NA,"sd_e_i","NA","dimensionless"
57,NA,"residence_time","0.131","years"
57,NA,"sd_residence_time","0.078","years"
57,NA,"residence_time_ei_repeat_visits","3","dimensionless"
57,NA,"e_i_type","run-of-river","dimensionless"
64,NA,"e_i","0.136","dimensionless"
64,NA,"sd_e_i","NA","dimensionless"
64,NA,"residence_time","0.325","years"
64,NA,"sd_residence_time","0.138","years"
64,NA,"residence_time_ei_repeat_visits","2","dimensionless"
64,NA,"e_i_type","run-of-river","dimensionless"
65,NA,"e_i","0.000","dimensionless"
65,NA,"sd_e_i","NA","dimensionless"
65,NA,"residence_time","0.461","years"
65,NA,"sd_residence_time",NA,"years"
65,NA,"residence_time_ei_repeat_visits","0","dimensionless"
65,NA,"e_i_type","run-of-river","dimensionless"
66,NA,"e_i","0.178","dimensionless"
66,NA,"sd_e_i","NA","dimensionless"
66,NA,"residence_time","0.143","years"
66,NA,"sd_residence_time","0.053","years"
66,NA,"residence_time_ei_repeat_visits","2","dimensionless"
66,NA,"e_i_type","run-of-river","dimensionless"
67,NA,"e_i","0.388","dimensionless"
67,NA,"sd_e_i","NA","dimensionless"
67,NA,"residence_time","1.475","years"
67,NA,"sd_residence_time","0.464","years"
67,NA,"residence_time_ei_repeat_visits","2","dimensionless"
67,NA,"e_i_type","storage","dimensionless"
68,NA,"e_i","0.047","dimensionless"
68,NA,"sd_e_i","NA","dimensionless"
68,NA,"residence_time","0.239","years"
68,NA,"sd_residence_time","0.089","years"
68,NA,"residence_time_ei_repeat_visits","1","dimensionless"
68,NA,"e_i_type","run-of-river","dimensionless"
69,NA,"e_i","0.153","dimensionless"
69,NA,"sd_e_i","NA","dimensionless"
69,NA,"residence_time","0.793","years"
69,NA,"sd_residence_time","0.837","years"
69,NA,"residence_time_ei_repeat_visits","4","dimensionless"
69,NA,"e_i_type","run-of-river","dimensionless"
70,NA,"e_i","0.106","dimensionless"
70,NA,"sd_e_i","NA","dimensionless"
70,NA,"residence_time","0.197","years"
70,NA,"sd_residence_time","0.279","years"
70,NA,"residence_time_ei_repeat_visits","1","dimensionless"
70,NA,"e_i_type","run-of-river","dimensionless"
71,NA,"e_i","0.111","dimensionless"
71,NA,"sd_e_i","NA","dimensionless"
71,NA,"residence_time","0.620","years"
71,NA,"sd_residence_time","0.228","years"
71,NA,"residence_time_ei_repeat_visits","2","dimensionless"
71,NA,"e_i_type","run-of-river","dimensionless"
72,NA,"e_i","0.217","dimensionless"
72,NA,"sd_e_i","NA","dimensionless"
72,NA,"residence_time","1.286","years"
72,NA,"sd_residence_time","0.228","years"
72,NA,"residence_time_ei_repeat_visits","2","dimensionless"
72,NA,"e_i_type","storage","dimensionless"
75,NA,"e_i","0.405","dimensionless"
75,NA,"sd_e_i","NA","dimensionless"
75,NA,"residence_time","0.649","years"
75,NA,"sd_residence_time","0.023","years"
75,NA,"residence_time_ei_repeat_visits","1","dimensionless"
75,NA,"e_i_type","storage","dimensionless"
76,NA,"e_i","0.166","dimensionless"
76,NA,"sd_e_i","NA","dimensionless"
76,NA,"residence_time","2.437","years"
76,NA,"sd_residence_time","1.208","years"
76,NA,"residence_time_ei_repeat_visits","2","dimensionless"
76,NA,"e_i_type","run-of-river","dimensionless"
77,NA,"e_i","0.084","dimensionless"
77,NA,"sd_e_i","NA","dimensionless"
77,NA,"residence_time","0.150","years"
77,NA,"sd_residence_time","0.146","years"
77,NA,"residence_time_ei_repeat_visits","1","dimensionless"
77,NA,"e_i_type","run-of-river","dimensionless"
78,NA,"e_i","0.413","dimensionless"
78,NA,"sd_e_i","NA","dimensionless"
78,NA,"residence_time","0.704","years"
78,NA,"sd_residence_time","0.096","years"
78,NA,"residence_time_ei_repeat_visits","1","dimensionless"
78,NA,"e_i_type","storage","dimensionless"
79,NA,"e_i","0.288","dimensionless"
79,NA,"sd_e_i","NA","dimensionless"
79,NA,"residence_time","0.631","years"
79,NA,"sd_residence_time","0.446","years"
79,NA,"residence_time_ei_repeat_visits","1","dimensionless"
79,NA,"e_i_type","storage","dimensionless"
82,NA,"e_i","0.132","dimensionless"
82,NA,"sd_e_i","NA","dimensionless"
82,NA,"residence_time","0.578","years"
82,NA,"sd_residence_time","0.169","years"
82,NA,"residence_time_ei_repeat_visits","1","dimensionless"
82,NA,"e_i_type","run-of-river","dimensionless"
83,NA,"e_i","0.078","dimensionless"
83,NA,"sd_e_i","NA","dimensionless"
83,NA,"residence_time","0.169","years"
83,NA,"sd_residence_time","0.086","years"
83,NA,"residence_time_ei_repeat_visits","2","dimensionless"
83,NA,"e_i_type","run-of-river","dimensionless"
84,NA,"e_i","0.039","dimensionless"
84,NA,"sd_e_i","NA","dimensionless"
84,NA,"residence_time","0.172","years"
84,NA,"sd_residence_time","0.126","years"
84,NA,"residence_time_ei_repeat_visits","1","dimensionless"
84,NA,"e_i_type","run-of-river","dimensionless"
98,NA,"e_i","0.048","dimensionless"
98,NA,"sd_e_i","NA","dimensionless"
98,NA,"residence_time","0.151","years"
98,NA,"sd_residence_time",NA,"years"
98,NA,"residence_time_ei_repeat_visits","0","dimensionless"
98,NA,"e_i_type","run-of-river","dimensionless"
99,NA,"e_i","0.106","dimensionless"
99,NA,"sd_e_i","NA","dimensionless"
99,NA,"residence_time","0.506","years"
99,NA,"sd_residence_time","0.568","years"
99,NA,"residence_time_ei_repeat_visits","2","dimensionless"
99,NA,"e_i_type","run-of-river","dimensionless"
100,NA,"e_i","0.304","dimensionless"
100,NA,"sd_e_i","NA","dimensionless"
100,NA,"residence_time","1.017","years"
100,NA,"sd_residence_time","0.319","years"
100,NA,"residence_time_ei_repeat_visits","3","dimensionless"
100,NA,"e_i_type","storage","dimensionless"
101,NA,"e_i","0.267","dimensionless"
101,NA,"sd_e_i","NA","dimensionless"
101,NA,"residence_time","1.555","years"
101,NA,"sd_residence_time","0.360","years"
101,NA,"residence_time_ei_repeat_visits","2","dimensionless"
101,NA,"e_i_type","storage","dimensionless"
102,NA,"e_i","0.114","dimensionless"
102,NA,"sd_e_i","NA","dimensionless"
102,NA,"residence_time","0.534","years"
102,NA,"sd_residence_time","0.425","years"
102,NA,"residence_time_ei_repeat_visits","2","dimensionless"
102,NA,"e_i_type","run-of-river","dimensionless"
103,NA,"e_i","0.068","dimensionless"
103,NA,"sd_e_i","NA","dimensionless"
103,NA,"residence_time","0.288","years"
103,NA,"sd_residence_time","0.252","years"
103,NA,"residence_time_ei_repeat_visits","1","dimensionless"
103,NA,"e_i_type","run-of-river","dimensionless"
116,NA,"e_i","0.434","dimensionless"
116,NA,"sd_e_i","NA","dimensionless"
116,NA,"residence_time","0.611","years"
116,NA,"sd_residence_time","0.182","years"
116,NA,"residence_time_ei_repeat_visits","2","dimensionless"
116,NA,"e_i_type","storage","dimensionless"
117,NA,"e_i","0.082","dimensionless"
117,NA,"sd_e_i","NA","dimensionless"
117,NA,"residence_time","0.154","years"
117,NA,"sd_residence_time",NA,"years"
117,NA,"residence_time_ei_repeat_visits","0","dimensionless"
117,NA,"e_i_type","run-of-river","dimensionless"
119,NA,"e_i","0.128","dimensionless"
119,NA,"sd_e_i","NA","dimensionless"
119,NA,"residence_time","0.116","years"
119,NA,"sd_residence_time","0.067","years"
119,NA,"residence_time_ei_repeat_visits","5","dimensionless"
119,NA,"e_i_type","run-of-river","dimensionless"
136,NA,"e_i","0.154","dimensionless"
136,NA,"sd_e_i","NA","dimensionless"
136,NA,"residence_time","0.329","years"
136,NA,"sd_residence_time","0.229","years"
136,NA,"residence_time_ei_repeat_visits","3","dimensionless"
136,NA,"e_i_type","run-of-river","dimensionless"
137,NA,"e_i","0.051","dimensionless"
137,NA,"sd_e_i","NA","dimensionless"
137,NA,"residence_time","0.199","years"
137,NA,"sd_residence_time","0.076","years"
137,NA,"residence_time_ei_repeat_visits","2","dimensionless"
137,NA,"e_i_type","run-of-river","dimensionless"
138,NA,"e_i","0.192","dimensionless"
138,NA,"sd_e_i","NA","dimensionless"
138,NA,"residence_time","0.447","years"
138,NA,"sd_residence_time",NA,"years"
138,NA,"residence_time_ei_repeat_visits","0","dimensionless"
138,NA,"e_i_type","run-of-river","dimensionless"
146,NA,"e_i","0.418","dimensionless"
146,NA,"sd_e_i","NA","dimensionless"
146,NA,"residence_time","0.869","years"
146,NA,"sd_residence_time","0.314","years"
146,NA,"residence_time_ei_repeat_visits","2","dimensionless"
146,NA,"e_i_type","storage","dimensionless"
147,NA,"e_i","0.243","dimensionless"
147,NA,"sd_e_i","NA","dimensionless"
147,NA,"residence_time","0.665","years"
147,NA,"sd_residence_time","0.140","years"
147,NA,"residence_time_ei_repeat_visits","2","dimensionless"
147,NA,"e_i_type","storage","dimensionless"
148,NA,"e_i","0.070","dimensionless"
148,NA,"sd_e_i","NA","dimensionless"
148,NA,"residence_time","0.295","years"
148,NA,"sd_residence_time","0.207","years"
148,NA,"residence_time_ei_repeat_visits","3","dimensionless"
148,NA,"e_i_type","run-of-river","dimensionless"
149,NA,"e_i","0.175","dimensionless"
149,NA,"sd_e_i","NA","dimensionless"
149,NA,"residence_time","0.757","years"
149,NA,"sd_residence_time","0.075","years"
149,NA,"residence_time_ei_repeat_visits","2","dimensionless"
149,NA,"e_i_type","run-of-river","dimensionless"
155,NA,"e_i","0.244","dimensionless"
155,NA,"sd_e_i","NA","dimensionless"
155,NA,"residence_time","2.632","years"
155,NA,"sd_residence_time","0.608","years"
155,NA,"residence_time_ei_repeat_visits","2","dimensionless"
155,NA,"e_i_type","storage","dimensionless"
157,NA,"e_i","0.260","dimensionless"
157,NA,"sd_e_i","NA","dimensionless"
157,NA,"residence_time","0.821","years"
157,NA,"sd_residence_time","0.132","years"
157,NA,"residence_time_ei_repeat_visits","2","dimensionless"
157,NA,"e_i_type","storage","dimensionless"
159,NA,"e_i","0.231","dimensionless"
159,NA,"sd_e_i","NA","dimensionless"
159,NA,"residence_time","1.389","years"
159,NA,"sd_residence_time",NA,"years"
159,NA,"residence_time_ei_repeat_visits","0","dimensionless"
159,NA,"e_i_type","storage","dimensionless"
165,NA,"e_i","0.193","dimensionless"
165,NA,"sd_e_i","NA","dimensionless"
165,NA,"residence_time","0.382","years"
165,NA,"sd_residence_time",NA,"years"
165,NA,"residence_time_ei_repeat_visits","0","dimensionless"
165,NA,"e_i_type","run-of-river","dimensionless"
166,NA,"e_i","0.370","dimensionless"
166,NA,"sd_e_i","NA","dimensionless"
166,NA,"residence_time","0.376","years"
166,NA,"sd_residence_time","0.086","years"
166,NA,"residence_time_ei_repeat_visits","4","dimensionless"
166,NA,"e_i_type","storage","dimensionless"
167,NA,"e_i","0.426","dimensionless"
167,NA,"sd_e_i","NA","dimensionless"
167,NA,"residence_time","0.390","years"
167,NA,"sd_residence_time","0.071","years"
167,NA,"residence_time_ei_repeat_visits","2","dimensionless"
167,NA,"e_i_type","storage","dimensionless"
184,NA,"e_i","0.431","dimensionless"
184,NA,"sd_e_i","NA","dimensionless"
184,NA,"residence_time","0.487","years"
184,NA,"sd_residence_time","0.353","years"
184,NA,"residence_time_ei_repeat_visits","2","dimensionless"
184,NA,"e_i_type","storage","dimensionless"
186,NA,"e_i","0.136","dimensionless"
186,NA,"sd_e_i","NA","dimensionless"
186,NA,"residence_time","0.566","years"
186,NA,"sd_residence_time","0.183","years"
186,NA,"residence_time_ei_repeat_visits","2","dimensionless"
186,NA,"e_i_type","run-of-river","dimensionless"
188,NA,"e_i","0.180","dimensionless"
188,NA,"sd_e_i","NA","dimensionless"
188,NA,"residence_time","0.586","years"
188,NA,"sd_residence_time","0.192","years"
188,NA,"residence_time_ei_repeat_visits","1","dimensionless"
188,NA,"e_i_type","run-of-river","dimensionless"
190,NA,"e_i","0.169","dimensionless"
190,NA,"sd_e_i","NA","dimensionless"
190,NA,"residence_time","0.474","years"
190,NA,"sd_residence_time","0.292","years"
190,NA,"residence_time_ei_repeat_visits","2","dimensionless"
190,NA,"e_i_type","run-of-river","dimensionless"
191,NA,"e_i","0.267","dimensionless"
191,NA,"sd_e_i","NA","dimensionless"
191,NA,"residence_time","0.847","years"
191,NA,"sd_residence_time","0.034","years"
191,NA,"residence_time_ei_repeat_visits","1","dimensionless"
191,NA,"e_i_type","storage","dimensionless"
195,NA,"e_i","0.033","dimensionless"
195,NA,"sd_e_i","NA","dimensionless"
195,NA,"residence_time","0.474","years"
195,NA,"sd_residence_time",NA,"years"
195,NA,"residence_time_ei_repeat_visits","0","dimensionless"
195,NA,"e_i_type","run-of-river","dimensionless"
204,NA,"e_i","0.178","dimensionless"
204,NA,"sd_e_i","NA","dimensionless"
204,NA,"residence_time","2.075","years"
204,NA,"sd_residence_time","0.332","years"
204,NA,"residence_time_ei_repeat_visits","1","dimensionless"
204,NA,"e_i_type","run-of-river","dimensionless"
205,NA,"e_i","0.235","dimensionless"
205,NA,"sd_e_i","NA","dimensionless"
205,NA,"residence_time","1.119","years"
205,NA,"sd_residence_time",NA,"years"
205,NA,"residence_time_ei_repeat_visits","0","dimensionless"
205,NA,"e_i_type","storage","dimensionless"
206,NA,"e_i","0.198","dimensionless"
206,NA,"sd_e_i","NA","dimensionless"
206,NA,"residence_time","1.084","years"
206,NA,"sd_residence_time","0.242","years"
206,NA,"residence_time_ei_repeat_visits","1","dimensionless"
206,NA,"e_i_type","run-of-river","dimensionless"
207,NA,"e_i","0.242","dimensionless"
207,NA,"sd_e_i","NA","dimensionless"
207,NA,"residence_time","1.457","years"
207,NA,"sd_residence_time","0.167","years"
207,NA,"residence_time_ei_repeat_visits","2","dimensionless"
207,NA,"e_i_type","storage","dimensionless"
208,NA,"e_i","0.127","dimensionless"
208,NA,"sd_e_i","NA","dimensionless"
208,NA,"residence_time","0.529","years"
208,NA,"sd_residence_time","0.030","years"
208,NA,"residence_time_ei_repeat_visits","1","dimensionless"
208,NA,"e_i_type","run-of-river","dimensionless"
209,NA,"e_i","0.084","dimensionless"
209,NA,"sd_e_i","NA","dimensionless"
209,NA,"residence_time","0.254","years"
209,NA,"sd_residence_time",NA,"years"
209,NA,"residence_time_ei_repeat_visits","0","dimensionless"
209,NA,"e_i_type","run-of-river","dimensionless"
210,NA,"e_i","0.336","dimensionless"
210,NA,"sd_e_i","NA","dimensionless"
210,NA,"residence_time","0.225","years"
210,NA,"sd_residence_time",NA,"years"
210,NA,"residence_time_ei_repeat_visits","0","dimensionless"
210,NA,"e_i_type","storage","dimensionless"
211,NA,"e_i","0.000","dimensionless"
211,NA,"sd_e_i","NA","dimensionless"
211,NA,"residence_time","0.041","years"
211,NA,"sd_residence_time",NA,"years"
211,NA,"residence_time_ei_repeat_visits","0","dimensionless"
211,NA,"e_i_type","run-of-river","dimensionless"
214,NA,"e_i","0.102","dimensionless"
214,NA,"sd_e_i","NA","dimensionless"
214,NA,"residence_time","0.180","years"
214,NA,"sd_residence_time",NA,"years"
214,NA,"residence_time_ei_repeat_visits","0","dimensionless"
214,NA,"e_i_type","run-of-river","dimensionless"
230,NA,"e_i","0.222","dimensionless"
230,NA,"sd_e_i","NA","dimensionless"
230,NA,"residence_time","0.548","years"
230,NA,"sd_residence_time","0.283","years"
230,NA,"residence_time_ei_repeat_visits","2","dimensionless"
230,NA,"e_i_type","storage","dimensionless"
231,NA,"e_i","0.321","dimensionless"
231,NA,"sd_e_i","NA","dimensionless"
231,NA,"residence_time","1.339","years"
231,NA,"sd_residence_time",NA,"years"
231,NA,"residence_time_ei_repeat_visits","0","dimensionless"
231,NA,"e_i_type","storage","dimensionless"
233,NA,"e_i","0.072","dimensionless"
233,NA,"sd_e_i","NA","dimensionless"
233,NA,"residence_time","0.110","years"
233,NA,"sd_residence_time",NA,"years"
233,NA,"residence_time_ei_repeat_visits","0","dimensionless"
233,NA,"e_i_type","run-of-river","dimensionless"
234,NA,"e_i","0.036","dimensionless"
234,NA,"sd_e_i","NA","dimensionless"
234,NA,"residence_time","0.485","years"
234,NA,"sd_residence_time","0.321","years"
234,NA,"residence_time_ei_repeat_visits","2","dimensionless"
234,NA,"e_i_type","run-of-river","dimensionless"
235,NA,"e_i","0.137","dimensionless"
235,NA,"sd_e_i","NA","dimensionless"
235,NA,"residence_time","0.520","years"
235,NA,"sd_residence_time","0.163","years"
235,NA,"residence_time_ei_repeat_visits","2","dimensionless"
235,NA,"e_i_type","run-of-river","dimensionless"
236,NA,"e_i","0.045","dimensionless"
236,NA,"sd_e_i","NA","dimensionless"
236,NA,"residence_time","0.140","years"
236,NA,"sd_residence_time",NA,"years"
236,NA,"residence_time_ei_repeat_visits","0","dimensionless"
236,NA,"e_i_type","run-of-river","dimensionless"
237,NA,"e_i","0.006","dimensionless"
237,NA,"sd_e_i","NA","dimensionless"
237,NA,"residence_time","0.029","years"
237,NA,"sd_residence_time",NA,"years"
237,NA,"residence_time_ei_repeat_visits","0","dimensionless"
237,NA,"e_i_type","run-of-river","dimensionless"
238,NA,"e_i","0.079","dimensionless"
238,NA,"sd_e_i","NA","dimensionless"
238,NA,"residence_time","0.396","years"
238,NA,"sd_residence_time","0.273","years"
238,NA,"residence_time_ei_repeat_visits","2","dimensionless"
238,NA,"e_i_type","run-of-river","dimensionless"
239,NA,"e_i","0.023","dimensionless"
239,NA,"sd_e_i","NA","dimensionless"
239,NA,"residence_time","0.223","years"
239,NA,"sd_residence_time","0.082","years"
239,NA,"residence_time_ei_repeat_visits","2","dimensionless"
239,NA,"e_i_type","run-of-river","dimensionless"
240,NA,"e_i","0.288","dimensionless"
240,NA,"sd_e_i","NA","dimensionless"
240,NA,"residence_time","1.038","years"
240,NA,"sd_residence_time","0.552","years"
240,NA,"residence_time_ei_repeat_visits","2","dimensionless"
240,NA,"e_i_type","storage","dimensionless"
247,NA,"e_i","0.062","dimensionless"
247,NA,"sd_e_i","NA","dimensionless"
247,NA,"residence_time","2.111","years"
247,NA,"sd_residence_time","2.431","years"
247,NA,"residence_time_ei_repeat_visits","1","dimensionless"
247,NA,"e_i_type","run-of-river","dimensionless"
249,NA,"e_i","0.044","dimensionless"
249,NA,"sd_e_i","NA","dimensionless"
249,NA,"residence_time","0.529","years"
249,NA,"sd_residence_time","0.143","years"
249,NA,"residence_time_ei_repeat_visits","2","dimensionless"
249,NA,"e_i_type","run-of-river","dimensionless"
250,NA,"e_i","0.043","dimensionless"
250,NA,"sd_e_i","NA","dimensionless"
250,NA,"residence_time","0.486","years"
250,NA,"sd_residence_time","0.093","years"
250,NA,"residence_time_ei_repeat_visits","1","dimensionless"
250,NA,"e_i_type","run-of-river","dimensionless"
253,NA,"e_i","0.037","dimensionless"
253,NA,"sd_e_i","NA","dimensionless"
253,NA,"residence_time","0.131","years"
253,NA,"sd_residence_time","0.111","years"
253,NA,"residence_time_ei_repeat_visits","4","dimensionless"
253,NA,"e_i_type","run-of-river","dimensionless"
263,NA,"e_i","0.067","dimensionless"
263,NA,"sd_e_i","NA","dimensionless"
263,NA,"residence_time","0.196","years"
263,NA,"sd_residence_time","0.152","years"
263,NA,"residence_time_ei_repeat_visits","2","dimensionless"
263,NA,"e_i_type","run-of-river","dimensionless"
264,NA,"e_i","0.177","dimensionless"
264,NA,"sd_e_i","NA","dimensionless"
264,NA,"residence_time","0.161","years"
264,NA,"sd_residence_time",NA,"years"
264,NA,"residence_time_ei_repeat_visits","0","dimensionless"
264,NA,"e_i_type","run-of-river","dimensionless"
265,NA,"e_i","0.008","dimensionless"
265,NA,"sd_e_i","NA","dimensionless"
265,NA,"residence_time","0.015","years"
265,NA,"sd_residence_time",NA,"years"
265,NA,"residence_time_ei_repeat_visits","0","dimensionless"
265,NA,"e_i_type","run-of-river","dimensionless"
275,NA,"e_i","0.394","dimensionless"
275,NA,"sd_e_i","NA","dimensionless"
275,NA,"residence_time","0.243","years"
275,NA,"sd_residence_time","0.119","years"
275,NA,"residence_time_ei_repeat_visits","2","dimensionless"
275,NA,"e_i_type","storage","dimensionless"
276,NA,"e_i","0.068","dimensionless"
276,NA,"sd_e_i","NA","dimensionless"
276,NA,"residence_time","0.260","years"
276,NA,"sd_residence_time","0.074","years"
276,NA,"residence_time_ei_repeat_visits","1","dimensionless"
276,NA,"e_i_type","run-of-river","dimensionless"
281,NA,"e_i","0.058","dimensionless"
281,NA,"sd_e_i","NA","dimensionless"
281,NA,"residence_time","0.355","years"
281,NA,"sd_residence_time",NA,"years"
281,NA,"residence_time_ei_repeat_visits","0","dimensionless"
281,NA,"e_i_type","run-of-river","dimensionless"
287,NA,"e_i","0.146","dimensionless"
287,NA,"sd_e_i","NA","dimensionless"
287,NA,"residence_time","1.962","years"
287,NA,"sd_residence_time",NA,"years"
287,NA,"residence_time_ei_repeat_visits","0","dimensionless"
287,NA,"e_i_type","run-of-river","dimensionless"
288,NA,"e_i","0.134","dimensionless"
288,NA,"sd_e_i","NA","dimensionless"
288,NA,"residence_time","0.681","years"
288,NA,"sd_residence_time","0.375","years"
288,NA,"residence_time_ei_repeat_visits","4","dimensionless"
288,NA,"e_i_type","run-of-river","dimensionless"
291,NA,"e_i","0.205","dimensionless"
291,NA,"sd_e_i","NA","dimensionless"
291,NA,"residence_time","2.424","years"
291,NA,"sd_residence_time","1.382","years"
291,NA,"residence_time_ei_repeat_visits","1","dimensionless"
291,NA,"e_i_type","storage","dimensionless"
296,NA,"e_i","0.559","dimensionless"
296,NA,"sd_e_i","NA","dimensionless"
296,NA,"residence_time","4.053","years"
296,NA,"sd_residence_time",NA,"years"
296,NA,"residence_time_ei_repeat_visits","0","dimensionless"
296,NA,"e_i_type","storage","dimensionless"
297,NA,"e_i","0.063","dimensionless"
297,NA,"sd_e_i","NA","dimensionless"
297,NA,"residence_time","0.376","years"
297,NA,"sd_residence_time","0.252","years"
297,NA,"residence_time_ei_repeat_visits","1","dimensionless"
297,NA,"e_i_type","run-of-river","dimensionless"
298,NA,"e_i","0.179","dimensionless"
298,NA,"sd_e_i","NA","dimensionless"
298,NA,"residence_time","1.607","years"
298,NA,"sd_residence_time",NA,"years"
298,NA,"residence_time_ei_repeat_visits","0","dimensionless"
298,NA,"e_i_type","run-of-river","dimensionless"
302,NA,"e_i","0.127","dimensionless"
302,NA,"sd_e_i","NA","dimensionless"
302,NA,"residence_time","0.485","years"
302,NA,"sd_residence_time","0.109","years"
302,NA,"residence_time_ei_repeat_visits","1","dimensionless"
302,NA,"e_i_type","run-of-river","dimensionless"
308,NA,"e_i","0.189","dimensionless"
308,NA,"sd_e_i","NA","dimensionless"
308,NA,"residence_time","2.141","years"
308,NA,"sd_residence_time","0.308","years"
308,NA,"residence_time_ei_repeat_visits","2","dimensionless"
308,NA,"e_i_type","run-of-river","dimensionless"
316,NA,"e_i","0.239","dimensionless"
316,NA,"sd_e_i","NA","dimensionless"
316,NA,"residence_time","0.072","years"
316,NA,"sd_residence_time",NA,"years"
316,NA,"residence_time_ei_repeat_visits","0","dimensionless"
316,NA,"e_i_type","storage","dimensionless"
317,NA,"e_i","0.378","dimensionless"
317,NA,"sd_e_i","NA","dimensionless"
317,NA,"residence_time","1.149","years"
317,NA,"sd_residence_time","0.395","years"
317,NA,"residence_time_ei_repeat_visits","2","dimensionless"
317,NA,"e_i_type","storage","dimensionless"
323,NA,"e_i","0.116","dimensionless"
323,NA,"sd_e_i","NA","dimensionless"
323,NA,"residence_time","0.240","years"
323,NA,"sd_residence_time",NA,"years"
323,NA,"residence_time_ei_repeat_visits","0","dimensionless"
323,NA,"e_i_type","run-of-river","dimensionless"
326,NA,"e_i","0.090","dimensionless"
326,NA,"sd_e_i","NA","dimensionless"
326,NA,"residence_time","0.152","years"
326,NA,"sd_residence_time",NA,"years"
326,NA,"residence_time_ei_repeat_visits","0","dimensionless"
326,NA,"e_i_type","run-of-river","dimensionless"
327,NA,"e_i","0.276","dimensionless"
327,NA,"sd_e_i","NA","dimensionless"
327,NA,"residence_time","0.238","years"
327,NA,"sd_residence_time","0.144","years"
327,NA,"residence_time_ei_repeat_visits","4","dimensionless"
327,NA,"e_i_type","storage","dimensionless"
328,NA,"e_i","0.046","dimensionless"
328,NA,"sd_e_i","NA","dimensionless"
328,NA,"residence_time","0.144","years"
328,NA,"sd_residence_time","0.021","years"
328,NA,"residence_time_ei_repeat_visits","1","dimensionless"
328,NA,"e_i_type","run-of-river","dimensionless"
331,NA,"e_i","0.040","dimensionless"
331,NA,"sd_e_i","NA","dimensionless"
331,NA,"residence_time","0.064","years"
331,NA,"sd_residence_time","0.012","years"
331,NA,"residence_time_ei_repeat_visits","1","dimensionless"
331,NA,"e_i_type","run-of-river","dimensionless"
999,NA,"e_i","0.000","dimensionless"
999,NA,"sd_e_i","NA","dimensionless"
999,NA,"residence_time","1.315","years"
999,NA,"sd_residence_time",NA,"years"
999,NA,"residence_time_ei_repeat_visits","1","dimensionless"
999,NA,"e_i_type","run-of-river","dimensionless"
1004,NA,"e_i","0.068","dimensionless"
1004,NA,"sd_e_i","NA","dimensionless"
1004,NA,"residence_time","0.190","years"
1004,NA,"sd_residence_time",NA,"years"
1004,NA,"residence_time_ei_repeat_visits","0","dimensionless"
1004,NA,"e_i_type","run-of-river","dimensionless"
1013,NA,"e_i","0.155","dimensionless"
1013,NA,"sd_e_i","NA","dimensionless"
1013,NA,"residence_time","0.291","years"
1013,NA,"sd_residence_time","0.262","years"
1013,NA,"residence_time_ei_repeat_visits","4","dimensionless"
1013,NA,"e_i_type","run-of-river","dimensionless"
1016,NA,"e_i","0.126","dimensionless"
1016,NA,"sd_e_i","NA","dimensionless"
1016,NA,"residence_time","0.300","years"
1016,NA,"sd_residence_time",NA,"years"
1016,NA,"residence_time_ei_repeat_visits","0","dimensionless"
1016,NA,"e_i_type","run-of-river","dimensionless"
1018,NA,"e_i","0.086","dimensionless"
1018,NA,"sd_e_i","NA","dimensionless"
1018,NA,"residence_time","0.230","years"
1018,NA,"sd_residence_time",NA,"years"
1018,NA,"residence_time_ei_repeat_visits","0","dimensionless"
1018,NA,"e_i_type","run-of-river","dimensionless"
1019,NA,"e_i","0.444","dimensionless"
1019,NA,"sd_e_i","NA","dimensionless"
1019,NA,"residence_time","0.146","years"
1019,NA,"sd_residence_time","0.037","years"
1019,NA,"residence_time_ei_repeat_visits","1","dimensionless"
1019,NA,"e_i_type","storage","dimensionless"
1023,NA,"e_i","0.145","dimensionless"
1023,NA,"sd_e_i","NA","dimensionless"
1023,NA,"residence_time","0.340","years"
1023,NA,"sd_residence_time",NA,"years"
1023,NA,"residence_time_ei_repeat_visits","0","dimensionless"
1023,NA,"e_i_type","run-of-river","dimensionless"
1024,NA,"e_i","0.073","dimensionless"
1024,NA,"sd_e_i","NA","dimensionless"
1024,NA,"residence_time","0.320","years"
1024,NA,"sd_residence_time",NA,"years"
1024,NA,"residence_time_ei_repeat_visits","0","dimensionless"
1024,NA,"e_i_type","run-of-river","dimensionless"
1,NA,"wgt","2","dimensionless"
1,NA,"ag_eco9","CPL",NA
1,NA,"ag_eco9_nm","Coastal Plains",NA
1,NA,"depth_cat","GT_6m",NA
1,NA,"chla_cat","GT_7",NA
1,NA,"lab","DOE",NA
1,NA,"study","SuRGE",NA
2,NA,"wgt","2","dimensionless"
2,NA,"ag_eco9","CPL",NA
2,NA,"ag_eco9_nm","Coastal Plains",NA
2,NA,"depth_cat","GT_6m",NA
2,NA,"chla_cat","GT_7",NA
2,NA,"lab","DOE",NA
2,NA,"study","SuRGE",NA
3,NA,"wgt","2","dimensionless"
3,NA,"ag_eco9","CPL",NA
3,NA,"ag_eco9_nm","Coastal Plains",NA
3,NA,"depth_cat","GT_6m",NA
3,NA,"chla_cat","GT_7",NA
3,NA,"lab","ADA",NA
3,NA,"study","SuRGE",NA
4,NA,"wgt","2","dimensionless"
4,NA,"ag_eco9","CPL",NA
4,NA,"ag_eco9_nm","Coastal Plains",NA
4,NA,"depth_cat","GT_6m",NA
4,NA,"chla_cat","GT_7",NA
4,NA,"lab","ADA",NA
4,NA,"study","SuRGE",NA
10,NA,"wgt","1","dimensionless"
10,NA,"ag_eco9","CPL",NA
10,NA,"ag_eco9_nm","Coastal Plains",NA
10,NA,"depth_cat","GT_6m",NA
10,NA,"chla_cat","LE_7",NA
10,NA,"lab","RTP",NA
10,NA,"study","SuRGE",NA
11,NA,"wgt","1","dimensionless"
11,NA,"ag_eco9","CPL",NA
11,NA,"ag_eco9_nm","Coastal Plains",NA
11,NA,"depth_cat","GT_6m",NA
11,NA,"chla_cat","LE_7",NA
11,NA,"lab","ADA",NA
11,NA,"study","SuRGE",NA
13,NA,"wgt","6.4","dimensionless"
13,NA,"ag_eco9","CPL",NA
13,NA,"ag_eco9_nm","Coastal Plains",NA
13,NA,"depth_cat","LE_6m",NA
13,NA,"chla_cat","GT_7",NA
13,NA,"lab","CIN",NA
13,NA,"study","SuRGE",NA
14,NA,"wgt","6.4","dimensionless"
14,NA,"ag_eco9","CPL",NA
14,NA,"ag_eco9_nm","Coastal Plains",NA
14,NA,"depth_cat","LE_6m",NA
14,NA,"chla_cat","GT_7",NA
14,NA,"lab","DOE",NA
14,NA,"study","SuRGE",NA
16,NA,"wgt","6.4","dimensionless"
16,NA,"ag_eco9","CPL",NA
16,NA,"ag_eco9_nm","Coastal Plains",NA
16,NA,"depth_cat","LE_6m",NA
16,NA,"chla_cat","GT_7",NA
16,NA,"lab","RTP",NA
16,NA,"study","SuRGE",NA
17,NA,"wgt","6.4","dimensionless"
17,NA,"ag_eco9","CPL",NA
17,NA,"ag_eco9_nm","Coastal Plains",NA
17,NA,"depth_cat","LE_6m",NA
17,NA,"chla_cat","GT_7",NA
17,NA,"lab","CIN",NA
17,NA,"study","SuRGE",NA
18,NA,"wgt","6.4","dimensionless"
18,NA,"ag_eco9","CPL",NA
18,NA,"ag_eco9_nm","Coastal Plains",NA
18,NA,"depth_cat","LE_6m",NA
18,NA,"chla_cat","GT_7",NA
18,NA,"lab","ADA",NA
18,NA,"study","SuRGE",NA
44,NA,"wgt","1.4","dimensionless"
44,NA,"ag_eco9","CPL",NA
44,NA,"ag_eco9_nm","Coastal Plains",NA
44,NA,"depth_cat","LE_6m",NA
44,NA,"chla_cat","LE_7",NA
44,NA,"lab","RTP",NA
44,NA,"study","SuRGE",NA
45,NA,"wgt","1.4","dimensionless"
45,NA,"ag_eco9","CPL",NA
45,NA,"ag_eco9_nm","Coastal Plains",NA
45,NA,"depth_cat","LE_6m",NA
45,NA,"chla_cat","LE_7",NA
45,NA,"lab","RTP",NA
45,NA,"study","SuRGE",NA
46,NA,"wgt","1.4","dimensionless"
46,NA,"ag_eco9","CPL",NA
46,NA,"ag_eco9_nm","Coastal Plains",NA
46,NA,"depth_cat","LE_6m",NA
46,NA,"chla_cat","LE_7",NA
46,NA,"lab","CIN",NA
46,NA,"study","SuRGE",NA
47,NA,"wgt","1.4","dimensionless"
47,NA,"ag_eco9","CPL",NA
47,NA,"ag_eco9_nm","Coastal Plains",NA
47,NA,"depth_cat","LE_6m",NA
47,NA,"chla_cat","LE_7",NA
47,NA,"lab","CIN",NA
47,NA,"study","SuRGE",NA
49,NA,"wgt","1.4","dimensionless"
49,NA,"ag_eco9","CPL",NA
49,NA,"ag_eco9_nm","Coastal Plains",NA
49,NA,"depth_cat","LE_6m",NA
49,NA,"chla_cat","LE_7",NA
49,NA,"lab","CIN",NA
49,NA,"study","SuRGE",NA
51,NA,"wgt","1","dimensionless"
51,NA,"ag_eco9","NAP",NA
51,NA,"ag_eco9_nm","Northern Appalachians",NA
51,NA,"depth_cat","GT_6m",NA
51,NA,"chla_cat","GT_7",NA
51,NA,"lab","Narragansett",NA
51,NA,"study","SuRGE",NA
52,NA,"wgt","1","dimensionless"
52,NA,"ag_eco9","NAP",NA
52,NA,"ag_eco9_nm","Northern Appalachians",NA
52,NA,"depth_cat","GT_6m",NA
52,NA,"chla_cat","GT_7",NA
52,NA,"lab","Narragansett",NA
52,NA,"study","SuRGE",NA
53,NA,"wgt","1","dimensionless"
53,NA,"ag_eco9","NAP",NA
53,NA,"ag_eco9_nm","Northern Appalachians",NA
53,NA,"depth_cat","GT_6m",NA
53,NA,"chla_cat","LE_7",NA
53,NA,"lab","Narragansett",NA
53,NA,"study","SuRGE",NA
54,NA,"wgt","3","dimensionless"
54,NA,"ag_eco9","NAP",NA
54,NA,"ag_eco9_nm","Northern Appalachians",NA
54,NA,"depth_cat","LE_6m",NA
54,NA,"chla_cat","GT_7",NA
54,NA,"lab","CIN",NA
54,NA,"study","SuRGE",NA
55,NA,"wgt","3","dimensionless"
55,NA,"ag_eco9","NAP",NA
55,NA,"ag_eco9_nm","Northern Appalachians",NA
55,NA,"depth_cat","LE_6m",NA
55,NA,"chla_cat","GT_7",NA
55,NA,"lab","CIN",NA
55,NA,"study","SuRGE",NA
57,NA,"wgt","3","dimensionless"
57,NA,"ag_eco9","NAP",NA
57,NA,"ag_eco9_nm","Northern Appalachians",NA
57,NA,"depth_cat","LE_6m",NA
57,NA,"chla_cat","GT_7",NA
57,NA,"lab","Narragansett",NA
57,NA,"study","SuRGE",NA
64,NA,"wgt","1.33333333333333","dimensionless"
64,NA,"ag_eco9","NAP",NA
64,NA,"ag_eco9_nm","Northern Appalachians",NA
64,NA,"depth_cat","LE_6m",NA
64,NA,"chla_cat","LE_7",NA
64,NA,"lab","Narragansett",NA
64,NA,"study","SuRGE",NA
65,NA,"wgt","1.33333333333333","dimensionless"
65,NA,"ag_eco9","NAP",NA
65,NA,"ag_eco9_nm","Northern Appalachians",NA
65,NA,"depth_cat","LE_6m",NA
65,NA,"chla_cat","LE_7",NA
65,NA,"lab","Narragansett",NA
65,NA,"study","SuRGE",NA
66,NA,"wgt","1.33333333333333","dimensionless"
66,NA,"ag_eco9","NAP",NA
66,NA,"ag_eco9_nm","Northern Appalachians",NA
66,NA,"depth_cat","LE_6m",NA
66,NA,"chla_cat","LE_7",NA
66,NA,"lab","Narragansett",NA
66,NA,"study","SuRGE",NA
67,NA,"wgt","1","dimensionless"
67,NA,"ag_eco9","NPL",NA
67,NA,"ag_eco9_nm","Northern Plains",NA
67,NA,"depth_cat","GT_6m",NA
67,NA,"chla_cat","GT_7",NA
67,NA,"lab","CIN",NA
67,NA,"study","SuRGE",NA
68,NA,"wgt","1","dimensionless"
68,NA,"ag_eco9","NPL",NA
68,NA,"ag_eco9_nm","Northern Plains",NA
68,NA,"depth_cat","GT_6m",NA
68,NA,"chla_cat","GT_7",NA
68,NA,"lab","CIN",NA
68,NA,"study","SuRGE",NA
69,NA,"wgt","1.33333333333333","dimensionless"
69,NA,"ag_eco9","NPL",NA
69,NA,"ag_eco9_nm","Northern Plains",NA
69,NA,"depth_cat","GT_6m",NA
69,NA,"chla_cat","LE_7",NA
69,NA,"lab","CIN",NA
69,NA,"study","SuRGE",NA
70,NA,"wgt","1.33333333333333","dimensionless"
70,NA,"ag_eco9","NPL",NA
70,NA,"ag_eco9_nm","Northern Plains",NA
70,NA,"depth_cat","GT_6m",NA
70,NA,"chla_cat","LE_7",NA
70,NA,"lab","CIN",NA
70,NA,"study","SuRGE",NA
71,NA,"wgt","1.33333333333333","dimensionless"
71,NA,"ag_eco9","NPL",NA
71,NA,"ag_eco9_nm","Northern Plains",NA
71,NA,"depth_cat","GT_6m",NA
71,NA,"chla_cat","LE_7",NA
71,NA,"lab","CIN",NA
71,NA,"study","SuRGE",NA
72,NA,"wgt","1.33333333333333","dimensionless"
72,NA,"ag_eco9","NPL",NA
72,NA,"ag_eco9_nm","Northern Plains",NA
72,NA,"depth_cat","GT_6m",NA
72,NA,"chla_cat","LE_7",NA
72,NA,"lab","CIN",NA
72,NA,"study","SuRGE",NA
75,NA,"wgt","1","dimensionless"
75,NA,"ag_eco9","NPL",NA
75,NA,"ag_eco9_nm","Northern Plains",NA
75,NA,"depth_cat","LE_6m",NA
75,NA,"chla_cat","GT_7",NA
75,NA,"lab","CIN",NA
75,NA,"study","SuRGE",NA
76,NA,"wgt","2","dimensionless"
76,NA,"ag_eco9","NPL",NA
76,NA,"ag_eco9_nm","Northern Plains",NA
76,NA,"depth_cat","LE_6m",NA
76,NA,"chla_cat","LE_7",NA
76,NA,"lab","CIN",NA
76,NA,"study","SuRGE",NA
77,NA,"wgt","2","dimensionless"
77,NA,"ag_eco9","NPL",NA
77,NA,"ag_eco9_nm","Northern Plains",NA
77,NA,"depth_cat","LE_6m",NA
77,NA,"chla_cat","LE_7",NA
77,NA,"lab","CIN",NA
77,NA,"study","SuRGE",NA
78,NA,"wgt","2","dimensionless"
78,NA,"ag_eco9","NPL",NA
78,NA,"ag_eco9_nm","Northern Plains",NA
78,NA,"depth_cat","LE_6m",NA
78,NA,"chla_cat","LE_7",NA
78,NA,"lab","CIN",NA
78,NA,"study","SuRGE",NA
79,NA,"wgt","2","dimensionless"
79,NA,"ag_eco9","NPL",NA
79,NA,"ag_eco9_nm","Northern Plains",NA
79,NA,"depth_cat","LE_6m",NA
79,NA,"chla_cat","LE_7",NA
79,NA,"lab","CIN",NA
79,NA,"study","SuRGE",NA
82,NA,"wgt","5.33333333333333","dimensionless"
82,NA,"ag_eco9","SAP",NA
82,NA,"ag_eco9_nm","Southern Appalachians",NA
82,NA,"depth_cat","GT_6m",NA
82,NA,"chla_cat","GT_7",NA
82,NA,"lab","RTP",NA
82,NA,"study","SuRGE",NA
83,NA,"wgt","5.33333333333333","dimensionless"
83,NA,"ag_eco9","SAP",NA
83,NA,"ag_eco9_nm","Southern Appalachians",NA
83,NA,"depth_cat","GT_6m",NA
83,NA,"chla_cat","GT_7",NA
83,NA,"lab","CIN",NA
83,NA,"study","SuRGE",NA
84,NA,"wgt","5.33333333333333","dimensionless"
84,NA,"ag_eco9","SAP",NA
84,NA,"ag_eco9_nm","Southern Appalachians",NA
84,NA,"depth_cat","GT_6m",NA
84,NA,"chla_cat","GT_7",NA
84,NA,"lab","DOE",NA
84,NA,"study","SuRGE",NA
98,NA,"wgt","3.6","dimensionless"
98,NA,"ag_eco9","SAP",NA
98,NA,"ag_eco9_nm","Southern Appalachians",NA
98,NA,"depth_cat","GT_6m",NA
98,NA,"chla_cat","LE_7",NA
98,NA,"lab","RTP",NA
98,NA,"study","SuRGE",NA
99,NA,"wgt","3.6","dimensionless"
99,NA,"ag_eco9","SAP",NA
99,NA,"ag_eco9_nm","Southern Appalachians",NA
99,NA,"depth_cat","GT_6m",NA
99,NA,"chla_cat","LE_7",NA
99,NA,"lab","ADA",NA
99,NA,"study","SuRGE",NA
100,NA,"wgt","3.6","dimensionless"
100,NA,"ag_eco9","SAP",NA
100,NA,"ag_eco9_nm","Southern Appalachians",NA
100,NA,"depth_cat","GT_6m",NA
100,NA,"chla_cat","LE_7",NA
100,NA,"lab","ADA",NA
100,NA,"study","SuRGE",NA
101,NA,"wgt","3.6","dimensionless"
101,NA,"ag_eco9","SAP",NA
101,NA,"ag_eco9_nm","Southern Appalachians",NA
101,NA,"depth_cat","GT_6m",NA
101,NA,"chla_cat","LE_7",NA
101,NA,"lab","CIN",NA
101,NA,"study","SuRGE",NA
102,NA,"wgt","3.6","dimensionless"
102,NA,"ag_eco9","SAP",NA
102,NA,"ag_eco9_nm","Southern Appalachians",NA
102,NA,"depth_cat","GT_6m",NA
102,NA,"chla_cat","LE_7",NA
102,NA,"lab","RTP",NA
102,NA,"study","SuRGE",NA
103,NA,"wgt","3.6","dimensionless"
103,NA,"ag_eco9","SAP",NA
103,NA,"ag_eco9_nm","Southern Appalachians",NA
103,NA,"depth_cat","GT_6m",NA
103,NA,"chla_cat","LE_7",NA
103,NA,"lab","CIN",NA
103,NA,"study","SuRGE",NA
116,NA,"wgt","6.66666666666666","dimensionless"
116,NA,"ag_eco9","SAP",NA
116,NA,"ag_eco9_nm","Southern Appalachians",NA
116,NA,"depth_cat","LE_6m",NA
116,NA,"chla_cat","GT_7",NA
116,NA,"lab","CIN",NA
116,NA,"study","SuRGE",NA
117,NA,"wgt","6.66666666666666","dimensionless"
117,NA,"ag_eco9","SAP",NA
117,NA,"ag_eco9_nm","Southern Appalachians",NA
117,NA,"depth_cat","LE_6m",NA
117,NA,"chla_cat","GT_7",NA
117,NA,"lab","DOE",NA
117,NA,"study","SuRGE",NA
119,NA,"wgt","6.66666666666666","dimensionless"
119,NA,"ag_eco9","SAP",NA
119,NA,"ag_eco9_nm","Southern Appalachians",NA
119,NA,"depth_cat","LE_6m",NA
119,NA,"chla_cat","GT_7",NA
119,NA,"lab","RTP",NA
119,NA,"study","SuRGE",NA
136,NA,"wgt","3.33333333333333","dimensionless"
136,NA,"ag_eco9","SAP",NA
136,NA,"ag_eco9_nm","Southern Appalachians",NA
136,NA,"depth_cat","LE_6m",NA
136,NA,"chla_cat","LE_7",NA
136,NA,"lab","ADA",NA
136,NA,"study","SuRGE",NA
137,NA,"wgt","3.33333333333333","dimensionless"
137,NA,"ag_eco9","SAP",NA
137,NA,"ag_eco9_nm","Southern Appalachians",NA
137,NA,"depth_cat","LE_6m",NA
137,NA,"chla_cat","LE_7",NA
137,NA,"lab","RTP",NA
137,NA,"study","SuRGE",NA
138,NA,"wgt","3.33333333333333","dimensionless"
138,NA,"ag_eco9","SAP",NA
138,NA,"ag_eco9_nm","Southern Appalachians",NA
138,NA,"depth_cat","LE_6m",NA
138,NA,"chla_cat","LE_7",NA
138,NA,"lab","RTP",NA
138,NA,"study","SuRGE",NA
146,NA,"wgt","2.25","dimensionless"
146,NA,"ag_eco9","SPL",NA
146,NA,"ag_eco9_nm","Southern Plains",NA
146,NA,"depth_cat","GT_6m",NA
146,NA,"chla_cat","GT_7",NA
146,NA,"lab","ADA",NA
146,NA,"study","SuRGE",NA
147,NA,"wgt","2.25","dimensionless"
147,NA,"ag_eco9","SPL",NA
147,NA,"ag_eco9_nm","Southern Plains",NA
147,NA,"depth_cat","GT_6m",NA
147,NA,"chla_cat","GT_7",NA
147,NA,"lab","ADA",NA
147,NA,"study","SuRGE",NA
148,NA,"wgt","2.25","dimensionless"
148,NA,"ag_eco9","SPL",NA
148,NA,"ag_eco9_nm","Southern Plains",NA
148,NA,"depth_cat","GT_6m",NA
148,NA,"chla_cat","GT_7",NA
148,NA,"lab","ADA",NA
148,NA,"study","SuRGE",NA
149,NA,"wgt","2.25","dimensionless"
149,NA,"ag_eco9","SPL",NA
149,NA,"ag_eco9_nm","Southern Plains",NA
149,NA,"depth_cat","GT_6m",NA
149,NA,"chla_cat","GT_7",NA
149,NA,"lab","CIN",NA
149,NA,"study","SuRGE",NA
155,NA,"wgt","3.33333333333333","dimensionless"
155,NA,"ag_eco9","SPL",NA
155,NA,"ag_eco9_nm","Southern Plains",NA
155,NA,"depth_cat","GT_6m",NA
155,NA,"chla_cat","LE_7",NA
155,NA,"lab","CIN",NA
155,NA,"study","SuRGE",NA
157,NA,"wgt","3.33333333333333","dimensionless"
157,NA,"ag_eco9","SPL",NA
157,NA,"ag_eco9_nm","Southern Plains",NA
157,NA,"depth_cat","GT_6m",NA
157,NA,"chla_cat","LE_7",NA
157,NA,"lab","CIN",NA
157,NA,"study","SuRGE",NA
159,NA,"wgt","3.33333333333333","dimensionless"
159,NA,"ag_eco9","SPL",NA
159,NA,"ag_eco9_nm","Southern Plains",NA
159,NA,"depth_cat","GT_6m",NA
159,NA,"chla_cat","LE_7",NA
159,NA,"lab","CIN",NA
159,NA,"study","SuRGE",NA
165,NA,"wgt","6","dimensionless"
165,NA,"ag_eco9","SPL",NA
165,NA,"ag_eco9_nm","Southern Plains",NA
165,NA,"depth_cat","LE_6m",NA
165,NA,"chla_cat","GT_7",NA
165,NA,"lab","CIN",NA
165,NA,"study","SuRGE",NA
166,NA,"wgt","6","dimensionless"
166,NA,"ag_eco9","SPL",NA
166,NA,"ag_eco9_nm","Southern Plains",NA
166,NA,"depth_cat","LE_6m",NA
166,NA,"chla_cat","GT_7",NA
166,NA,"lab","ADA",NA
166,NA,"study","SuRGE",NA
167,NA,"wgt","6","dimensionless"
167,NA,"ag_eco9","SPL",NA
167,NA,"ag_eco9_nm","Southern Plains",NA
167,NA,"depth_cat","LE_6m",NA
167,NA,"chla_cat","GT_7",NA
167,NA,"lab","ADA",NA
167,NA,"study","SuRGE",NA
184,NA,"wgt","2.33333333333333","dimensionless"
184,NA,"ag_eco9","SPL",NA
184,NA,"ag_eco9_nm","Southern Plains",NA
184,NA,"depth_cat","LE_6m",NA
184,NA,"chla_cat","LE_7",NA
184,NA,"lab","ADA",NA
184,NA,"study","SuRGE",NA
186,NA,"wgt","2.33333333333333","dimensionless"
186,NA,"ag_eco9","SPL",NA
186,NA,"ag_eco9_nm","Southern Plains",NA
186,NA,"depth_cat","LE_6m",NA
186,NA,"chla_cat","LE_7",NA
186,NA,"lab","ADA",NA
186,NA,"study","SuRGE",NA
188,NA,"wgt","2.33333333333333","dimensionless"
188,NA,"ag_eco9","SPL",NA
188,NA,"ag_eco9_nm","Southern Plains",NA
188,NA,"depth_cat","LE_6m",NA
188,NA,"chla_cat","LE_7",NA
188,NA,"lab","CIN",NA
188,NA,"study","SuRGE",NA
190,NA,"wgt","4.66666666666666","dimensionless"
190,NA,"ag_eco9","TPL",NA
190,NA,"ag_eco9_nm","Temperate Plains",NA
190,NA,"depth_cat","GT_6m",NA
190,NA,"chla_cat","GT_7",NA
190,NA,"lab","ADA",NA
190,NA,"study","SuRGE",NA
191,NA,"wgt","4.66666666666666","dimensionless"
191,NA,"ag_eco9","TPL",NA
191,NA,"ag_eco9_nm","Temperate Plains",NA
191,NA,"depth_cat","GT_6m",NA
191,NA,"chla_cat","GT_7",NA
191,NA,"lab","CIN",NA
191,NA,"study","SuRGE",NA
195,NA,"wgt","4.66666666666666","dimensionless"
195,NA,"ag_eco9","TPL",NA
195,NA,"ag_eco9_nm","Temperate Plains",NA
195,NA,"depth_cat","GT_6m",NA
195,NA,"chla_cat","GT_7",NA
195,NA,"lab","CIN",NA
195,NA,"study","SuRGE",NA
204,NA,"wgt","1","dimensionless"
204,NA,"ag_eco9","TPL",NA
204,NA,"ag_eco9_nm","Temperate Plains",NA
204,NA,"depth_cat","GT_6m",NA
204,NA,"chla_cat","LE_7",NA
204,NA,"lab","CIN",NA
204,NA,"study","SuRGE",NA
205,NA,"wgt","1","dimensionless"
205,NA,"ag_eco9","TPL",NA
205,NA,"ag_eco9_nm","Temperate Plains",NA
205,NA,"depth_cat","GT_6m",NA
205,NA,"chla_cat","LE_7",NA
205,NA,"lab","CIN",NA
205,NA,"study","SuRGE",NA
206,NA,"wgt","1","dimensionless"
206,NA,"ag_eco9","TPL",NA
206,NA,"ag_eco9_nm","Temperate Plains",NA
206,NA,"depth_cat","GT_6m",NA
206,NA,"chla_cat","LE_7",NA
206,NA,"lab","ADA",NA
206,NA,"study","SuRGE",NA
207,NA,"wgt","1","dimensionless"
207,NA,"ag_eco9","TPL",NA
207,NA,"ag_eco9_nm","Temperate Plains",NA
207,NA,"depth_cat","GT_6m",NA
207,NA,"chla_cat","LE_7",NA
207,NA,"lab","CIN",NA
207,NA,"study","SuRGE",NA
208,NA,"wgt","1","dimensionless"
208,NA,"ag_eco9","TPL",NA
208,NA,"ag_eco9_nm","Temperate Plains",NA
208,NA,"depth_cat","GT_6m",NA
208,NA,"chla_cat","LE_7",NA
208,NA,"lab","CIN",NA
208,NA,"study","SuRGE",NA
209,NA,"wgt","1","dimensionless"
209,NA,"ag_eco9","TPL",NA
209,NA,"ag_eco9_nm","Temperate Plains",NA
209,NA,"depth_cat","GT_6m",NA
209,NA,"chla_cat","LE_7",NA
209,NA,"lab","CIN",NA
209,NA,"study","SuRGE",NA
210,NA,"wgt","6.66666666666666","dimensionless"
210,NA,"ag_eco9","TPL",NA
210,NA,"ag_eco9_nm","Temperate Plains",NA
210,NA,"depth_cat","LE_6m",NA
210,NA,"chla_cat","GT_7",NA
210,NA,"lab","CIN",NA
210,NA,"study","SuRGE",NA
211,NA,"wgt","6.66666666666666","dimensionless"
211,NA,"ag_eco9","TPL",NA
211,NA,"ag_eco9_nm","Temperate Plains",NA
211,NA,"depth_cat","LE_6m",NA
211,NA,"chla_cat","GT_7",NA
211,NA,"lab","CIN",NA
211,NA,"study","SuRGE",NA
214,NA,"wgt","6.66666666666666","dimensionless"
214,NA,"ag_eco9","TPL",NA
214,NA,"ag_eco9_nm","Temperate Plains",NA
214,NA,"depth_cat","LE_6m",NA
214,NA,"chla_cat","GT_7",NA
214,NA,"lab","CIN",NA
214,NA,"study","SuRGE",NA
230,NA,"wgt","1","dimensionless"
230,NA,"ag_eco9","TPL",NA
230,NA,"ag_eco9_nm","Temperate Plains",NA
230,NA,"depth_cat","LE_6m",NA
230,NA,"chla_cat","LE_7",NA
230,NA,"lab","CIN",NA
230,NA,"study","SuRGE",NA
231,NA,"wgt","1","dimensionless"
231,NA,"ag_eco9","TPL",NA
231,NA,"ag_eco9_nm","Temperate Plains",NA
231,NA,"depth_cat","LE_6m",NA
231,NA,"chla_cat","LE_7",NA
231,NA,"lab","CIN",NA
231,NA,"study","SuRGE",NA
232,NA,"wgt","1","dimensionless"
232,NA,"ag_eco9","TPL",NA
232,NA,"ag_eco9_nm","Temperate Plains",NA
232,NA,"depth_cat","LE_6m",NA
232,NA,"chla_cat","LE_7",NA
232,NA,"lab","CIN",NA
232,NA,"study","SuRGE",NA
233,NA,"wgt","1","dimensionless"
233,NA,"ag_eco9","UMW",NA
233,NA,"ag_eco9_nm","Upper Midwest",NA
233,NA,"depth_cat","GT_6m",NA
233,NA,"chla_cat","GT_7",NA
233,NA,"lab","CIN",NA
233,NA,"study","SuRGE",NA
234,NA,"wgt","1","dimensionless"
234,NA,"ag_eco9","UMW",NA
234,NA,"ag_eco9_nm","Upper Midwest",NA
234,NA,"depth_cat","GT_6m",NA
234,NA,"chla_cat","GT_7",NA
234,NA,"lab","CIN",NA
234,NA,"study","SuRGE",NA
235,NA,"wgt","1","dimensionless"
235,NA,"ag_eco9","UMW",NA
235,NA,"ag_eco9_nm","Upper Midwest",NA
235,NA,"depth_cat","GT_6m",NA
235,NA,"chla_cat","GT_7",NA
235,NA,"lab","CIN",NA
235,NA,"study","SuRGE",NA
236,NA,"wgt","1","dimensionless"
236,NA,"ag_eco9","UMW",NA
236,NA,"ag_eco9_nm","Upper Midwest",NA
236,NA,"depth_cat","LE_6m",NA
236,NA,"chla_cat","GT_7",NA
236,NA,"lab","CIN",NA
236,NA,"study","SuRGE",NA
237,NA,"wgt","1","dimensionless"
237,NA,"ag_eco9","UMW",NA
237,NA,"ag_eco9_nm","Upper Midwest",NA
237,NA,"depth_cat","LE_6m",NA
237,NA,"chla_cat","LE_7",NA
237,NA,"lab","CIN",NA
237,NA,"study","SuRGE",NA
238,NA,"wgt","2","dimensionless"
238,NA,"ag_eco9","WMT",NA
238,NA,"ag_eco9_nm","Western Mountains",NA
238,NA,"depth_cat","GT_6m",NA
238,NA,"chla_cat","GT_7",NA
238,NA,"lab","R10",NA
238,NA,"study","SuRGE",NA
239,NA,"wgt","2","dimensionless"
239,NA,"ag_eco9","WMT",NA
239,NA,"ag_eco9_nm","Western Mountains",NA
239,NA,"depth_cat","GT_6m",NA
239,NA,"chla_cat","GT_7",NA
239,NA,"lab","R10",NA
239,NA,"study","SuRGE",NA
240,NA,"wgt","2","dimensionless"
240,NA,"ag_eco9","WMT",NA
240,NA,"ag_eco9_nm","Western Mountains",NA
240,NA,"depth_cat","GT_6m",NA
240,NA,"chla_cat","GT_7",NA
240,NA,"lab","CIN",NA
240,NA,"study","SuRGE",NA
247,NA,"wgt","6.33333333333333","dimensionless"
247,NA,"ag_eco9","WMT",NA
247,NA,"ag_eco9_nm","Western Mountains",NA
247,NA,"depth_cat","GT_6m",NA
247,NA,"chla_cat","LE_7",NA
247,NA,"lab","CIN",NA
247,NA,"study","SuRGE",NA
249,NA,"wgt","6.33333333333333","dimensionless"
249,NA,"ag_eco9","WMT",NA
249,NA,"ag_eco9_nm","Western Mountains",NA
249,NA,"depth_cat","GT_6m",NA
249,NA,"chla_cat","LE_7",NA
249,NA,"lab","R10",NA
249,NA,"study","SuRGE",NA
250,NA,"wgt","6.33333333333333","dimensionless"
250,NA,"ag_eco9","WMT",NA
250,NA,"ag_eco9_nm","Western Mountains",NA
250,NA,"depth_cat","GT_6m",NA
250,NA,"chla_cat","LE_7",NA
250,NA,"lab","CIN",NA
250,NA,"study","SuRGE",NA
253,NA,"wgt","6.33333333333333","dimensionless"
253,NA,"ag_eco9","WMT",NA
253,NA,"ag_eco9_nm","Western Mountains",NA
253,NA,"depth_cat","GT_6m",NA
253,NA,"chla_cat","LE_7",NA
253,NA,"lab","R10",NA
253,NA,"study","SuRGE",NA
263,NA,"wgt","4","dimensionless"
263,NA,"ag_eco9","WMT",NA
263,NA,"ag_eco9_nm","Western Mountains",NA
263,NA,"depth_cat","LE_6m",NA
263,NA,"chla_cat","GT_7",NA
263,NA,"lab","R10",NA
263,NA,"study","SuRGE",NA
264,NA,"wgt","4","dimensionless"
264,NA,"ag_eco9","WMT",NA
264,NA,"ag_eco9_nm","Western Mountains",NA
264,NA,"depth_cat","LE_6m",NA
264,NA,"chla_cat","GT_7",NA
264,NA,"lab","CIN",NA
264,NA,"study","SuRGE",NA
265,NA,"wgt","4","dimensionless"
265,NA,"ag_eco9","WMT",NA
265,NA,"ag_eco9_nm","Western Mountains",NA
265,NA,"depth_cat","LE_6m",NA
265,NA,"chla_cat","GT_7",NA
265,NA,"lab","R10",NA
265,NA,"study","SuRGE",NA
275,NA,"wgt","3.33333333333333","dimensionless"
275,NA,"ag_eco9","WMT",NA
275,NA,"ag_eco9_nm","Western Mountains",NA
275,NA,"depth_cat","LE_6m",NA
275,NA,"chla_cat","LE_7",NA
275,NA,"lab","USGS",NA
275,NA,"study","SuRGE",NA
276,NA,"wgt","3.33333333333333","dimensionless"
276,NA,"ag_eco9","WMT",NA
276,NA,"ag_eco9_nm","Western Mountains",NA
276,NA,"depth_cat","LE_6m",NA
276,NA,"chla_cat","LE_7",NA
276,NA,"lab","CIN",NA
276,NA,"study","SuRGE",NA
281,NA,"wgt","3.33333333333333","dimensionless"
281,NA,"ag_eco9","WMT",NA
281,NA,"ag_eco9_nm","Western Mountains",NA
281,NA,"depth_cat","LE_6m",NA
281,NA,"chla_cat","LE_7",NA
281,NA,"lab","CIN",NA
281,NA,"study","SuRGE",NA
287,NA,"wgt","3.66666666666666","dimensionless"
287,NA,"ag_eco9","XER",NA
287,NA,"ag_eco9_nm","Xeric",NA
287,NA,"depth_cat","GT_6m",NA
287,NA,"chla_cat","GT_7",NA
287,NA,"lab","R10",NA
287,NA,"study","SuRGE",NA
288,NA,"wgt","3.66666666666666","dimensionless"
288,NA,"ag_eco9","XER",NA
288,NA,"ag_eco9_nm","Xeric",NA
288,NA,"depth_cat","GT_6m",NA
288,NA,"chla_cat","GT_7",NA
288,NA,"lab","USGS",NA
288,NA,"study","SuRGE",NA
291,NA,"wgt","3.66666666666666","dimensionless"
291,NA,"ag_eco9","XER",NA
291,NA,"ag_eco9_nm","Xeric",NA
291,NA,"depth_cat","GT_6m",NA
291,NA,"chla_cat","GT_7",NA
291,NA,"lab","USGS",NA
291,NA,"study","SuRGE",NA
296,NA,"wgt","6.66666666666666","dimensionless"
296,NA,"ag_eco9","XER",NA
296,NA,"ag_eco9_nm","Xeric",NA
296,NA,"depth_cat","GT_6m",NA
296,NA,"chla_cat","LE_7",NA
296,NA,"lab","USGS",NA
296,NA,"study","SuRGE",NA
297,NA,"wgt","6.66666666666666","dimensionless"
297,NA,"ag_eco9","XER",NA
297,NA,"ag_eco9_nm","Xeric",NA
297,NA,"depth_cat","GT_6m",NA
297,NA,"chla_cat","LE_7",NA
297,NA,"lab","USGS",NA
297,NA,"study","SuRGE",NA
298,NA,"wgt","6.66666666666666","dimensionless"
298,NA,"ag_eco9","XER",NA
298,NA,"ag_eco9_nm","Xeric",NA
298,NA,"depth_cat","GT_6m",NA
298,NA,"chla_cat","LE_7",NA
298,NA,"lab","USGS",NA
298,NA,"study","SuRGE",NA
302,NA,"wgt","6.66666666666666","dimensionless"
302,NA,"ag_eco9","XER",NA
302,NA,"ag_eco9_nm","Xeric",NA
302,NA,"depth_cat","GT_6m",NA
302,NA,"chla_cat","LE_7",NA
302,NA,"lab","R10",NA
302,NA,"study","SuRGE",NA
308,NA,"wgt","6.66666666666666","dimensionless"
308,NA,"ag_eco9","XER",NA
308,NA,"ag_eco9_nm","Xeric",NA
308,NA,"depth_cat","GT_6m",NA
308,NA,"chla_cat","LE_7",NA
308,NA,"lab","R10",NA
308,NA,"study","SuRGE",NA
316,NA,"wgt","3.33333333333333","dimensionless"
316,NA,"ag_eco9","XER",NA
316,NA,"ag_eco9_nm","Xeric",NA
316,NA,"depth_cat","LE_6m",NA
316,NA,"chla_cat","GT_7",NA
316,NA,"lab","USGS",NA
316,NA,"study","SuRGE",NA
317,NA,"wgt","3.33333333333333","dimensionless"
317,NA,"ag_eco9","XER",NA
317,NA,"ag_eco9_nm","Xeric",NA
317,NA,"depth_cat","LE_6m",NA
317,NA,"chla_cat","GT_7",NA
317,NA,"lab","USGS",NA
317,NA,"study","SuRGE",NA
323,NA,"wgt","3.33333333333333","dimensionless"
323,NA,"ag_eco9","XER",NA
323,NA,"ag_eco9_nm","Xeric",NA
323,NA,"depth_cat","LE_6m",NA
323,NA,"chla_cat","GT_7",NA
323,NA,"lab","R10",NA
323,NA,"study","SuRGE",NA
326,NA,"wgt","3.66666666666666","dimensionless"
326,NA,"ag_eco9","XER",NA
326,NA,"ag_eco9_nm","Xeric",NA
326,NA,"depth_cat","LE_6m",NA
326,NA,"chla_cat","LE_7",NA
326,NA,"lab","USGS",NA
326,NA,"study","SuRGE",NA
327,NA,"wgt","3.66666666666666","dimensionless"
327,NA,"ag_eco9","XER",NA
327,NA,"ag_eco9_nm","Xeric",NA
327,NA,"depth_cat","LE_6m",NA
327,NA,"chla_cat","LE_7",NA
327,NA,"lab","USGS",NA
327,NA,"study","SuRGE",NA
328,NA,"wgt","3.66666666666666","dimensionless"
328,NA,"ag_eco9","XER",NA
328,NA,"ag_eco9_nm","Xeric",NA
328,NA,"depth_cat","LE_6m",NA
328,NA,"chla_cat","LE_7",NA
328,NA,"lab","CIN",NA
328,NA,"study","SuRGE",NA
331,NA,"wgt","3.66666666666666","dimensionless"
331,NA,"ag_eco9","XER",NA
331,NA,"ag_eco9_nm","Xeric",NA
331,NA,"depth_cat","LE_6m",NA
331,NA,"chla_cat","LE_7",NA
331,NA,"lab","R10",NA
331,NA,"study","SuRGE",NA
999,NA,"wgt",NA,"dimensionless"
999,NA,"ag_eco9","WMT",NA
999,NA,"ag_eco9_nm","Western Mountains",NA
999,NA,"depth_cat","GT_6m",NA
999,NA,"chla_cat","LE_7",NA
999,NA,"lab","R10",NA
999,NA,"study","Hand picked",NA
1000,NA,"wgt",NA,"dimensionless"
1000,NA,"ag_eco9",NA,NA
1000,NA,"ag_eco9_nm",NA,NA
1000,NA,"depth_cat",NA,NA
1000,NA,"chla_cat",NA,NA
1000,NA,"lab","PR",NA
1000,NA,"study","Hand picked",NA
1001,NA,"wgt",NA,"dimensionless"
1001,NA,"ag_eco9","TPL",NA
1001,NA,"ag_eco9_nm","Temperate Plains",NA
1001,NA,"depth_cat",NA,NA
1001,NA,"chla_cat",NA,NA
1001,NA,"lab","CIN",NA
1001,NA,"study","2016 Regional Survey",NA
1002,NA,"wgt",NA,"dimensionless"
1002,NA,"ag_eco9","TPL",NA
1002,NA,"ag_eco9_nm","Temperate Plains",NA
1002,NA,"depth_cat",NA,NA
1002,NA,"chla_cat",NA,NA
1002,NA,"lab","CIN",NA
1002,NA,"study","2016 Regional Survey",NA
1003,NA,"wgt",NA,"dimensionless"
1003,NA,"ag_eco9","NPL",NA
1003,NA,"ag_eco9_nm","Northern Appalachians",NA
1003,NA,"depth_cat",NA,NA
1003,NA,"chla_cat",NA,NA
1003,NA,"lab","CIN",NA
1003,NA,"study","2016 Regional Survey",NA
1004,NA,"wgt",NA,"dimensionless"
1004,NA,"ag_eco9","SAP",NA
1004,NA,"ag_eco9_nm","Southern Appalachians",NA
1004,NA,"depth_cat",NA,NA
1004,NA,"chla_cat",NA,NA
1004,NA,"lab","CIN",NA
1004,NA,"study","2016 Regional Survey",NA
1005,NA,"wgt",NA,"dimensionless"
1005,NA,"ag_eco9","TPL",NA
1005,NA,"ag_eco9_nm","Temperate Plains",NA
1005,NA,"depth_cat",NA,NA
1005,NA,"chla_cat",NA,NA
1005,NA,"lab","CIN",NA
1005,NA,"study","2016 Regional Survey",NA
1006,NA,"wgt",NA,"dimensionless"
1006,NA,"ag_eco9","SAP",NA
1006,NA,"ag_eco9_nm","Southern Appalachians",NA
1006,NA,"depth_cat",NA,NA
1006,NA,"chla_cat",NA,NA
1006,NA,"lab","CIN",NA
1006,NA,"study","2016 Regional Survey",NA
1007,NA,"wgt",NA,"dimensionless"
1007,NA,"ag_eco9","SAP",NA
1007,NA,"ag_eco9_nm","Southern Appalachians",NA
1007,NA,"depth_cat",NA,NA
1007,NA,"chla_cat",NA,NA
1007,NA,"lab","CIN",NA
1007,NA,"study","2016 Regional Survey",NA
1008,NA,"wgt",NA,"dimensionless"
1008,NA,"ag_eco9","TPL",NA
1008,NA,"ag_eco9_nm","Temperate Plains",NA
1008,NA,"depth_cat",NA,NA
1008,NA,"chla_cat",NA,NA
1008,NA,"lab","CIN",NA
1008,NA,"study","2016 Regional Survey",NA
1009,NA,"wgt",NA,"dimensionless"
1009,NA,"ag_eco9","SAP",NA
1009,NA,"ag_eco9_nm","Southern Appalachians",NA
1009,NA,"depth_cat",NA,NA
1009,NA,"chla_cat",NA,NA
1009,NA,"lab","CIN",NA
1009,NA,"study","2016 Regional Survey",NA
1010,NA,"wgt",NA,"dimensionless"
1010,NA,"ag_eco9","SAP",NA
1010,NA,"ag_eco9_nm","Southern Appalachians",NA
1010,NA,"depth_cat",NA,NA
1010,NA,"chla_cat",NA,NA
1010,NA,"lab","CIN",NA
1010,NA,"study","2016 Regional Survey",NA
1011,NA,"wgt",NA,"dimensionless"
1011,NA,"ag_eco9","NPL",NA
1011,NA,"ag_eco9_nm","Northern Appalachians",NA
1011,NA,"depth_cat",NA,NA
1011,NA,"chla_cat",NA,NA
1011,NA,"lab","CIN",NA
1011,NA,"study","2016 Regional Survey",NA
1012,NA,"wgt",NA,"dimensionless"
1012,NA,"ag_eco9","TPL",NA
1012,NA,"ag_eco9_nm","Temperate Plains",NA
1012,NA,"depth_cat",NA,NA
1012,NA,"chla_cat",NA,NA
1012,NA,"lab","CIN",NA
1012,NA,"study","2016 Regional Survey",NA
1013,NA,"wgt",NA,"dimensionless"
1013,NA,"ag_eco9","TPL",NA
1013,NA,"ag_eco9_nm","Temperate Plains",NA
1013,NA,"depth_cat",NA,NA
1013,NA,"chla_cat",NA,NA
1013,NA,"lab","CIN",NA
1013,NA,"study","2016 Regional Survey",NA
1014,NA,"wgt",NA,"dimensionless"
1014,NA,"ag_eco9","SAP",NA
1014,NA,"ag_eco9_nm","Southern Appalachians",NA
1014,NA,"depth_cat",NA,NA
1014,NA,"chla_cat",NA,NA
1014,NA,"lab","CIN",NA
1014,NA,"study","2016 Regional Survey",NA
1015,NA,"wgt",NA,"dimensionless"
1015,NA,"ag_eco9","SAP",NA
1015,NA,"ag_eco9_nm","Southern Appalachians",NA
1015,NA,"depth_cat",NA,NA
1015,NA,"chla_cat",NA,NA
1015,NA,"lab","CIN",NA
1015,NA,"study","2016 Regional Survey",NA
1016,NA,"wgt",NA,"dimensionless"
1016,NA,"ag_eco9","TPL",NA
1016,NA,"ag_eco9_nm","Temperate Plains",NA
1016,NA,"depth_cat",NA,NA
1016,NA,"chla_cat",NA,NA
1016,NA,"lab","CIN",NA
1016,NA,"study","2016 Regional Survey",NA
1017,NA,"wgt",NA,"dimensionless"
1017,NA,"ag_eco9","NPL",NA
1017,NA,"ag_eco9_nm","Northern Appalachians",NA
1017,NA,"depth_cat",NA,NA
1017,NA,"chla_cat",NA,NA
1017,NA,"lab","CIN",NA
1017,NA,"study","2016 Regional Survey",NA
1018,NA,"wgt",NA,"dimensionless"
1018,NA,"ag_eco9","NPL",NA
1018,NA,"ag_eco9_nm","Northern Appalachians",NA
1018,NA,"depth_cat",NA,NA
1018,NA,"chla_cat",NA,NA
1018,NA,"lab","CIN",NA
1018,NA,"study","2016 Regional Survey",NA
1019,NA,"wgt",NA,"dimensionless"
1019,NA,"ag_eco9","TPL",NA
1019,NA,"ag_eco9_nm","Temperate Plains",NA
1019,NA,"depth_cat",NA,NA
1019,NA,"chla_cat",NA,NA
1019,NA,"lab","CIN",NA
1019,NA,"study","2016 Regional Survey",NA
1020,NA,"wgt",NA,"dimensionless"
1020,NA,"ag_eco9","NPL",NA
1020,NA,"ag_eco9_nm","Northern Appalachians",NA
1020,NA,"depth_cat",NA,NA
1020,NA,"chla_cat",NA,NA
1020,NA,"lab","CIN",NA
1020,NA,"study","2016 Regional Survey",NA
1021,NA,"wgt",NA,"dimensionless"
1021,NA,"ag_eco9","SAP",NA
1021,NA,"ag_eco9_nm","Southern Appalachians",NA
1021,NA,"depth_cat",NA,NA
1021,NA,"chla_cat",NA,NA
1021,NA,"lab","CIN",NA
1021,NA,"study","2016 Regional Survey",NA
1022,NA,"wgt",NA,"dimensionless"
1022,NA,"ag_eco9","NPL",NA
1022,NA,"ag_eco9_nm","Northern Appalachians",NA
1022,NA,"depth_cat",NA,NA
1022,NA,"chla_cat",NA,NA
1022,NA,"lab","CIN",NA
1022,NA,"study","2016 Regional Survey",NA
1023,NA,"wgt",NA,"dimensionless"
1023,NA,"ag_eco9","TPL",NA
1023,NA,"ag_eco9_nm","Temperate Plains",NA
1023,NA,"depth_cat",NA,NA
1023,NA,"chla_cat",NA,NA
1023,NA,"lab","CIN",NA
1023,NA,"study","2016 Regional Survey",NA
1024,NA,"wgt",NA,"dimensionless"
1024,NA,"ag_eco9","NPL",NA
1024,NA,"ag_eco9_nm","Northern Appalachians",NA
1024,NA,"depth_cat",NA,NA
1024,NA,"chla_cat",NA,NA
1024,NA,"lab","CIN",NA
1024,NA,"study","2016 Regional Survey",NA
1025,NA,"wgt",NA,"dimensionless"
1025,NA,"ag_eco9","TPL",NA
1025,NA,"ag_eco9_nm","Temperate Plains",NA
1025,NA,"depth_cat",NA,NA
1025,NA,"chla_cat",NA,NA
1025,NA,"lab","CIN",NA
1025,NA,"study","2016 Regional Survey",NA
1026,NA,"wgt",NA,"dimensionless"
1026,NA,"ag_eco9","SAP",NA
1026,NA,"ag_eco9_nm","Southern Appalachians",NA
1026,NA,"depth_cat",NA,NA
1026,NA,"chla_cat",NA,NA
1026,NA,"lab","CIN",NA
1026,NA,"study","2016 Regional Survey",NA
1027,NA,"wgt",NA,"dimensionless"
1027,NA,"ag_eco9","NPL",NA
1027,NA,"ag_eco9_nm","Northern Appalachians",NA
1027,NA,"depth_cat",NA,NA
1027,NA,"chla_cat",NA,NA
1027,NA,"lab","CIN",NA
1027,NA,"study","2016 Regional Survey",NA
1028,NA,"wgt",NA,"dimensionless"
1028,NA,"ag_eco9","TPL",NA
1028,NA,"ag_eco9_nm","Temperate Plains",NA
1028,NA,"depth_cat",NA,NA
1028,NA,"chla_cat",NA,NA
1028,NA,"lab","CIN",NA
1028,NA,"study","2016 Regional Survey",NA
1029,NA,"wgt",NA,"dimensionless"
1029,NA,"ag_eco9","SAP",NA
1029,NA,"ag_eco9_nm","Southern Appalachians",NA
1029,NA,"depth_cat",NA,NA
1029,NA,"chla_cat",NA,NA
1029,NA,"lab","CIN",NA
1029,NA,"study","2016 Regional Survey",NA
1030,NA,"wgt",NA,"dimensionless"
1030,NA,"ag_eco9","SAP",NA
1030,NA,"ag_eco9_nm","Southern Appalachians",NA
1030,NA,"depth_cat",NA,NA
1030,NA,"chla_cat",NA,NA
1030,NA,"lab","CIN",NA
1030,NA,"study","2016 Regional Survey",NA
1031,NA,"wgt",NA,"dimensionless"
1031,NA,"ag_eco9","TPL",NA
1031,NA,"ag_eco9_nm","Temperate Plains",NA
1031,NA,"depth_cat",NA,NA
1031,NA,"chla_cat",NA,NA
1031,NA,"lab","CIN",NA
1031,NA,"study","2016 Regional Survey",NA
1032,NA,"wgt",NA,"dimensionless"
1032,NA,"ag_eco9","NPL",NA
1032,NA,"ag_eco9_nm","Northern Appalachians",NA
1032,NA,"depth_cat",NA,NA
1032,NA,"chla_cat",NA,NA
1032,NA,"lab","CIN",NA
1032,NA,"study","2016 Regional Survey",NA
1,NA,"chl_predicted_sample_month_visit1","27.70","ug_l"
1,NA,"doc_predicted_sample_month_visit1"," 5.69","mg_l"
1,NA,"chl_predicted_sample_season_visit1","25.72","ug_l"
1,NA,"doc_predicted_sample_season_visit1"," 6.30","mg_l"
10,NA,"chl_predicted_sample_month_visit1"," 5.53","ug_l"
10,NA,"doc_predicted_sample_month_visit1"," 3.06","mg_l"
10,NA,"chl_predicted_sample_season_visit1"," 6.12","ug_l"
10,NA,"doc_predicted_sample_season_visit1"," 3.64","mg_l"
100,NA,"chl_predicted_sample_month_visit1","11.93","ug_l"
100,NA,"doc_predicted_sample_month_visit1"," 4.76","mg_l"
100,NA,"chl_predicted_sample_season_visit1","11.49","ug_l"
100,NA,"doc_predicted_sample_season_visit1"," 4.07","mg_l"
1000,NA,"chl_predicted_sample_month_visit1","   NA","ug_l"
1000,NA,"doc_predicted_sample_month_visit1","   NA","mg_l"
1000,NA,"chl_predicted_sample_season_visit1","   NA","ug_l"
1000,NA,"doc_predicted_sample_season_visit1","   NA","mg_l"
1001,NA,"chl_predicted_sample_month_visit1","12.67","ug_l"
1001,NA,"doc_predicted_sample_month_visit1"," 5.22","mg_l"
1001,NA,"chl_predicted_sample_season_visit1","20.33","ug_l"
1001,NA,"doc_predicted_sample_season_visit1"," 5.35","mg_l"
1002,NA,"chl_predicted_sample_month_visit1","13.64","ug_l"
1002,NA,"doc_predicted_sample_month_visit1"," 4.34","mg_l"
1002,NA,"chl_predicted_sample_season_visit1","14.30","ug_l"
1002,NA,"doc_predicted_sample_season_visit1"," 4.67","mg_l"
1003,NA,"chl_predicted_sample_month_visit1","15.53","ug_l"
1003,NA,"doc_predicted_sample_month_visit1"," 4.47","mg_l"
1003,NA,"chl_predicted_sample_season_visit1","11.38","ug_l"
1003,NA,"doc_predicted_sample_season_visit1"," 3.99","mg_l"
1004,NA,"chl_predicted_sample_month_visit1","11.56","ug_l"
1004,NA,"doc_predicted_sample_month_visit1"," 3.64","mg_l"
1004,NA,"chl_predicted_sample_season_visit1","19.29","ug_l"
1004,NA,"doc_predicted_sample_season_visit1"," 4.79","mg_l"
1005,NA,"chl_predicted_sample_month_visit1","16.11","ug_l"
1005,NA,"doc_predicted_sample_month_visit1"," 4.58","mg_l"
1005,NA,"chl_predicted_sample_season_visit1","15.39","ug_l"
1005,NA,"doc_predicted_sample_season_visit1"," 4.74","mg_l"
1006,NA,"chl_predicted_sample_month_visit1"," 5.40","ug_l"
1006,NA,"doc_predicted_sample_month_visit1"," 3.21","mg_l"
1006,NA,"chl_predicted_sample_season_visit1","10.46","ug_l"
1006,NA,"doc_predicted_sample_season_visit1"," 3.98","mg_l"
1007,NA,"chl_predicted_sample_month_visit1","13.44","ug_l"
1007,NA,"doc_predicted_sample_month_visit1"," 4.51","mg_l"
1007,NA,"chl_predicted_sample_season_visit1","21.49","ug_l"
1007,NA,"doc_predicted_sample_season_visit1"," 5.07","mg_l"
1008,NA,"chl_predicted_sample_month_visit1","10.57","ug_l"
1008,NA,"doc_predicted_sample_month_visit1"," 4.61","mg_l"
1008,NA,"chl_predicted_sample_season_visit1","15.52","ug_l"
1008,NA,"doc_predicted_sample_season_visit1"," 4.72","mg_l"
1009,NA,"chl_predicted_sample_month_visit1"," 3.54","ug_l"
1009,NA,"doc_predicted_sample_month_visit1"," 3.20","mg_l"
1009,NA,"chl_predicted_sample_season_visit1"," 3.79","ug_l"
1009,NA,"doc_predicted_sample_season_visit1"," 3.06","mg_l"
101,NA,"chl_predicted_sample_month_visit1"," 4.74","ug_l"
101,NA,"doc_predicted_sample_month_visit1"," 3.40","mg_l"
101,NA,"chl_predicted_sample_season_visit1"," 5.78","ug_l"
101,NA,"doc_predicted_sample_season_visit1"," 3.14","mg_l"
1010,NA,"chl_predicted_sample_month_visit1"," 3.95","ug_l"
1010,NA,"doc_predicted_sample_month_visit1"," 2.91","mg_l"
1010,NA,"chl_predicted_sample_season_visit1"," 4.18","ug_l"
1010,NA,"doc_predicted_sample_season_visit1"," 3.04","mg_l"
1011,NA,"chl_predicted_sample_month_visit1","37.04","ug_l"
1011,NA,"doc_predicted_sample_month_visit1"," 6.85","mg_l"
1011,NA,"chl_predicted_sample_season_visit1","32.38","ug_l"
1011,NA,"doc_predicted_sample_season_visit1"," 6.38","mg_l"
1012,NA,"chl_predicted_sample_month_visit1","17.46","ug_l"
1012,NA,"doc_predicted_sample_month_visit1"," 5.03","mg_l"
1012,NA,"chl_predicted_sample_season_visit1","21.82","ug_l"
1012,NA,"doc_predicted_sample_season_visit1"," 5.30","mg_l"
1013,NA,"chl_predicted_sample_month_visit1","14.28","ug_l"
1013,NA,"doc_predicted_sample_month_visit1"," 6.51","mg_l"
1013,NA,"chl_predicted_sample_season_visit1","22.97","ug_l"
1013,NA,"doc_predicted_sample_season_visit1"," 6.04","mg_l"
1014,NA,"chl_predicted_sample_month_visit1","23.07","ug_l"
1014,NA,"doc_predicted_sample_month_visit1"," 4.90","mg_l"
1014,NA,"chl_predicted_sample_season_visit1","23.78","ug_l"
1014,NA,"doc_predicted_sample_season_visit1"," 5.48","mg_l"
1015,NA,"chl_predicted_sample_month_visit1","19.11","ug_l"
1015,NA,"doc_predicted_sample_month_visit1"," 6.01","mg_l"
1015,NA,"chl_predicted_sample_season_visit1","20.34","ug_l"
1015,NA,"doc_predicted_sample_season_visit1"," 5.60","mg_l"
1016,NA,"chl_predicted_sample_month_visit1"," 9.15","ug_l"
1016,NA,"doc_predicted_sample_month_visit1"," 4.76","mg_l"
1016,NA,"chl_predicted_sample_season_visit1","21.23","ug_l"
1016,NA,"doc_predicted_sample_season_visit1"," 5.50","mg_l"
1017,NA,"chl_predicted_sample_month_visit1","26.35","ug_l"
1017,NA,"doc_predicted_sample_month_visit1"," 6.40","mg_l"
1017,NA,"chl_predicted_sample_season_visit1","35.59","ug_l"
1017,NA,"doc_predicted_sample_season_visit1"," 6.98","mg_l"
1018,NA,"chl_predicted_sample_month_visit1","30.46","ug_l"
1018,NA,"doc_predicted_sample_month_visit1"," 5.20","mg_l"
1018,NA,"chl_predicted_sample_season_visit1","22.39","ug_l"
1018,NA,"doc_predicted_sample_season_visit1"," 5.15","mg_l"
1019,NA,"chl_predicted_sample_month_visit1","58.46","ug_l"
1019,NA,"doc_predicted_sample_month_visit1"," 7.04","mg_l"
1019,NA,"chl_predicted_sample_season_visit1","48.26","ug_l"
1019,NA,"doc_predicted_sample_season_visit1"," 7.15","mg_l"
102,NA,"chl_predicted_sample_month_visit1"," 6.02","ug_l"
102,NA,"doc_predicted_sample_month_visit1"," 4.06","mg_l"
102,NA,"chl_predicted_sample_season_visit1"," 6.45","ug_l"
102,NA,"doc_predicted_sample_season_visit1"," 4.59","mg_l"
1020,NA,"chl_predicted_sample_month_visit1","18.12","ug_l"
1020,NA,"doc_predicted_sample_month_visit1"," 5.84","mg_l"
1020,NA,"chl_predicted_sample_season_visit1","21.51","ug_l"
1020,NA,"doc_predicted_sample_season_visit1"," 5.97","mg_l"
1021,NA,"chl_predicted_sample_month_visit1","11.84","ug_l"
1021,NA,"doc_predicted_sample_month_visit1"," 3.64","mg_l"
1021,NA,"chl_predicted_sample_season_visit1","11.92","ug_l"
1021,NA,"doc_predicted_sample_season_visit1"," 3.96","mg_l"
1022,NA,"chl_predicted_sample_month_visit1","21.53","ug_l"
1022,NA,"doc_predicted_sample_month_visit1"," 5.01","mg_l"
1022,NA,"chl_predicted_sample_season_visit1","22.33","ug_l"
1022,NA,"doc_predicted_sample_season_visit1"," 5.55","mg_l"
1023,NA,"chl_predicted_sample_month_visit1","11.81","ug_l"
1023,NA,"doc_predicted_sample_month_visit1"," 4.95","mg_l"
1023,NA,"chl_predicted_sample_season_visit1","13.88","ug_l"
1023,NA,"doc_predicted_sample_season_visit1"," 5.50","mg_l"
1024,NA,"chl_predicted_sample_month_visit1","15.46","ug_l"
1024,NA,"doc_predicted_sample_month_visit1"," 4.16","mg_l"
1024,NA,"chl_predicted_sample_season_visit1","15.36","ug_l"
1024,NA,"doc_predicted_sample_season_visit1"," 5.19","mg_l"
1025,NA,"chl_predicted_sample_month_visit1","18.48","ug_l"
1025,NA,"doc_predicted_sample_month_visit1"," 5.59","mg_l"
1025,NA,"chl_predicted_sample_season_visit1","22.56","ug_l"
1025,NA,"doc_predicted_sample_season_visit1"," 5.82","mg_l"
1026,NA,"chl_predicted_sample_month_visit1"," 3.83","ug_l"
1026,NA,"doc_predicted_sample_month_visit1"," 3.06","mg_l"
1026,NA,"chl_predicted_sample_season_visit1","11.33","ug_l"
1026,NA,"doc_predicted_sample_season_visit1"," 3.72","mg_l"
1027,NA,"chl_predicted_sample_month_visit1","27.96","ug_l"
1027,NA,"doc_predicted_sample_month_visit1"," 5.80","mg_l"
1027,NA,"chl_predicted_sample_season_visit1","24.59","ug_l"
1027,NA,"doc_predicted_sample_season_visit1"," 5.63","mg_l"
1028,NA,"chl_predicted_sample_month_visit1","11.88","ug_l"
1028,NA,"doc_predicted_sample_month_visit1"," 4.12","mg_l"
1028,NA,"chl_predicted_sample_season_visit1","17.12","ug_l"
1028,NA,"doc_predicted_sample_season_visit1"," 4.92","mg_l"
1029,NA,"chl_predicted_sample_month_visit1","22.74","ug_l"
1029,NA,"doc_predicted_sample_month_visit1"," 4.83","mg_l"
1029,NA,"chl_predicted_sample_season_visit1","21.90","ug_l"
1029,NA,"doc_predicted_sample_season_visit1"," 4.89","mg_l"
103,NA,"chl_predicted_sample_month_visit1","   NA","ug_l"
103,NA,"doc_predicted_sample_month_visit1","   NA","mg_l"
103,NA,"chl_predicted_sample_season_visit1"," 7.55","ug_l"
103,NA,"doc_predicted_sample_season_visit1"," 3.79","mg_l"
1030,NA,"chl_predicted_sample_month_visit1"," 7.91","ug_l"
1030,NA,"doc_predicted_sample_month_visit1"," 3.52","mg_l"
1030,NA,"chl_predicted_sample_season_visit1","21.55","ug_l"
1030,NA,"doc_predicted_sample_season_visit1"," 5.02","mg_l"
1031,NA,"chl_predicted_sample_month_visit1","16.08","ug_l"
1031,NA,"doc_predicted_sample_month_visit1"," 5.02","mg_l"
1031,NA,"chl_predicted_sample_season_visit1","17.48","ug_l"
1031,NA,"doc_predicted_sample_season_visit1"," 5.13","mg_l"
1032,NA,"chl_predicted_sample_month_visit1","45.40","ug_l"
1032,NA,"doc_predicted_sample_month_visit1"," 6.75","mg_l"
1032,NA,"chl_predicted_sample_season_visit1","34.52","ug_l"
1032,NA,"doc_predicted_sample_season_visit1"," 6.59","mg_l"
11,NA,"chl_predicted_sample_month_visit1","12.02","ug_l"
11,NA,"doc_predicted_sample_month_visit1"," 3.97","mg_l"
11,NA,"chl_predicted_sample_season_visit1"," 7.43","ug_l"
11,NA,"doc_predicted_sample_season_visit1"," 3.75","mg_l"
116,NA,"chl_predicted_sample_month_visit1","28.78","ug_l"
116,NA,"doc_predicted_sample_month_visit1"," 6.21","mg_l"
116,NA,"chl_predicted_sample_season_visit1","24.95","ug_l"
116,NA,"doc_predicted_sample_season_visit1"," 5.91","mg_l"
117,NA,"chl_predicted_sample_month_visit1","10.79","ug_l"
117,NA,"doc_predicted_sample_month_visit1"," 4.06","mg_l"
117,NA,"chl_predicted_sample_season_visit1","19.50","ug_l"
117,NA,"doc_predicted_sample_season_visit1"," 5.18","mg_l"
119,NA,"chl_predicted_sample_month_visit1","20.58","ug_l"
119,NA,"doc_predicted_sample_month_visit1"," 6.92","mg_l"
119,NA,"chl_predicted_sample_season_visit1","16.98","ug_l"
119,NA,"doc_predicted_sample_season_visit1"," 7.05","mg_l"
13,NA,"chl_predicted_sample_month_visit1","17.19","ug_l"
13,NA,"doc_predicted_sample_month_visit1"," 5.47","mg_l"
13,NA,"chl_predicted_sample_season_visit1","12.54","ug_l"
13,NA,"doc_predicted_sample_season_visit1"," 5.43","mg_l"
136,NA,"chl_predicted_sample_month_visit1"," 3.16","ug_l"
136,NA,"doc_predicted_sample_month_visit1"," 3.51","mg_l"
136,NA,"chl_predicted_sample_season_visit1"," 3.71","ug_l"
136,NA,"doc_predicted_sample_season_visit1"," 3.57","mg_l"
137,NA,"chl_predicted_sample_month_visit1"," 7.31","ug_l"
137,NA,"doc_predicted_sample_month_visit1"," 3.12","mg_l"
137,NA,"chl_predicted_sample_season_visit1"," 8.60","ug_l"
137,NA,"doc_predicted_sample_season_visit1"," 3.48","mg_l"
138,NA,"chl_predicted_sample_month_visit1"," 8.42","ug_l"
138,NA,"doc_predicted_sample_month_visit1"," 5.91","mg_l"
138,NA,"chl_predicted_sample_season_visit1"," 7.93","ug_l"
138,NA,"doc_predicted_sample_season_visit1"," 5.77","mg_l"
14,NA,"chl_predicted_sample_month_visit1","   NA","ug_l"
14,NA,"doc_predicted_sample_month_visit1","   NA","mg_l"
14,NA,"chl_predicted_sample_season_visit1","   NA","ug_l"
14,NA,"doc_predicted_sample_season_visit1","   NA","mg_l"
146,NA,"chl_predicted_sample_month_visit1","12.71","ug_l"
146,NA,"doc_predicted_sample_month_visit1"," 7.21","mg_l"
146,NA,"chl_predicted_sample_season_visit1","14.73","ug_l"
146,NA,"doc_predicted_sample_season_visit1"," 6.24","mg_l"
147,NA,"chl_predicted_sample_month_visit1","18.42","ug_l"
147,NA,"doc_predicted_sample_month_visit1"," 5.51","mg_l"
147,NA,"chl_predicted_sample_season_visit1","18.82","ug_l"
147,NA,"doc_predicted_sample_season_visit1"," 5.28","mg_l"
147,NA,"chl_predicted_sample_month_visit2","21.11","ug_l"
147,NA,"doc_predicted_sample_month_visit2"," 4.92","mg_l"
147,NA,"chl_predicted_sample_season_visit2","18.64","ug_l"
147,NA,"doc_predicted_sample_season_visit2"," 5.32","mg_l"
148,NA,"chl_predicted_sample_month_visit1","19.97","ug_l"
148,NA,"doc_predicted_sample_month_visit1"," 6.16","mg_l"
148,NA,"chl_predicted_sample_season_visit1","14.45","ug_l"
148,NA,"doc_predicted_sample_season_visit1"," 5.92","mg_l"
148,NA,"chl_predicted_sample_month_visit2","19.97","ug_l"
148,NA,"doc_predicted_sample_month_visit2"," 6.16","mg_l"
148,NA,"chl_predicted_sample_season_visit2","14.19","ug_l"
148,NA,"doc_predicted_sample_season_visit2"," 5.65","mg_l"
149,NA,"chl_predicted_sample_month_visit1"," 6.49","ug_l"
149,NA,"doc_predicted_sample_month_visit1"," 4.20","mg_l"
149,NA,"chl_predicted_sample_season_visit1"," 8.44","ug_l"
149,NA,"doc_predicted_sample_season_visit1"," 4.34","mg_l"
155,NA,"chl_predicted_sample_month_visit1"," 4.12","ug_l"
155,NA,"doc_predicted_sample_month_visit1"," 3.24","mg_l"
155,NA,"chl_predicted_sample_season_visit1"," 7.09","ug_l"
155,NA,"doc_predicted_sample_season_visit1"," 3.64","mg_l"
157,NA,"chl_predicted_sample_month_visit1"," 3.44","ug_l"
157,NA,"doc_predicted_sample_month_visit1"," 2.88","mg_l"
157,NA,"chl_predicted_sample_season_visit1"," 3.52","ug_l"
157,NA,"doc_predicted_sample_season_visit1"," 3.16","mg_l"
159,NA,"chl_predicted_sample_month_visit1"," 3.38","ug_l"
159,NA,"doc_predicted_sample_month_visit1"," 2.80","mg_l"
159,NA,"chl_predicted_sample_season_visit1"," 3.38","ug_l"
159,NA,"doc_predicted_sample_season_visit1"," 3.14","mg_l"
16,NA,"chl_predicted_sample_month_visit1","15.80","ug_l"
16,NA,"doc_predicted_sample_month_visit1"," 6.37","mg_l"
16,NA,"chl_predicted_sample_season_visit1","18.73","ug_l"
16,NA,"doc_predicted_sample_season_visit1"," 6.64","mg_l"
165,NA,"chl_predicted_sample_month_visit1","14.44","ug_l"
165,NA,"doc_predicted_sample_month_visit1"," 6.06","mg_l"
165,NA,"chl_predicted_sample_season_visit1","15.55","ug_l"
165,NA,"doc_predicted_sample_season_visit1"," 5.67","mg_l"
166,NA,"chl_predicted_sample_month_visit1","   NA","ug_l"
166,NA,"doc_predicted_sample_month_visit1","   NA","mg_l"
166,NA,"chl_predicted_sample_season_visit1","   NA","ug_l"
166,NA,"doc_predicted_sample_season_visit1","   NA","mg_l"
167,NA,"chl_predicted_sample_month_visit1","21.68","ug_l"
167,NA,"doc_predicted_sample_month_visit1"," 6.58","mg_l"
167,NA,"chl_predicted_sample_season_visit1","20.52","ug_l"
167,NA,"doc_predicted_sample_season_visit1"," 6.81","mg_l"
17,NA,"chl_predicted_sample_month_visit1"," 8.15","ug_l"
17,NA,"doc_predicted_sample_month_visit1"," 5.72","mg_l"
17,NA,"chl_predicted_sample_season_visit1","11.44","ug_l"
17,NA,"doc_predicted_sample_season_visit1"," 6.01","mg_l"
18,NA,"chl_predicted_sample_month_visit1"," 5.36","ug_l"
18,NA,"doc_predicted_sample_month_visit1"," 6.77","mg_l"
18,NA,"chl_predicted_sample_season_visit1"," 9.32","ug_l"
18,NA,"doc_predicted_sample_season_visit1"," 6.87","mg_l"
184,NA,"chl_predicted_sample_month_visit1"," 9.13","ug_l"
184,NA,"doc_predicted_sample_month_visit1"," 7.97","mg_l"
184,NA,"chl_predicted_sample_season_visit1","12.56","ug_l"
184,NA,"doc_predicted_sample_season_visit1"," 7.06","mg_l"
186,NA,"chl_predicted_sample_month_visit1"," 5.46","ug_l"
186,NA,"doc_predicted_sample_month_visit1"," 3.00","mg_l"
186,NA,"chl_predicted_sample_season_visit1"," 7.52","ug_l"
186,NA,"doc_predicted_sample_season_visit1"," 3.67","mg_l"
188,NA,"chl_predicted_sample_month_visit1","13.13","ug_l"
188,NA,"doc_predicted_sample_month_visit1"," 5.09","mg_l"
188,NA,"chl_predicted_sample_season_visit1","10.97","ug_l"
188,NA,"doc_predicted_sample_season_visit1"," 5.18","mg_l"
190,NA,"chl_predicted_sample_month_visit1","11.02","ug_l"
190,NA,"doc_predicted_sample_month_visit1"," 5.76","mg_l"
190,NA,"chl_predicted_sample_season_visit1","15.12","ug_l"
190,NA,"doc_predicted_sample_season_visit1"," 5.39","mg_l"
191,NA,"chl_predicted_sample_month_visit1","19.10","ug_l"
191,NA,"doc_predicted_sample_month_visit1"," 6.36","mg_l"
191,NA,"chl_predicted_sample_season_visit1","21.21","ug_l"
191,NA,"doc_predicted_sample_season_visit1"," 6.52","mg_l"
195,NA,"chl_predicted_sample_month_visit1","17.30","ug_l"
195,NA,"doc_predicted_sample_month_visit1"," 3.73","mg_l"
195,NA,"chl_predicted_sample_season_visit1","14.90","ug_l"
195,NA,"doc_predicted_sample_season_visit1"," 5.44","mg_l"
2,NA,"chl_predicted_sample_month_visit1","20.14","ug_l"
2,NA,"doc_predicted_sample_month_visit1"," 5.95","mg_l"
2,NA,"chl_predicted_sample_season_visit1","21.70","ug_l"
2,NA,"doc_predicted_sample_season_visit1"," 6.55","mg_l"
204,NA,"chl_predicted_sample_month_visit1"," 6.18","ug_l"
204,NA,"doc_predicted_sample_month_visit1"," 3.75","mg_l"
204,NA,"chl_predicted_sample_season_visit1","10.81","ug_l"
204,NA,"doc_predicted_sample_season_visit1"," 3.78","mg_l"
205,NA,"chl_predicted_sample_month_visit1"," 9.71","ug_l"
205,NA,"doc_predicted_sample_month_visit1"," 4.36","mg_l"
205,NA,"chl_predicted_sample_season_visit1"," 8.15","ug_l"
205,NA,"doc_predicted_sample_season_visit1"," 4.57","mg_l"
206,NA,"chl_predicted_sample_month_visit1"," 3.50","ug_l"
206,NA,"doc_predicted_sample_month_visit1"," 3.39","mg_l"
206,NA,"chl_predicted_sample_season_visit1"," 4.46","ug_l"
206,NA,"doc_predicted_sample_season_visit1"," 3.45","mg_l"
207,NA,"chl_predicted_sample_month_visit1"," 5.23","ug_l"
207,NA,"doc_predicted_sample_month_visit1"," 3.59","mg_l"
207,NA,"chl_predicted_sample_season_visit1"," 4.35","ug_l"
207,NA,"doc_predicted_sample_season_visit1"," 3.18","mg_l"
208,NA,"chl_predicted_sample_month_visit1","11.07","ug_l"
208,NA,"doc_predicted_sample_month_visit1"," 4.10","mg_l"
208,NA,"chl_predicted_sample_season_visit1","10.89","ug_l"
208,NA,"doc_predicted_sample_season_visit1"," 4.20","mg_l"
209,NA,"chl_predicted_sample_month_visit1"," 6.27","ug_l"
209,NA,"doc_predicted_sample_month_visit1"," 4.39","mg_l"
209,NA,"chl_predicted_sample_season_visit1"," 4.89","ug_l"
209,NA,"doc_predicted_sample_season_visit1"," 4.20","mg_l"
210,NA,"chl_predicted_sample_month_visit1","13.44","ug_l"
210,NA,"doc_predicted_sample_month_visit1"," 5.98","mg_l"
210,NA,"chl_predicted_sample_season_visit1","35.59","ug_l"
210,NA,"doc_predicted_sample_season_visit1"," 7.67","mg_l"
211,NA,"chl_predicted_sample_month_visit1","27.89","ug_l"
211,NA,"doc_predicted_sample_month_visit1"," 7.07","mg_l"
211,NA,"chl_predicted_sample_season_visit1","28.91","ug_l"
211,NA,"doc_predicted_sample_season_visit1"," 6.91","mg_l"
214,NA,"chl_predicted_sample_month_visit1","15.35","ug_l"
214,NA,"doc_predicted_sample_month_visit1"," 4.83","mg_l"
214,NA,"chl_predicted_sample_season_visit1","19.39","ug_l"
214,NA,"doc_predicted_sample_season_visit1"," 5.32","mg_l"
230,NA,"chl_predicted_sample_month_visit1"," 4.40","ug_l"
230,NA,"doc_predicted_sample_month_visit1"," 4.52","mg_l"
230,NA,"chl_predicted_sample_season_visit1"," 4.61","ug_l"
230,NA,"doc_predicted_sample_season_visit1"," 4.23","mg_l"
231,NA,"chl_predicted_sample_month_visit1","17.88","ug_l"
231,NA,"doc_predicted_sample_month_visit1"," 6.52","mg_l"
231,NA,"chl_predicted_sample_season_visit1","14.33","ug_l"
231,NA,"doc_predicted_sample_season_visit1"," 6.78","mg_l"
232,NA,"chl_predicted_sample_month_visit1"," 8.69","ug_l"
232,NA,"doc_predicted_sample_month_visit1"," 5.65","mg_l"
232,NA,"chl_predicted_sample_season_visit1","11.90","ug_l"
232,NA,"doc_predicted_sample_season_visit1"," 6.15","mg_l"
233,NA,"chl_predicted_sample_month_visit1","17.75","ug_l"
233,NA,"doc_predicted_sample_month_visit1"," 5.62","mg_l"
233,NA,"chl_predicted_sample_season_visit1","19.41","ug_l"
233,NA,"doc_predicted_sample_season_visit1"," 5.51","mg_l"
234,NA,"chl_predicted_sample_month_visit1","19.52","ug_l"
234,NA,"doc_predicted_sample_month_visit1"," 5.13","mg_l"
234,NA,"chl_predicted_sample_season_visit1","19.60","ug_l"
234,NA,"doc_predicted_sample_season_visit1"," 5.44","mg_l"
235,NA,"chl_predicted_sample_month_visit1","48.67","ug_l"
235,NA,"doc_predicted_sample_month_visit1"," 7.16","mg_l"
235,NA,"chl_predicted_sample_season_visit1","36.20","ug_l"
235,NA,"doc_predicted_sample_season_visit1"," 6.35","mg_l"
236,NA,"chl_predicted_sample_month_visit1"," 3.32","ug_l"
236,NA,"doc_predicted_sample_month_visit1"," 3.68","mg_l"
236,NA,"chl_predicted_sample_season_visit1"," 6.14","ug_l"
236,NA,"doc_predicted_sample_season_visit1"," 4.41","mg_l"
237,NA,"chl_predicted_sample_month_visit1"," 2.98","ug_l"
237,NA,"doc_predicted_sample_month_visit1"," 3.02","mg_l"
237,NA,"chl_predicted_sample_season_visit1"," 6.69","ug_l"
237,NA,"doc_predicted_sample_season_visit1"," 5.33","mg_l"
238,NA,"chl_predicted_sample_month_visit1"," 9.55","ug_l"
238,NA,"doc_predicted_sample_month_visit1"," 4.57","mg_l"
238,NA,"chl_predicted_sample_season_visit1"," 9.58","ug_l"
238,NA,"doc_predicted_sample_season_visit1"," 5.17","mg_l"
239,NA,"chl_predicted_sample_month_visit1"," 5.74","ug_l"
239,NA,"doc_predicted_sample_month_visit1"," 4.00","mg_l"
239,NA,"chl_predicted_sample_season_visit1"," 8.26","ug_l"
239,NA,"doc_predicted_sample_season_visit1"," 4.45","mg_l"
240,NA,"chl_predicted_sample_month_visit1","19.09","ug_l"
240,NA,"doc_predicted_sample_month_visit1"," 7.82","mg_l"
240,NA,"chl_predicted_sample_season_visit1","17.41","ug_l"
240,NA,"doc_predicted_sample_season_visit1"," 6.31","mg_l"
247,NA,"chl_predicted_sample_month_visit1"," 4.63","ug_l"
247,NA,"doc_predicted_sample_month_visit1"," 2.81","mg_l"
247,NA,"chl_predicted_sample_season_visit1"," 4.15","ug_l"
247,NA,"doc_predicted_sample_season_visit1"," 2.87","mg_l"
249,NA,"chl_predicted_sample_month_visit1"," 7.30","ug_l"
249,NA,"doc_predicted_sample_month_visit1"," 3.86","mg_l"
249,NA,"chl_predicted_sample_season_visit1"," 8.66","ug_l"
249,NA,"doc_predicted_sample_season_visit1"," 4.19","mg_l"
250,NA,"chl_predicted_sample_month_visit1"," 3.82","ug_l"
250,NA,"doc_predicted_sample_month_visit1"," 4.22","mg_l"
250,NA,"chl_predicted_sample_season_visit1"," 3.08","ug_l"
250,NA,"doc_predicted_sample_season_visit1"," 3.15","mg_l"
250,NA,"chl_predicted_sample_month_visit2"," 2.27","ug_l"
250,NA,"doc_predicted_sample_month_visit2"," 2.28","mg_l"
250,NA,"chl_predicted_sample_season_visit2"," 3.08","ug_l"
250,NA,"doc_predicted_sample_season_visit2"," 3.15","mg_l"
253,NA,"chl_predicted_sample_month_visit1"," 7.22","ug_l"
253,NA,"doc_predicted_sample_month_visit1"," 3.70","mg_l"
253,NA,"chl_predicted_sample_season_visit1","11.16","ug_l"
253,NA,"doc_predicted_sample_season_visit1"," 4.24","mg_l"
263,NA,"chl_predicted_sample_month_visit1","11.22","ug_l"
263,NA,"doc_predicted_sample_month_visit1"," 4.09","mg_l"
263,NA,"chl_predicted_sample_season_visit1","11.11","ug_l"
263,NA,"doc_predicted_sample_season_visit1"," 4.56","mg_l"
264,NA,"chl_predicted_sample_month_visit1","19.92","ug_l"
264,NA,"doc_predicted_sample_month_visit1"," 8.18","mg_l"
264,NA,"chl_predicted_sample_season_visit1","24.35","ug_l"
264,NA,"doc_predicted_sample_season_visit1"," 7.41","mg_l"
265,NA,"chl_predicted_sample_month_visit1"," 7.73","ug_l"
265,NA,"doc_predicted_sample_month_visit1"," 4.27","mg_l"
265,NA,"chl_predicted_sample_season_visit1"," 8.45","ug_l"
265,NA,"doc_predicted_sample_season_visit1"," 4.44","mg_l"
275,NA,"chl_predicted_sample_month_visit1"," 5.99","ug_l"
275,NA,"doc_predicted_sample_month_visit1"," 4.90","mg_l"
275,NA,"chl_predicted_sample_season_visit1","11.17","ug_l"
275,NA,"doc_predicted_sample_season_visit1"," 5.72","mg_l"
276,NA,"chl_predicted_sample_month_visit1","13.84","ug_l"
276,NA,"doc_predicted_sample_month_visit1"," 6.37","mg_l"
276,NA,"chl_predicted_sample_season_visit1","15.10","ug_l"
276,NA,"doc_predicted_sample_season_visit1"," 6.78","mg_l"
281,NA,"chl_predicted_sample_month_visit1"," 3.33","ug_l"
281,NA,"doc_predicted_sample_month_visit1"," 3.79","mg_l"
281,NA,"chl_predicted_sample_season_visit1"," 3.02","ug_l"
281,NA,"doc_predicted_sample_season_visit1"," 3.16","mg_l"
281,NA,"chl_predicted_sample_month_visit2"," 2.47","ug_l"
281,NA,"doc_predicted_sample_month_visit2"," 2.47","mg_l"
281,NA,"chl_predicted_sample_season_visit2"," 3.02","ug_l"
281,NA,"doc_predicted_sample_season_visit2"," 3.16","mg_l"
287,NA,"chl_predicted_sample_month_visit1"," 3.96","ug_l"
287,NA,"doc_predicted_sample_month_visit1"," 3.58","mg_l"
287,NA,"chl_predicted_sample_season_visit1"," 5.88","ug_l"
287,NA,"doc_predicted_sample_season_visit1"," 3.73","mg_l"
288,NA,"chl_predicted_sample_month_visit1","11.61","ug_l"
288,NA,"doc_predicted_sample_month_visit1"," 5.50","mg_l"
288,NA,"chl_predicted_sample_season_visit1","10.55","ug_l"
288,NA,"doc_predicted_sample_season_visit1"," 5.45","mg_l"
291,NA,"chl_predicted_sample_month_visit1","12.67","ug_l"
291,NA,"doc_predicted_sample_month_visit1"," 5.43","mg_l"
291,NA,"chl_predicted_sample_season_visit1","13.43","ug_l"
291,NA,"doc_predicted_sample_season_visit1"," 5.32","mg_l"
296,NA,"chl_predicted_sample_month_visit1"," 7.77","ug_l"
296,NA,"doc_predicted_sample_month_visit1"," 3.82","mg_l"
296,NA,"chl_predicted_sample_season_visit1"," 4.57","ug_l"
296,NA,"doc_predicted_sample_season_visit1"," 3.63","mg_l"
297,NA,"chl_predicted_sample_month_visit1"," 5.91","ug_l"
297,NA,"doc_predicted_sample_month_visit1"," 2.94","mg_l"
297,NA,"chl_predicted_sample_season_visit1"," 5.10","ug_l"
297,NA,"doc_predicted_sample_season_visit1"," 2.91","mg_l"
298,NA,"chl_predicted_sample_month_visit1"," 7.40","ug_l"
298,NA,"doc_predicted_sample_month_visit1"," 5.33","mg_l"
298,NA,"chl_predicted_sample_season_visit1"," 9.37","ug_l"
298,NA,"doc_predicted_sample_season_visit1"," 5.11","mg_l"
3,NA,"chl_predicted_sample_month_visit1","19.52","ug_l"
3,NA,"doc_predicted_sample_month_visit1"," 6.09","mg_l"
3,NA,"chl_predicted_sample_season_visit1","14.34","ug_l"
3,NA,"doc_predicted_sample_season_visit1"," 5.90","mg_l"
302,NA,"chl_predicted_sample_month_visit1","10.33","ug_l"
302,NA,"doc_predicted_sample_month_visit1"," 4.66","mg_l"
302,NA,"chl_predicted_sample_season_visit1"," 6.93","ug_l"
302,NA,"doc_predicted_sample_season_visit1"," 4.38","mg_l"
308,NA,"chl_predicted_sample_month_visit1"," 7.05","ug_l"
308,NA,"doc_predicted_sample_month_visit1"," 3.97","mg_l"
308,NA,"chl_predicted_sample_season_visit1"," 4.27","ug_l"
308,NA,"doc_predicted_sample_season_visit1"," 3.25","mg_l"
316,NA,"chl_predicted_sample_month_visit1"," 7.47","ug_l"
316,NA,"doc_predicted_sample_month_visit1"," 5.25","mg_l"
316,NA,"chl_predicted_sample_season_visit1"," 7.61","ug_l"
316,NA,"doc_predicted_sample_season_visit1"," 4.68","mg_l"
317,NA,"chl_predicted_sample_month_visit1","19.99","ug_l"
317,NA,"doc_predicted_sample_month_visit1"," 5.49","mg_l"
317,NA,"chl_predicted_sample_season_visit1","19.00","ug_l"
317,NA,"doc_predicted_sample_season_visit1"," 5.62","mg_l"
323,NA,"chl_predicted_sample_month_visit1","28.24","ug_l"
323,NA,"doc_predicted_sample_month_visit1"," 6.82","mg_l"
323,NA,"chl_predicted_sample_season_visit1","21.06","ug_l"
323,NA,"doc_predicted_sample_season_visit1"," 6.70","mg_l"
326,NA,"chl_predicted_sample_month_visit1"," 7.09","ug_l"
326,NA,"doc_predicted_sample_month_visit1"," 5.14","mg_l"
326,NA,"chl_predicted_sample_season_visit1"," 8.68","ug_l"
326,NA,"doc_predicted_sample_season_visit1"," 5.28","mg_l"
327,NA,"chl_predicted_sample_month_visit1"," 5.75","ug_l"
327,NA,"doc_predicted_sample_month_visit1"," 4.71","mg_l"
327,NA,"chl_predicted_sample_season_visit1"," 7.63","ug_l"
327,NA,"doc_predicted_sample_season_visit1"," 5.09","mg_l"
328,NA,"chl_predicted_sample_month_visit1"," 4.89","ug_l"
328,NA,"doc_predicted_sample_month_visit1"," 4.43","mg_l"
328,NA,"chl_predicted_sample_season_visit1"," 7.18","ug_l"
328,NA,"doc_predicted_sample_season_visit1"," 4.65","mg_l"
331,NA,"chl_predicted_sample_month_visit1","13.00","ug_l"
331,NA,"doc_predicted_sample_month_visit1"," 4.26","mg_l"
331,NA,"chl_predicted_sample_season_visit1"," 9.36","ug_l"
331,NA,"doc_predicted_sample_season_visit1"," 3.82","mg_l"
4,NA,"chl_predicted_sample_month_visit1","15.89","ug_l"
4,NA,"doc_predicted_sample_month_visit1"," 7.99","mg_l"
4,NA,"chl_predicted_sample_season_visit1","10.93","ug_l"
4,NA,"doc_predicted_sample_season_visit1"," 5.88","mg_l"
44,NA,"chl_predicted_sample_month_visit1"," 7.47","ug_l"
44,NA,"doc_predicted_sample_month_visit1"," 6.28","mg_l"
44,NA,"chl_predicted_sample_season_visit1"," 5.60","ug_l"
44,NA,"doc_predicted_sample_season_visit1"," 5.47","mg_l"
45,NA,"chl_predicted_sample_month_visit1"," 4.13","ug_l"
45,NA,"doc_predicted_sample_month_visit1"," 3.66","mg_l"
45,NA,"chl_predicted_sample_season_visit1"," 4.79","ug_l"
45,NA,"doc_predicted_sample_season_visit1"," 4.14","mg_l"
46,NA,"chl_predicted_sample_month_visit1"," 4.59","ug_l"
46,NA,"doc_predicted_sample_month_visit1"," 5.54","mg_l"
46,NA,"chl_predicted_sample_season_visit1"," 4.58","ug_l"
46,NA,"doc_predicted_sample_season_visit1"," 6.11","mg_l"
47,NA,"chl_predicted_sample_month_visit1"," 4.04","ug_l"
47,NA,"doc_predicted_sample_month_visit1"," 5.93","mg_l"
47,NA,"chl_predicted_sample_season_visit1"," 6.16","ug_l"
47,NA,"doc_predicted_sample_season_visit1"," 5.76","mg_l"
49,NA,"chl_predicted_sample_month_visit1","   NA","ug_l"
49,NA,"doc_predicted_sample_month_visit1","   NA","mg_l"
49,NA,"chl_predicted_sample_season_visit1"," 4.19","ug_l"
49,NA,"doc_predicted_sample_season_visit1"," 5.67","mg_l"
51,NA,"chl_predicted_sample_month_visit1"," 4.52","ug_l"
51,NA,"doc_predicted_sample_month_visit1"," 6.62","mg_l"
51,NA,"chl_predicted_sample_season_visit1"," 3.85","ug_l"
51,NA,"doc_predicted_sample_season_visit1"," 4.91","mg_l"
52,NA,"chl_predicted_sample_month_visit1","   NA","ug_l"
52,NA,"doc_predicted_sample_month_visit1","   NA","mg_l"
52,NA,"chl_predicted_sample_season_visit1"," 2.53","ug_l"
52,NA,"doc_predicted_sample_season_visit1"," 3.04","mg_l"
53,NA,"chl_predicted_sample_month_visit1","   NA","ug_l"
53,NA,"doc_predicted_sample_month_visit1","   NA","mg_l"
53,NA,"chl_predicted_sample_season_visit1"," 2.84","ug_l"
53,NA,"doc_predicted_sample_season_visit1"," 4.86","mg_l"
54,NA,"chl_predicted_sample_month_visit1","31.31","ug_l"
54,NA,"doc_predicted_sample_month_visit1"," 5.91","mg_l"
54,NA,"chl_predicted_sample_season_visit1","30.97","ug_l"
54,NA,"doc_predicted_sample_season_visit1"," 6.27","mg_l"
55,NA,"chl_predicted_sample_month_visit1","   NA","ug_l"
55,NA,"doc_predicted_sample_month_visit1","   NA","mg_l"
55,NA,"chl_predicted_sample_season_visit1","17.74","ug_l"
55,NA,"doc_predicted_sample_season_visit1"," 6.35","mg_l"
57,NA,"chl_predicted_sample_month_visit1"," 3.39","ug_l"
57,NA,"doc_predicted_sample_month_visit1"," 3.46","mg_l"
57,NA,"chl_predicted_sample_season_visit1"," 4.03","ug_l"
57,NA,"doc_predicted_sample_season_visit1"," 3.96","mg_l"
64,NA,"chl_predicted_sample_month_visit1"," 4.29","ug_l"
64,NA,"doc_predicted_sample_month_visit1"," 4.93","mg_l"
64,NA,"chl_predicted_sample_season_visit1"," 3.89","ug_l"
64,NA,"doc_predicted_sample_season_visit1"," 4.52","mg_l"
65,NA,"chl_predicted_sample_month_visit1"," 3.45","ug_l"
65,NA,"doc_predicted_sample_month_visit1"," 4.35","mg_l"
65,NA,"chl_predicted_sample_season_visit1"," 3.71","ug_l"
65,NA,"doc_predicted_sample_season_visit1"," 4.03","mg_l"
66,NA,"chl_predicted_sample_month_visit1"," 3.87","ug_l"
66,NA,"doc_predicted_sample_month_visit1"," 4.62","mg_l"
66,NA,"chl_predicted_sample_season_visit1"," 7.14","ug_l"
66,NA,"doc_predicted_sample_season_visit1"," 4.77","mg_l"
67,NA,"chl_predicted_sample_month_visit1","11.35","ug_l"
67,NA,"doc_predicted_sample_month_visit1"," 4.40","mg_l"
67,NA,"chl_predicted_sample_season_visit1"," 8.57","ug_l"
67,NA,"doc_predicted_sample_season_visit1"," 4.21","mg_l"
68,NA,"chl_predicted_sample_month_visit1","27.70","ug_l"
68,NA,"doc_predicted_sample_month_visit1"," 7.04","mg_l"
68,NA,"chl_predicted_sample_season_visit1","21.51","ug_l"
68,NA,"doc_predicted_sample_season_visit1"," 7.19","mg_l"
69,NA,"chl_predicted_sample_month_visit1"," 8.71","ug_l"
69,NA,"doc_predicted_sample_month_visit1"," 5.27","mg_l"
69,NA,"chl_predicted_sample_season_visit1"," 7.87","ug_l"
69,NA,"doc_predicted_sample_season_visit1"," 4.47","mg_l"
70,NA,"chl_predicted_sample_month_visit1"," 9.51","ug_l"
70,NA,"doc_predicted_sample_month_visit1"," 4.50","mg_l"
70,NA,"chl_predicted_sample_season_visit1","11.50","ug_l"
70,NA,"doc_predicted_sample_season_visit1"," 4.77","mg_l"
71,NA,"chl_predicted_sample_month_visit1"," 5.88","ug_l"
71,NA,"doc_predicted_sample_month_visit1"," 5.49","mg_l"
71,NA,"chl_predicted_sample_season_visit1"," 4.62","ug_l"
71,NA,"doc_predicted_sample_season_visit1"," 3.61","mg_l"
72,NA,"chl_predicted_sample_month_visit1","10.70","ug_l"
72,NA,"doc_predicted_sample_month_visit1"," 4.60","mg_l"
72,NA,"chl_predicted_sample_season_visit1"," 9.48","ug_l"
72,NA,"doc_predicted_sample_season_visit1"," 4.26","mg_l"
75,NA,"chl_predicted_sample_month_visit1","10.41","ug_l"
75,NA,"doc_predicted_sample_month_visit1"," 6.27","mg_l"
75,NA,"chl_predicted_sample_season_visit1","11.04","ug_l"
75,NA,"doc_predicted_sample_season_visit1"," 5.87","mg_l"
76,NA,"chl_predicted_sample_month_visit1"," 1.49","ug_l"
76,NA,"doc_predicted_sample_month_visit1"," 2.61","mg_l"
76,NA,"chl_predicted_sample_season_visit1"," 2.90","ug_l"
76,NA,"doc_predicted_sample_season_visit1"," 2.57","mg_l"
77,NA,"chl_predicted_sample_month_visit1","10.76","ug_l"
77,NA,"doc_predicted_sample_month_visit1"," 5.78","mg_l"
77,NA,"chl_predicted_sample_season_visit1","16.92","ug_l"
77,NA,"doc_predicted_sample_season_visit1"," 5.78","mg_l"
78,NA,"chl_predicted_sample_month_visit1","15.38","ug_l"
78,NA,"doc_predicted_sample_month_visit1"," 6.40","mg_l"
78,NA,"chl_predicted_sample_season_visit1","13.46","ug_l"
78,NA,"doc_predicted_sample_season_visit1"," 6.68","mg_l"
79,NA,"chl_predicted_sample_month_visit1"," 9.50","ug_l"
79,NA,"doc_predicted_sample_month_visit1"," 6.64","mg_l"
79,NA,"chl_predicted_sample_season_visit1"," 8.63","ug_l"
79,NA,"doc_predicted_sample_season_visit1"," 6.31","mg_l"
82,NA,"chl_predicted_sample_month_visit1","32.53","ug_l"
82,NA,"doc_predicted_sample_month_visit1"," 7.01","mg_l"
82,NA,"chl_predicted_sample_season_visit1","16.94","ug_l"
82,NA,"doc_predicted_sample_season_visit1"," 5.72","mg_l"
83,NA,"chl_predicted_sample_month_visit1","16.07","ug_l"
83,NA,"doc_predicted_sample_month_visit1"," 3.87","mg_l"
83,NA,"chl_predicted_sample_season_visit1","12.14","ug_l"
83,NA,"doc_predicted_sample_season_visit1"," 3.99","mg_l"
84,NA,"chl_predicted_sample_month_visit1","11.71","ug_l"
84,NA,"doc_predicted_sample_month_visit1"," 3.46","mg_l"
84,NA,"chl_predicted_sample_season_visit1","17.13","ug_l"
84,NA,"doc_predicted_sample_season_visit1"," 5.15","mg_l"
98,NA,"chl_predicted_sample_month_visit1","21.09","ug_l"
98,NA,"doc_predicted_sample_month_visit1"," 4.44","mg_l"
98,NA,"chl_predicted_sample_season_visit1","14.42","ug_l"
98,NA,"doc_predicted_sample_season_visit1"," 4.05","mg_l"
99,NA,"chl_predicted_sample_month_visit1","11.47","ug_l"
99,NA,"doc_predicted_sample_month_visit1"," 5.83","mg_l"
99,NA,"chl_predicted_sample_season_visit1"," 8.62","ug_l"
99,NA,"doc_predicted_sample_season_visit1"," 4.43","mg_l"
999,NA,"chl_predicted_sample_month_visit1"," 1.87","ug_l"
999,NA,"doc_predicted_sample_month_visit1"," 1.44","mg_l"
999,NA,"chl_predicted_sample_season_visit1"," 2.04","ug_l"
999,NA,"doc_predicted_sample_season_visit1"," 1.85","mg_l"
1,NA,"lake_elevation","  30.7","meters above sea level"
2,NA,"lake_elevation","  75.0","meters above sea level"
3,NA,"lake_elevation","  69.4","meters above sea level"
4,NA,"lake_elevation","  30.1","meters above sea level"
10,NA,"lake_elevation","   5.0","meters above sea level"
11,NA,"lake_elevation"," 132.2","meters above sea level"
13,NA,"lake_elevation","   2.3","meters above sea level"
14,NA,"lake_elevation","  73.0","meters above sea level"
16,NA,"lake_elevation","   2.7","meters above sea level"
17,NA,"lake_elevation","   1.1","meters above sea level"
18,NA,"lake_elevation","  29.6","meters above sea level"
44,NA,"lake_elevation","  31.9","meters above sea level"
45,NA,"lake_elevation","   0.5","meters above sea level"
46,NA,"lake_elevation","  10.0","meters above sea level"
47,NA,"lake_elevation","  19.9","meters above sea level"
49,NA,"lake_elevation","  21.0","meters above sea level"
51,NA,"lake_elevation"," 194.2","meters above sea level"
52,NA,"lake_elevation"," 113.3","meters above sea level"
53,NA,"lake_elevation"," 198.5","meters above sea level"
54,NA,"lake_elevation"," 259.1","meters above sea level"
55,NA,"lake_elevation"," 378.6","meters above sea level"
57,NA,"lake_elevation","  75.0","meters above sea level"
64,NA,"lake_elevation"," 156.4","meters above sea level"
65,NA,"lake_elevation"," 204.6","meters above sea level"
66,NA,"lake_elevation","  31.8","meters above sea level"
67,NA,"lake_elevation"," 622.5","meters above sea level"
68,NA,"lake_elevation"," 629.6","meters above sea level"
69,NA,"lake_elevation"," 549.5","meters above sea level"
70,NA,"lake_elevation"," 493.2","meters above sea level"
71,NA,"lake_elevation","1265.3","meters above sea level"
72,NA,"lake_elevation"," 705.3","meters above sea level"
75,NA,"lake_elevation"," 680.7","meters above sea level"
76,NA,"lake_elevation","1258.6","meters above sea level"
77,NA,"lake_elevation","1555.8","meters above sea level"
78,NA,"lake_elevation"," 794.5","meters above sea level"
79,NA,"lake_elevation"," 675.2","meters above sea level"
82,NA,"lake_elevation","  56.3","meters above sea level"
83,NA,"lake_elevation"," 164.5","meters above sea level"
84,NA,"lake_elevation"," 198.1","meters above sea level"
98,NA,"lake_elevation"," 284.8","meters above sea level"
99,NA,"lake_elevation"," 124.7","meters above sea level"
100,NA,"lake_elevation"," 327.8","meters above sea level"
101,NA,"lake_elevation"," 239.7","meters above sea level"
102,NA,"lake_elevation"," 880.4","meters above sea level"
103,NA,"lake_elevation"," 160.6","meters above sea level"
116,NA,"lake_elevation"," 169.0","meters above sea level"
117,NA,"lake_elevation"," 257.9","meters above sea level"
119,NA,"lake_elevation","  66.0","meters above sea level"
136,NA,"lake_elevation"," 324.1","meters above sea level"
137,NA,"lake_elevation"," 273.1","meters above sea level"
138,NA,"lake_elevation"," 115.6","meters above sea level"
146,NA,"lake_elevation"," 492.5","meters above sea level"
147,NA,"lake_elevation"," 251.1","meters above sea level"
148,NA,"lake_elevation"," 253.8","meters above sea level"
149,NA,"lake_elevation"," 657.7","meters above sea level"
155,NA,"lake_elevation","1253.7","meters above sea level"
157,NA,"lake_elevation","2012.4","meters above sea level"
159,NA,"lake_elevation","1632.9","meters above sea level"
165,NA,"lake_elevation","1477.0","meters above sea level"
166,NA,"lake_elevation"," 415.8","meters above sea level"
167,NA,"lake_elevation"," 377.5","meters above sea level"
184,NA,"lake_elevation"," 355.8","meters above sea level"
186,NA,"lake_elevation","1579.7","meters above sea level"
188,NA,"lake_elevation","1869.0","meters above sea level"
190,NA,"lake_elevation"," 266.8","meters above sea level"
191,NA,"lake_elevation"," 249.8","meters above sea level"
195,NA,"lake_elevation"," 226.1","meters above sea level"
204,NA,"lake_elevation"," 231.0","meters above sea level"
205,NA,"lake_elevation"," 183.4","meters above sea level"
206,NA,"lake_elevation"," 254.3","meters above sea level"
207,NA,"lake_elevation"," 202.3","meters above sea level"
208,NA,"lake_elevation"," 172.8","meters above sea level"
209,NA,"lake_elevation"," 145.5","meters above sea level"
210,NA,"lake_elevation"," 207.7","meters above sea level"
211,NA,"lake_elevation"," 293.2","meters above sea level"
214,NA,"lake_elevation"," 217.1","meters above sea level"
230,NA,"lake_elevation"," 151.0","meters above sea level"
231,NA,"lake_elevation"," 431.0","meters above sea level"
232,NA,"lake_elevation"," 488.3","meters above sea level"
233,NA,"lake_elevation"," 279.2","meters above sea level"
234,NA,"lake_elevation"," 262.4","meters above sea level"
235,NA,"lake_elevation"," 278.3","meters above sea level"
236,NA,"lake_elevation"," 346.5","meters above sea level"
237,NA,"lake_elevation"," 318.1","meters above sea level"
238,NA,"lake_elevation","1019.2","meters above sea level"
239,NA,"lake_elevation","1241.7","meters above sea level"
240,NA,"lake_elevation","1576.2","meters above sea level"
247,NA,"lake_elevation","2182.8","meters above sea level"
249,NA,"lake_elevation"," 745.5","meters above sea level"
250,NA,"lake_elevation","1847.3","meters above sea level"
253,NA,"lake_elevation","1453.8","meters above sea level"
263,NA,"lake_elevation"," 240.4","meters above sea level"
264,NA,"lake_elevation","2984.0","meters above sea level"
265,NA,"lake_elevation"," 859.4","meters above sea level"
275,NA,"lake_elevation","1567.6","meters above sea level"
276,NA,"lake_elevation","2569.0","meters above sea level"
281,NA,"lake_elevation","1996.9","meters above sea level"
287,NA,"lake_elevation"," 823.1","meters above sea level"
288,NA,"lake_elevation"," 459.6","meters above sea level"
291,NA,"lake_elevation"," 173.2","meters above sea level"
296,NA,"lake_elevation"," 101.3","meters above sea level"
297,NA,"lake_elevation"," 319.9","meters above sea level"
298,NA,"lake_elevation","1892.2","meters above sea level"
302,NA,"lake_elevation","1520.5","meters above sea level"
308,NA,"lake_elevation"," 375.5","meters above sea level"
316,NA,"lake_elevation","  48.2","meters above sea level"
317,NA,"lake_elevation","   1.1","meters above sea level"
323,NA,"lake_elevation","1566.4","meters above sea level"
326,NA,"lake_elevation","1992.6","meters above sea level"
327,NA,"lake_elevation","1575.4","meters above sea level"
328,NA,"lake_elevation","2179.2","meters above sea level"
331,NA,"lake_elevation","1338.8","meters above sea level"
999,NA,"lake_elevation"," 656.5","meters above sea level"
1000,NA,"lake_elevation","  96.2","meters above sea level"
1001,NA,"lake_elevation"," 262.1","meters above sea level"
1002,NA,"lake_elevation"," 268.8","meters above sea level"
1003,NA,"lake_elevation"," 304.2","meters above sea level"
1004,NA,"lake_elevation"," 284.6","meters above sea level"
1005,NA,"lake_elevation"," 225.3","meters above sea level"
1006,NA,"lake_elevation"," 265.5","meters above sea level"
1007,NA,"lake_elevation"," 265.7","meters above sea level"
1008,NA,"lake_elevation"," 263.0","meters above sea level"
1009,NA,"lake_elevation"," 309.7","meters above sea level"
1010,NA,"lake_elevation"," 220.1","meters above sea level"
1011,NA,"lake_elevation"," 302.3","meters above sea level"
1012,NA,"lake_elevation"," 291.7","meters above sea level"
1013,NA,"lake_elevation"," 286.8","meters above sea level"
1014,NA,"lake_elevation"," 271.6","meters above sea level"
1015,NA,"lake_elevation"," 230.3","meters above sea level"
1016,NA,"lake_elevation"," 324.0","meters above sea level"
1017,NA,"lake_elevation"," 336.3","meters above sea level"
1018,NA,"lake_elevation"," 341.9","meters above sea level"
1019,NA,"lake_elevation"," 290.1","meters above sea level"
1020,NA,"lake_elevation"," 287.4","meters above sea level"
1021,NA,"lake_elevation"," 312.4","meters above sea level"
1022,NA,"lake_elevation"," 258.5","meters above sea level"
1023,NA,"lake_elevation"," 302.6","meters above sea level"
1024,NA,"lake_elevation"," 307.7","meters above sea level"
1025,NA,"lake_elevation"," 275.7","meters above sea level"
1026,NA,"lake_elevation"," 280.8","meters above sea level"
1027,NA,"lake_elevation"," 309.6","meters above sea level"
1028,NA,"lake_elevation"," 267.6","meters above sea level"
1029,NA,"lake_elevation"," 284.9","meters above sea level"
1030,NA,"lake_elevation"," 297.5","meters above sea level"
1031,NA,"lake_elevation"," 260.5","meters above sea level"
1032,NA,"lake_elevation"," 348.6","meters above sea level"
