lake_id,site_id,visit,StdTime,Temperature_2m_K,Precipitation_m,Wind_u_ms,Wind_v_ms,Wind_Speed_ms
999,1,1,9/14/2018 19:00:00,290.290039062,1.77309e-4,0.240631104,0.094772339,0.258621585432828
999,2,1,9/14/2018 19:00:00,290.290039062,1.77309e-4,0.240631104,0.094772339,0.258621585432828
999,3,1,9/14/2018 23:00:00,292.029052734,0,0.764511108,0.177664757,0.784883430921597
999,4,1,9/14/2018 22:00:00,283.071289062,0.001267493,-0.540649414,-0.249511719,0.595447635629598
999,5,1,9/14/2018 17:00:00,285.244140625,8.52e-7,0.155898094,0.221942902,0.271224754513696
999,6,1,9/14/2018 19:00:00,290.290039062,1.77309e-4,0.240631104,0.094772339,0.258621585432828
999,7,1,9/14/2018 22:00:00,283.071289062,0.001267493,-0.540649414,-0.249511719,0.595447635629598
999,8,1,9/14/2018 22:00:00,283.071289062,0.001267493,-0.540649414,-0.249511719,0.595447635629598
999,9,1,9/14/2018 19:00:00,290.290039062,1.77309e-4,0.240631104,0.094772339,0.258621585432828
999,10,1,9/14/2018 23:00:00,292.029052734,0,0.764511108,0.177664757,0.784883430921597
999,31,1,9/14/2018 21:00:00,287.016113281,0,0.464035034,0.273895264,0.538838684970753
999,33,1,9/14/2018 20:00:00,284.500976562,9.69738e-4,0.208465576,0.472174644,0.516146094447627
999,34,1,9/14/2018 20:00:00,284.500976562,9.69738e-4,0.208465576,0.472174644,0.516146094447627
999,35,1,9/14/2018 21:00:00,287.016113281,0,0.464035034,0.273895264,0.538838684970753
72,22,1,8/26/2021 16:00:00,264.944152832,8.55e-7,-2.039199829,1.140335083,2.336386107670187
72,10,1,8/26/2021 16:00:00,265.131652832,8.55e-7,-1.997207642,0.845413208,2.168769664469708
72,14,1,8/26/2021 17:00:00,302.173095703,0,-2.268859863,1.586654663,2.768609415853385
72,2,1,8/26/2021 17:00:00,302.173095703,0,-2.268859863,1.586654663,2.768609415853385
72,6,1,8/26/2021 17:00:00,302.106689453,0,-2.184875488,1.668685913,2.749216902011895
72,13,1,8/26/2021 18:00:00,296.078857422,0,0.902923584,-2.924194336,3.060422113571571
72,9,1,8/26/2021 18:00:00,296.168701172,0,0.878509521,-2.939819336,3.068275852462932
72,12,1,8/26/2021 18:00:00,296.168701172,0,0.878509521,-2.939819336,3.068275852462932
72,5,1,8/26/2021 19:00:00,292.045898438,0,-1.144256592,-4.500610352,4.643793351223223
72,7,1,8/26/2021 19:00:00,292.045898438,0,-1.144256592,-4.500610352,4.643793351223223
72,11,1,8/26/2021 19:00:00,292.045898438,0,-1.144256592,-4.500610352,4.643793351223223
72,15,1,8/26/2021 19:00:00,292.045898438,0,-1.144256592,-4.500610352,4.643793351223223
72,35,1,8/26/2021 19:00:00,292.045898438,0,-1.144256592,-4.500610352,4.643793351223223
72,32,1,8/26/2021 20:00:00,298.889648438,0,3.986312866,1.841094971,4.390936227944858
67,3,1,8/25/2021 16:00:00,302.239501953,2.1081e-4,-4.666519165,1.799983978,5.001634076816196
67,6,1,8/25/2021 16:00:00,302.239501953,2.1081e-4,-4.666519165,1.799983978,5.001634076816196
67,13,1,8/25/2021 16:00:00,302.239501953,2.1081e-4,-4.666519165,1.799983978,5.001634076816196
67,2,1,8/25/2021 16:00:00,302.239501953,2.1081e-4,-4.666519165,1.799983978,5.001634076816196
67,10,1,8/25/2021 16:00:00,302.239501953,2.1081e-4,-4.666519165,1.799983978,5.001634076816196
67,14,1,8/25/2021 16:00:00,302.239501953,2.1081e-4,-4.666519165,1.799983978,5.001634076816196
67,1,1,8/25/2021 16:00:00,302.239501953,2.1081e-4,-4.666519165,1.799983978,5.001634076816196
67,5,1,8/25/2021 16:00:00,302.239501953,2.1081e-4,-4.666519165,1.799983978,5.001634076816196
67,15,1,8/25/2021 16:00:00,302.239501953,2.1081e-4,-4.666519165,1.799983978,5.001634076816196
67,9,1,8/25/2021 15:00:00,301.216552734,0,-1.864562988,1.305106163,2.275938758604913
67,8,1,8/25/2021 15:00:00,301.216552734,0,-1.864562988,1.305106163,2.275938758604913
67,12,1,8/25/2021 15:00:00,301.216552734,0,-1.864562988,1.305106163,2.275938758604913
67,11,1,8/25/2021 15:00:00,301.216552734,0,-1.864562988,1.305106163,2.275938758604913
67,7,1,8/25/2021 15:00:00,301.216552734,0,-1.864562988,1.305106163,2.275938758604913
67,4,1,8/25/2021 14:00:00,301.083007812,5.5393e-4,1.393798828,-2.956985474,3.269011818024092
76,12,1,6/21/2022 16:00:00,289.465820312,0,5.707382202,1.055480957,5.804158134501161
76,6,1,6/21/2022 16:00:00,289.465820312,0,5.707382202,1.055480957,5.804158134501161
76,5,1,6/21/2022 17:00:00,297.983398438,0,1.157516479,0.175888062,1.170803574264562
76,9,1,6/21/2022 17:00:00,297.983398438,0,1.157516479,0.175888062,1.170803574264562
76,2,1,6/21/2022 18:00:00,293.572265625,0,1.100204468,0.115020752,1.106200544565862
76,13,1,6/21/2022 17:00:00,297.983398438,0,1.157516479,0.175888062,1.170803574264562
76,3,1,6/21/2022 18:00:00,293.572265625,0,1.100204468,0.115020752,1.106200544565862
76,1,1,6/21/2022 18:00:00,293.572265625,0,1.100204468,0.115020752,1.106200544565862
76,14,1,6/21/2022 18:00:00,293.572265625,0,1.100204468,0.115020752,1.106200544565862
76,10,1,6/21/2022 20:00:00,293.041992188,6.348e-6,3.623168945,-3.47543335,5.020556759394783
76,4,1,6/21/2022 20:00:00,293.041992188,6.348e-6,3.623168945,-3.47543335,5.020556759394783
76,8,1,6/21/2022 21:00:00,288.164794922,3.297e-6,1.083328247,-1.364181519,1.742007837964353
76,15,1,6/21/2022 21:00:00,288.164794922,3.297e-6,1.083328247,-1.364181519,1.742007837964353
76,7,1,6/21/2022 21:00:00,288.164794922,3.297e-6,1.083328247,-1.364181519,1.742007837964353
76,11,1,6/21/2022 22:00:00,293.941650391,0.004511186,-2.01512146,1.230377197,2.36104691724881
308,1,1,8/2/2018 18:00:00,284.480224609,1.2967e-5,1.339996338,0.194763184,1.354076395073494
308,2,1,8/2/2018 17:00:00,287.825195312,0,1.181655884,0.453048706,1.265529042811778
308,3,1,8/2/2018 18:00:00,284.480224609,1.2967e-5,1.339996338,0.194763184,1.354076395073494
308,4,1,8/2/2018 20:00:00,307.157958984,1.714e-6,2.091522217,0.663803101,2.194333552835988
308,5,1,8/2/2018 19:00:00,296.08203125,9.63e-7,1.579696655,0.064682007,1.581020329991913
308,6,1,8/2/2018 19:00:00,296.08203125,9.63e-7,1.579696655,0.064682007,1.581020329991913
308,7,1,8/2/2018 19:00:00,296.08203125,9.63e-7,1.579696655,0.064682007,1.581020329991913
308,8,1,8/2/2018 20:00:00,307.157958984,1.714e-6,2.091522217,0.663803101,2.194333552835988
308,9,1,8/2/2018 18:00:00,284.480224609,1.2967e-5,1.339996338,0.194763184,1.354076395073494
308,10,1,8/2/2018 18:00:00,284.480224609,1.2967e-5,1.339996338,0.194763184,1.354076395073494
308,11,1,8/2/2018 19:00:00,296.08203125,9.63e-7,1.579696655,0.064682007,1.581020329991913
308,32,1,8/2/2018 20:00:00,307.157958984,1.714e-6,2.091522217,0.663803101,2.194333552835988
308,33,1,8/2/2018 20:00:00,307.157958984,1.714e-6,2.091522217,0.663803101,2.194333552835988
308,34,1,8/2/2018 20:00:00,307.157958984,1.714e-6,2.091522217,0.663803101,2.194333552835988
308,35,1,8/2/2018 21:00:00,293.243652344,4.35e-7,0.608047485,0.486587524,0.778774140895341
232,12,1,7/27/2021 17:00:00,277.882080078,0.005900317,-0.783432007,0.405212402,0.882021995375772
232,20,1,7/27/2021 18:00:00,291.642089844,8.52e-7,-5.151641846,-1.900756836,5.491110111722312
232,7,1,7/27/2021 18:00:00,291.567871094,8.52e-7,-5.431915283,-1.986694336,5.783827281859604
232,15,1,7/27/2021 18:00:00,291.567871094,8.52e-7,-5.431915283,-1.986694336,5.783827281859604
232,2,1,7/27/2021 21:00:00,293.567382812,0.019280996,-0.722839355,-3.271175385,3.35008733208057
232,5,1,7/27/2021 21:00:00,293.567382812,0.019280996,-0.722839355,-3.271175385,3.35008733208057
232,13,1,7/27/2021 22:00:00,301.872802734,0.010864777,0.670944214,0.248659134,0.715540008120935
232,1,1,7/27/2021 22:00:00,301.872802734,0.010864777,0.670944214,0.248659134,0.715540008120935
232,9,1,7/27/2021 23:00:00,299.233642578,9.912e-6,-1.942840576,1.577453613,2.502596532587458
232,10,1,7/27/2021 15:00:00,298.146484375,4.1312e-5,-1.183135986,1.386474609,1.822669087566335
232,14,1,7/27/2021 16:00:00,298.956054688,8.58e-7,3.35244751,-2.601052284,4.243156524499988
232,32,1,7/27/2021 16:00:00,298.956054688,8.58e-7,3.35244751,-2.601052284,4.243156524499988
232,26,1,7/27/2021 16:00:00,298.956054688,8.58e-7,3.35244751,-2.601052284,4.243156524499988
232,4,1,7/27/2021 16:00:00,298.956054688,8.58e-7,3.35244751,-2.601052284,4.243156524499988
232,8,1,7/27/2021 17:00:00,277.882080078,0.005900317,-0.783432007,0.405212402,0.882021995375772
71,4,1,8/10/2021 14:00:00,279.948730469,2.207e-6,0.56187439,-2.352371216,2.418543604734715
71,11,1,8/10/2021 20:00:00,298.059082031,0,1.907180786,-0.087814331,1.909201379429775
71,2,1,8/10/2021 15:00:00,288.021972656,0,1.814483643,-0.932042122,2.039866026948048
71,12,1,8/10/2021 17:00:00,296.436035156,1.282e-6,-0.053807259,0.818943977,0.820709728579886
71,3,1,8/10/2021 17:00:00,295.908691406,1.282e-6,-0.010838509,0.75742054,0.757498084282221
71,14,1,8/10/2021 17:00:00,296.221191406,1.282e-6,-0.259373665,0.918553352,0.9544710360016
71,15,1,8/10/2021 17:00:00,296.221191406,1.282e-6,-0.259373665,0.918553352,0.9544710360016
71,7,1,8/10/2021 17:00:00,296.221191406,1.282e-6,-0.259373665,0.918553352,0.9544710360016
71,9,1,8/10/2021 18:00:00,284.285888672,0,2.432922363,1.146395683,2.689485877707213
71,13,1,8/10/2021 18:00:00,284.285888672,0,2.432922363,1.146395683,2.689485877707213
71,5,1,8/10/2021 18:00:00,283.430419922,0,2.442687988,0.979403496,2.631721074638517
71,8,1,8/10/2021 20:00:00,298.059082031,0,1.907180786,-0.087814331,1.909201379429775
265,1,1,7/13/2020 17:00:00,277.585205078,0.003835982,2.313491821,1.793769836,2.927431404897024
265,2,1,7/13/2020 16:00:00,275.220214844,0.005517572,-1.045593262,-0.496219635,1.157367355552823
265,3,1,7/13/2020 19:00:00,296.167724609,0,0.320007324,0.712585449,0.781141926630604
265,4,1,7/13/2020 18:00:00,296.180175781,1.83508e-4,2.673828125,0.06072998,2.674517708393761
265,5,1,7/13/2020 16:00:00,275.220214844,0.005517572,-1.045593262,-0.496219635,1.157367355552823
265,6,1,7/13/2020 17:00:00,277.585205078,0.003835982,2.313491821,1.793769836,2.927431404897024
265,7,1,7/13/2020 18:00:00,296.180175781,1.83508e-4,2.673828125,0.06072998,2.674517708393761
265,9,1,7/13/2020 17:00:00,277.585205078,0.003835982,2.313491821,1.793769836,2.927431404897024
265,10,1,7/13/2020 19:00:00,296.167724609,0,0.320007324,0.712585449,0.781141926630604
265,11,1,7/13/2020 18:00:00,296.180175781,1.83508e-4,2.673828125,0.06072998,2.674517708393761
265,14,1,7/13/2020 19:00:00,296.167724609,0,0.320007324,0.712585449,0.781141926630604
265,15,1,7/13/2020 19:00:00,296.167724609,0,0.320007324,0.712585449,0.781141926630604
68,4,1,7/30/2021 18:00:00,308.140869141,4.8816e-5,-0.400817871,1.039717674,1.114301488530345
68,34,1,7/30/2021 15:00:00,302.526123047,8.58e-7,-2.997329712,2.278945923,3.765312725710353
68,29,1,7/30/2021 15:00:00,302.526123047,8.58e-7,-2.997329712,2.278945923,3.765312725710353
68,13,1,7/30/2021 15:00:00,302.526123047,8.58e-7,-2.997329712,2.278945923,3.765312725710353
68,5,1,7/30/2021 15:00:00,302.526123047,8.58e-7,-2.997329712,2.278945923,3.765312725710353
68,25,1,7/30/2021 15:00:00,302.526123047,8.58e-7,-2.997329712,2.278945923,3.765312725710353
68,27,1,7/30/2021 16:00:00,299.933349609,8.46e-7,-6.316253662,5.928756714,8.662864220136923
68,9,1,7/30/2021 16:00:00,299.933349609,8.46e-7,-6.316253662,5.928756714,8.662864220136923
68,10,1,7/30/2021 16:00:00,299.933349609,8.46e-7,-6.316253662,5.928756714,8.662864220136923
68,7,1,7/30/2021 17:00:00,291.106933594,0,0.941223145,2.161911964,2.357915254789711
68,11,1,7/30/2021 17:00:00,291.106933594,0,0.941223145,2.161911964,2.357915254789711
68,17,1,7/30/2021 17:00:00,291.190917969,0,1.242004395,1.927536964,2.293027183612452
68,8,1,7/30/2021 18:00:00,308.140869141,4.8816e-5,-0.400817871,1.039717674,1.114301488530345
263,1,1,7/31/2018 19:00:00,281.732666016,9.69648e-4,-1.360397339,0.160385132,1.369819079486389
263,2,1,7/31/2018 18:00:00,299.688476562,0,-0.035079956,-1.091705322,1.092268791734015
263,3,1,7/31/2018 20:00:00,278.593261719,0.002287284,-1.288146973,0.238412857,1.310024165590836
263,4,1,7/31/2018 20:00:00,278.593261719,0.002287284,-1.288146973,0.238412857,1.310024165590836
263,5,1,7/31/2018 19:00:00,281.732666016,9.69648e-4,-1.360397339,0.160385132,1.369819079486389
263,6,1,7/31/2018 18:00:00,299.688476562,0,-0.035079956,-1.091705322,1.092268791734015
263,7,1,7/31/2018 20:00:00,278.593261719,0.002287284,-1.288146973,0.238412857,1.310024165590836
263,8,1,7/31/2018 20:00:00,278.593261719,0.002287284,-1.288146973,0.238412857,1.310024165590836
263,9,1,7/31/2018 19:00:00,281.732666016,9.69648e-4,-1.360397339,0.160385132,1.369819079486389
263,10,1,7/31/2018 19:00:00,281.732666016,9.69648e-4,-1.360397339,0.160385132,1.369819079486389
263,11,1,7/31/2018 20:00:00,278.593261719,0.002287284,-1.288146973,0.238412857,1.310024165590836
263,12,1,7/31/2018 21:00:00,294.177734375,0,1.298858643,-1.148341179,1.733701600011637
263,13,1,7/31/2018 18:00:00,299.688476562,0,-0.035079956,-1.091705322,1.092268791734015
263,14,1,7/31/2018 19:00:00,281.732666016,9.69648e-4,-1.360397339,0.160385132,1.369819079486389
263,15,1,7/31/2018 19:00:00,281.732666016,9.69648e-4,-1.360397339,0.160385132,1.369819079486389
69,8_riverine,1,7/31/2021 16:00:00,300.865234375,4.26e-7,-4.301757812,2.81653595,5.141789088512424
69,4_riverine,1,7/31/2021 17:00:00,280.117919922,4.7535e-4,6.835830688,-2.947479248,7.444206815530664
69,15_riverine,1,7/31/2021 17:00:00,280.117919922,4.7535e-4,6.835830688,-2.947479248,7.444206815530664
69,13_riverine,1,7/31/2021 17:00:00,280.117919922,4.7535e-4,6.835830688,-2.947479248,7.444206815530664
69,6_riverine,1,7/31/2021 17:00:00,280.117919922,4.7535e-4,6.835830688,-2.947479248,7.444206815530664
69,2_riverine,1,7/31/2021 18:00:00,291.05859375,0.005509752,-0.712005615,1.499206543,1.659690409192491
69,1_riverine,1,7/31/2021 18:00:00,290.984375,0.006117928,-0.78036499,1.60760498,1.786998402164507
69,9_riverine,1,7/31/2021 18:00:00,291.05859375,0.005509752,-0.712005615,1.499206543,1.659690409192491
69,5_riverine,1,7/31/2021 19:00:00,295.037597656,0,0.803924561,-3.4889431,3.580365715233104
69,7_riverine,1,7/31/2021 19:00:00,295.078613281,0,0.831268311,-3.476247787,3.574255961944414
69,11_riverine,1,7/31/2021 19:00:00,295.037597656,0,0.803924561,-3.4889431,3.580365715233104
69,3_riverine,1,7/31/2021 19:00:00,295.037597656,0,0.803924561,-3.4889431,3.580365715233104
69,12_riverine,1,7/31/2021 19:00:00,295.078613281,0,0.831268311,-3.476247787,3.574255961944414
69,14_riverine,1,7/31/2021 20:00:00,302.593017578,4.41e-7,-1.568908691,2.670913696,3.097620772815115
281,11,1,7/13/2022 21:00:00,300.694824219,6.3732e-5,-0.754074097,-0.848083496,1.134845081918209
281,7,1,7/13/2022 22:00:00,293.644042969,0,0.755630493,-0.728027344,1.049286069460144
281,8,1,7/13/2022 23:00:00,272.536132812,6.3315e-5,1.440643311,-0.533218384,1.536155914796612
281,15,1,7/13/2022 23:00:00,272.536132812,6.3315e-5,1.440643311,-0.533218384,1.536155914796612
281,12,1,7/13/2022 23:00:00,272.536132812,6.3315e-5,1.440643311,-0.533218384,1.536155914796612
281,4,1,7/13/2022 23:00:00,272.536132812,6.3315e-5,1.440643311,-0.533218384,1.536155914796612
281,10,1,7/13/2022 22:00:00,293.644042969,0,0.755630493,-0.728027344,1.049286069460144
281,6,1,7/13/2022 23:00:00,272.536132812,6.3315e-5,1.440643311,-0.533218384,1.536155914796612
281,3,1,7/13/2022 22:00:00,293.644042969,0,0.755630493,-0.728027344,1.049286069460144
281,9,1,7/13/2022 23:00:00,272.536132812,6.3315e-5,1.440643311,-0.533218384,1.536155914796612
281,2,1,7/13/2022 22:00:00,293.644042969,0,0.755630493,-0.728027344,1.049286069460144
281,13,1,7/13/2022 22:00:00,293.644042969,0,0.755630493,-0.728027344,1.049286069460144
281,14,1,7/13/2022 22:00:00,293.644042969,0,0.755630493,-0.728027344,1.049286069460144
281,1,1,7/13/2022 22:00:00,293.644042969,0,0.755630493,-0.728027344,1.049286069460144
281,5,1,7/13/2022 22:00:00,293.644042969,0,0.755630493,-0.728027344,1.049286069460144
281,8,2,8/31/2022 18:00:00,290.275390625,0,1.124481201,0.335693359,1.173519493949336
281,15,2,8/31/2022 16:00:00,278.0390625,0,0.311859131,0.011779785,0.312081529287975
281,12,2,8/31/2022 18:00:00,290.275390625,0,1.124481201,0.335693359,1.173519493949336
281,16,2,8/31/2022 18:00:00,290.275390625,0,1.124481201,0.335693359,1.173519493949336
281,4,2,8/31/2022 18:00:00,290.275390625,0,1.124481201,0.335693359,1.173519493949336
281,17,2,8/31/2022 18:00:00,290.275390625,0,1.124481201,0.335693359,1.173519493949336
281,2,2,8/31/2022 18:00:00,290.275390625,0,1.124481201,0.335693359,1.173519493949336
281,3,2,8/31/2022 18:00:00,290.275390625,0,1.124481201,0.335693359,1.173519493949336
281,6,2,8/31/2022 18:00:00,290.275390625,0,1.124481201,0.335693359,1.173519493949336
281,10,2,8/31/2022 17:00:00,292.401367188,9.462e-6,2.265411377,0.291237831,2.284055205385067
281,14,2,8/31/2022 17:00:00,292.401367188,9.462e-6,2.265411377,0.291237831,2.284055205385067
281,1,2,8/31/2022 17:00:00,292.401367188,9.462e-6,2.265411377,0.291237831,2.284055205385067
281,5,2,8/31/2022 17:00:00,292.401367188,9.462e-6,2.265411377,0.291237831,2.284055205385067
281,13,2,8/31/2022 17:00:00,292.401367188,9.462e-6,2.265411377,0.291237831,2.284055205385067
281,9,2,8/31/2022 17:00:00,292.401367188,9.462e-6,2.265411377,0.291237831,2.284055205385067
250,2,1,7/11/2022 18:00:00,283.752197266,0.005854547,-1.296386719,-0.024642944,1.296620916030808
250,12,1,7/11/2022 19:00:00,291.380126953,1.091e-6,2.041915894,-0.195360184,2.051240141880597
250,1,1,7/11/2022 16:00:00,284.729248047,0,-0.391662598,0.691772461,0.79495202903704
250,5,1,7/11/2022 17:00:00,292.413574219,0.002235282,1.745782852,-0.405672073,1.792296738028994
250,9,1,7/11/2022 17:00:00,292.413574219,0.002235282,1.745782852,-0.405672073,1.792296738028994
250,13,1,7/11/2022 17:00:00,292.413574219,0.002235282,1.745782852,-0.405672073,1.792296738028994
250,4,1,7/11/2022 17:00:00,292.413574219,0.002235282,1.745782852,-0.405672073,1.792296738028994
250,15,1,7/11/2022 18:00:00,283.752197266,0.005854547,-1.296386719,-0.024642944,1.296620916030808
250,8,1,7/11/2022 18:00:00,283.752197266,0.005854547,-1.296386719,-0.024642944,1.296620916030808
250,11,1,7/11/2022 18:00:00,283.752197266,0.005854547,-1.296386719,-0.024642944,1.296620916030808
250,14,1,7/11/2022 18:00:00,283.752197266,0.005854547,-1.296386719,-0.024642944,1.296620916030808
250,10,1,7/11/2022 19:00:00,291.380126953,1.091e-6,2.041915894,-0.195360184,2.051240141880597
250,7,1,7/11/2022 19:00:00,291.380126953,1.091e-6,2.041915894,-0.195360184,2.051240141880597
250,3,1,7/11/2022 19:00:00,291.380126953,1.091e-6,2.041915894,-0.195360184,2.051240141880597
250,6,1,7/11/2022 18:00:00,283.752197266,0.005854547,-1.296386719,-0.024642944,1.296620916030808
250,7,2,9/2/2022 19:00:00,286.931640625,1.2162e-5,-1.018157959,0.574554443,1.169084444104054
250,3,2,9/2/2022 21:00:00,282.834228516,0,1.786392212,0.024200439,1.786556127397638
250,12,2,9/2/2022 16:00:00,277.545898438,8.52e-7,-0.390213013,0.791291237,0.882274343539201
250,10,2,9/2/2022 17:00:00,280.126464844,0,-0.043762207,-0.081751823,0.09272805036953
250,14,2,9/2/2022 17:00:00,280.126464844,0,-0.043762207,-0.081751823,0.09272805036953
250,2,2,9/2/2022 17:00:00,280.126464844,0,-0.043762207,-0.081751823,0.09272805036953
250,8,2,9/2/2022 17:00:00,280.126464844,0,-0.043762207,-0.081751823,0.09272805036953
250,15,2,9/2/2022 18:00:00,290.375,1.729e-6,0.339996338,0.441095352,0.556922453676824
250,4,2,9/2/2022 18:00:00,290.375,1.729e-6,0.339996338,0.441095352,0.556922453676824
250,13,2,9/2/2022 18:00:00,290.375,1.729e-6,0.339996338,0.441095352,0.556922453676824
250,20,2,9/2/2022 20:00:00,267.100036621,0.001062974,1.05418396,1.051635742,1.48904048144205
250,21,2,9/2/2022 20:00:00,267.100036621,0.001062974,1.05418396,1.051635742,1.48904048144205
250,17,2,9/2/2022 20:00:00,267.100036621,0.001062974,1.05418396,1.051635742,1.48904048144205
250,18,2,9/2/2022 16:00:00,277.545898438,8.52e-7,-0.390213013,0.791291237,0.882274343539201
77,8,1,6/23/2022 21:00:00,290.677246094,0,1.396133423,0.709472656,1.566058742330374
77,12,1,6/23/2022 21:00:00,290.677246094,0,1.396133423,0.709472656,1.566058742330374
77,3,1,6/23/2022 21:00:00,290.677246094,0,1.396133423,0.709472656,1.566058742330374
77,11,1,6/23/2022 21:00:00,290.677246094,0,1.396133423,0.709472656,1.566058742330374
77,7,1,6/23/2022 21:00:00,290.677246094,0,1.396133423,0.709472656,1.566058742330374
77,13,1,6/23/2022 22:00:00,286.120605469,0,-0.507064819,-0.578734398,0.769446706468957
77,9,1,6/23/2022 22:00:00,286.120605469,0,-0.507064819,-0.578734398,0.769446706468957
77,5,1,6/23/2022 22:00:00,286.120605469,0,-0.507064819,-0.578734398,0.769446706468957
77,1,1,6/23/2022 22:00:00,286.120605469,0,-0.507064819,-0.578734398,0.769446706468957
77,2,1,6/23/2022 23:00:00,285.848632812,1.349e-6,1.768417358,0.738874435,1.916568648071931
77,10,1,6/23/2022 23:00:00,285.848632812,1.349e-6,1.768417358,0.738874435,1.916568648071931
77,6,1,6/23/2022 23:00:00,285.848632812,1.349e-6,1.768417358,0.738874435,1.916568648071931
77,14,1,6/23/2022 23:00:00,285.848632812,1.349e-6,1.768417358,0.738874435,1.916568648071931
77,4,1,6/24/2022 0:00:00,304.663330078,0,1.557815552,-1.142068863,1.931608288936237
77,15,1,6/24/2022 0:00:00,304.663330078,0,1.557815552,-1.142068863,1.931608288936237
69,13_transitional,1,6/22/2021 18:00:00,299.90625,0,-0.640762329,2.201613426,2.292962720981081
69,2_transitional,1,6/22/2021 18:00:00,299.943359375,0,-0.901504517,2.383254051,2.548060098541499
69,6_transitional,1,6/22/2021 19:00:00,293.482421875,5.2944e-5,-2.865402222,-2.984221458,4.137161781249336
69,14_transitional,1,6/22/2021 19:00:00,293.482421875,5.2944e-5,-2.865402222,-2.984221458,4.137161781249336
69,10_transitional,1,6/22/2021 20:00:00,295.381591797,7.72834e-4,-0.558654785,3.100204468,3.150136967214371
69,9_transitional,1,6/22/2021 20:00:00,295.418701172,7.37607e-4,-0.294006348,3.211532593,3.224962221261762
69,11_transitional,1,6/22/2021 22:00:00,286.850830078,8.55e-7,1.823181152,2.343261719,2.968983832347169
69,4_transitional,1,6/22/2021 22:00:00,286.850830078,8.55e-7,1.823181152,2.343261719,2.968983832347169
69,5_transitional,1,6/22/2021 23:00:00,292.844238281,0,0.073364258,-3.716583252,3.71730727589189
69,1_transitional,1,6/22/2021 23:00:00,292.844238281,0,0.073364258,-3.716583252,3.71730727589189
69,15_transitional,1,6/22/2021 23:00:00,292.844238281,0,0.073364258,-3.716583252,3.71730727589189
69,12_transitional,1,6/22/2021 21:00:00,295.968505859,8.53e-7,-2.473632812,1.689941406,2.995790587527153
69,3_transitional,1,6/22/2021 21:00:00,295.968505859,8.53e-7,-2.473632812,1.689941406,2.995790587527153
69,7_transitional,1,6/22/2021 22:00:00,286.944580078,8.55e-7,1.678649902,2.500488281,3.011695060410822
78,15,1,7/26/2021 15:00:00,308.654052734,2.152e-6,1.915817261,0.969497681,2.147156615389274
78,5,1,7/26/2021 15:00:00,308.654052734,2.152e-6,1.915817261,0.969497681,2.147156615389274
78,27,1,7/26/2021 15:00:00,308.654052734,2.152e-6,1.915817261,0.969497681,2.147156615389274
78,2,1,7/26/2021 14:00:00,299.047119141,0.009806554,2.85383606,-5.033751488,5.786452652558261
78,19,1,7/26/2021 14:00:00,299.047119141,0.009806554,2.85383606,-5.033751488,5.786452652558261
78,10,1,7/26/2021 14:00:00,299.047119141,0.009806554,2.85383606,-5.033751488,5.786452652558261
231,4,1,7/13/2021 18:00:00,295.443115234,1.153e-6,-2.607208252,5.060012817,5.692210869029815
231,7,1,7/13/2021 18:00:00,295.443115234,1.153e-6,-2.607208252,5.060012817,5.692210869029815
231,24,1,7/13/2021 19:00:00,292.639404297,0,-2.028305054,-1.932200432,2.801324669063357
231,20,1,7/13/2021 19:00:00,292.235107422,0,-1.866195679,-1.858958244,2.634086571328633
231,21,1,7/13/2021 19:00:00,292.235107422,0,-1.866195679,-1.858958244,2.634086571328633
231,25,1,7/13/2021 19:00:00,292.235107422,0,-1.866195679,-1.858958244,2.634086571328633
231,19,1,7/13/2021 20:00:00,280.474609375,0,-1.403381348,1.935385704,2.390647826669974
231,18,1,7/13/2021 20:00:00,280.474609375,0,-1.403381348,1.935385704,2.390647826669974
231,22,1,7/13/2021 20:00:00,280.474609375,0,-1.403381348,1.935385704,2.390647826669974
231,23,1,7/13/2021 20:00:00,280.474609375,0,-1.403381348,1.935385704,2.390647826669974
231,3,1,7/13/2021 17:00:00,291.311279297,6.2317e-5,-0.146011353,-1.968551636,1.973959183672035
231,5,1,7/13/2021 17:00:00,291.311279297,6.2317e-5,-0.146011353,-1.968551636,1.973959183672035
231,1,1,7/13/2021 17:00:00,291.311279297,6.2317e-5,-0.146011353,-1.968551636,1.973959183672035
231,6,1,7/13/2021 17:00:00,291.311279297,6.2317e-5,-0.146011353,-1.968551636,1.973959183672035
231,2,1,7/13/2021 18:00:00,295.560302734,1.399e-6,-2.607208252,4.855911255,5.511570464552963
69,8_lacustrine,1,6/23/2021 19:00:00,292.978759766,1.296e-6,-4.733215332,0.042114258,4.733402686208597
69,16_lacustrine,1,6/23/2021 19:00:00,292.978759766,1.296e-6,-4.733215332,0.042114258,4.733402686208597
69,4_lacustrine,1,6/23/2021 20:00:00,297.337890625,3.749e-6,-1.207962036,3.97099781,4.150662102296701
69,11_lacustrine,1,6/23/2021 20:00:00,297.337890625,3.749e-6,-1.207962036,3.97099781,4.150662102296701
69,21_lacustrine,1,6/23/2021 20:00:00,297.337890625,3.749e-6,-1.207962036,3.97099781,4.150662102296701
69,24_lacustrine,1,6/23/2021 21:00:00,306.911621094,0.001189911,-4.543182373,3.219704628,5.568393302012936
69,3_lacustrine,1,6/23/2021 21:00:00,306.911621094,0.001189911,-4.543182373,3.219704628,5.568393302012936
69,23_lacustrine,1,6/23/2021 20:00:00,297.345703125,3.272e-6,-1.128860474,4.040333748,4.195071246711697
69,10_lacustrine,1,6/23/2021 20:00:00,297.345703125,3.272e-6,-1.128860474,4.040333748,4.195071246711697
69,6_lacustrine,1,6/23/2021 21:00:00,307.163574219,9.85691e-4,-4.617401123,3.129860878,5.5782095914654
69,17_lacustrine,1,6/23/2021 21:00:00,307.163574219,9.85691e-4,-4.617401123,3.129860878,5.5782095914654
69,14_lacustrine,1,6/23/2021 21:00:00,307.163574219,9.85691e-4,-4.617401123,3.129860878,5.5782095914654
69,20_lacustrine,1,6/23/2021 22:00:00,297.629150391,0.005883574,-4.381753922,1.548439026,4.647303610719038
69,15_lacustrine,1,6/23/2021 22:00:00,297.629150391,0.005883574,-4.381753922,1.548439026,4.647303610719038
69,2_lacustrine,1,6/23/2021 22:00:00,297.629150391,0.005883574,-4.381753922,1.548439026,4.647303610719038
69,7_lacustrine,1,6/23/2021 23:00:00,303.895263672,2.5786e-5,-2.42565918,5.307785034,5.835786530080813
69,18_lacustrine,1,6/23/2021 23:00:00,303.895263672,2.5786e-5,-2.42565918,5.307785034,5.835786530080813
69,12_lacustrine,1,6/24/2021 0:00:00,303.046875,0.007890651,-2.885284424,1.807893753,3.404900296559862
69,30_lacustrine,1,6/24/2021 0:00:00,303.046875,0.007890651,-2.885284424,1.807893753,3.404900296559862
69,26_lacustrine,1,6/24/2021 1:00:00,295.048095703,0,-2.79750061,2.847827911,3.992008701596352
253,2,1,7/24/2018 23:00:00,294.923828125,0,0.339508057,-0.793197632,0.862802529075062
253,34,1,7/24/2018 23:00:00,294.923828125,0,0.339508057,-0.793197632,0.862802529075062
253,10,1,7/24/2018 18:00:00,300.067626953,2.75078e-4,-0.08972168,-1.685134888,1.687521724487361
253,32,1,7/24/2018 22:00:00,291.267578125,4.5058e-5,-0.797927856,-0.795830727,1.126958477237784
253,36,1,7/24/2018 22:00:00,291.267578125,4.5058e-5,-0.797927856,-0.795830727,1.126958477237784
253,9,1,7/24/2018 22:00:00,291.267578125,4.5058e-5,-0.797927856,-0.795830727,1.126958477237784
253,1,1,7/24/2018 18:00:00,300.067626953,2.75078e-4,-0.08972168,-1.685134888,1.687521724487361
253,5,1,7/24/2018 18:00:00,300.067626953,2.75078e-4,-0.08972168,-1.685134888,1.687521724487361
69,5_lacustrine,1,6/23/2021 17:00:00,297.048095703,4.8464e-5,-0.034011841,1.24168396,1.242149693816929
69,1_lacustrine,1,6/23/2021 18:00:00,277.497558594,8.55e-7,-0.390350342,9.685346603,9.693209592789334
69,22_lacustrine,1,6/23/2021 18:00:00,277.497558594,8.55e-7,-0.390350342,9.685346603,9.693209592789334
69,9_lacustrine,1,6/23/2021 18:00:00,277.497558594,8.55e-7,-0.390350342,9.685346603,9.693209592789334
69,19_lacustrine,1,6/23/2021 19:00:00,293.160400391,1.296e-6,-4.906555176,-0.076049805,4.907144512644082
239,1,1,7/26/2018 17:00:00,288.587158203,0,0.661575317,-0.574890137,0.876459108962608
239,2,1,7/26/2018 16:00:00,300.502197266,3.272e-6,-0.967605591,2.643188477,2.814730165518542
239,3,1,7/26/2018 17:00:00,288.587158203,0,0.661575317,-0.574890137,0.876459108962608
239,4,1,7/26/2018 18:00:00,283.30859375,0,1.624847412,-0.380867004,1.668888488491377
239,5,1,7/26/2018 17:00:00,288.587158203,0,0.661575317,-0.574890137,0.876459108962608
239,6,1,7/26/2018 17:00:00,288.587158203,0,0.661575317,-0.574890137,0.876459108962608
239,7,1,7/26/2018 18:00:00,283.30859375,0,1.624847412,-0.380867004,1.668888488491377
239,8,1,7/26/2018 18:00:00,283.30859375,0,1.624847412,-0.380867004,1.668888488491377
239,9,1,7/26/2018 16:00:00,300.502197266,3.272e-6,-0.967605591,2.643188477,2.814730165518542
239,10,1,7/26/2018 18:00:00,283.30859375,0,1.624847412,-0.380867004,1.668888488491377
239,31,1,7/26/2018 19:00:00,279.131835938,0.002729893,0.531967163,-0.459854126,0.703174857136895
239,32,1,7/26/2018 19:00:00,279.131835938,0.002729893,0.531967163,-0.459854126,0.703174857136895
239,33,1,7/26/2018 20:00:00,292.310546875,0,1.506881714,-1.28036499,1.977378822483258
239,34,1,7/26/2018 20:00:00,292.310546875,0,1.506881714,-1.28036499,1.977378822483258
239,35,1,7/26/2018 20:00:00,292.310546875,0,1.506881714,-1.28036499,1.977378822483258
75,3,1,7/10/2021 19:00:00,299.367919922,7.37339e-4,2.774917603,4.947587967,5.672635577458017
75,14,1,7/10/2021 19:00:00,299.367919922,7.37339e-4,2.774917603,4.947587967,5.672635577458017
75,7,1,7/10/2021 19:00:00,299.367919922,7.37339e-4,2.774917603,4.947587967,5.672635577458017
75,10,1,7/10/2021 19:00:00,299.367919922,7.37339e-4,2.774917603,4.947587967,5.672635577458017
75,6,1,7/10/2021 19:00:00,299.367919922,7.37339e-4,2.774917603,4.947587967,5.672635577458017
75,5,1,7/10/2021 18:00:00,289.419189453,0,2.473388672,0.854980469,2.616991235206833
75,1,1,7/10/2021 18:00:00,289.419189453,0,2.473388672,0.854980469,2.616991235206833
75,2,1,7/10/2021 19:00:00,299.342529297,7.73847e-4,2.34034729,5.321611404,5.813499236517814
75,9,1,7/10/2021 19:00:00,299.342529297,7.73847e-4,2.34034729,5.321611404,5.813499236517814
75,13,1,7/10/2021 20:00:00,296.334472656,8.61e-7,0.503005981,-1.894281387,1.959927802256097
75,15,1,7/10/2021 20:00:00,296.334472656,8.61e-7,0.503005981,-1.894281387,1.959927802256097
75,4,1,7/10/2021 20:00:00,296.334472656,8.61e-7,0.503005981,-1.894281387,1.959927802256097
75,8,1,7/10/2021 20:00:00,296.334472656,8.61e-7,0.503005981,-1.894281387,1.959927802256097
75,11,1,7/10/2021 20:00:00,296.334472656,8.61e-7,0.503005981,-1.894281387,1.959927802256097
75,12,1,7/10/2021 17:00:00,295.879882812,4.26e-7,0.094009399,-3.959289551,3.960405473655206
238,1,1,7/7/2020 21:00:00,303.897949219,0,2.358383179,-0.887123108,2.519713997210344
238,2,1,7/7/2020 19:00:00,295.490234375,0,-0.670928955,-3.161102295,3.231518742342625
238,3,1,7/7/2020 20:00:00,288.065673828,0,1.99269104,-1.333724976,2.397840672876845
238,4,1,7/7/2020 21:00:00,303.897949219,0,2.358383179,-0.887123108,2.519713997210344
238,5,1,7/7/2020 21:00:00,303.897949219,0,2.358383179,-0.887123108,2.519713997210344
238,6,1,7/7/2020 21:00:00,304.034667969,0,2.637680054,-0.768959045,2.747481406699007
238,7,1,7/7/2020 20:00:00,288.065673828,0,1.99269104,-1.333724976,2.397840672876845
238,8,1,7/7/2020 22:00:00,294.232421875,1.45763e-4,1.613021851,-1.118103027,1.962649706593112
238,9,1,7/7/2020 21:00:00,303.897949219,0,2.358383179,-0.887123108,2.519713997210344
238,10,1,7/7/2020 19:00:00,295.634765625,0,-0.80178833,-3.32321167,3.418566999452896
238,31,1,7/7/2020 20:00:00,288.065673828,0,1.99269104,-1.333724976,2.397840672876845
238,32,1,7/7/2020 20:00:00,288.065673828,0,1.99269104,-1.333724976,2.397840672876845
238,33,1,7/7/2020 18:00:00,290.575195312,0,-0.750213623,0.059705734,0.752585712598416
238,34,1,7/7/2020 18:00:00,291.028320312,0,-0.535369873,-0.160020828,0.558773269143972
238,35,1,7/7/2020 19:00:00,295.490234375,0,-0.670928955,-3.161102295,3.231518742342625
70,9_riverine,1,6/28/2021 22:00:00,298.919677734,8.62e-7,-2.672725677,3.810367584,4.654284442284668
70,1_riverine,1,6/28/2021 22:00:00,298.919677734,8.62e-7,-2.672725677,3.810367584,4.654284442284668
70,6_riverine,1,6/28/2021 22:00:00,298.919677734,8.62e-7,-2.672725677,3.810367584,4.654284442284668
70,2_riverine,1,6/28/2021 22:00:00,298.919677734,8.62e-7,-2.672725677,3.810367584,4.654284442284668
70,14_riverine,1,6/28/2021 21:00:00,305.590332031,0,-2.726837158,3.883605957,4.745317282911165
70,13_riverine,1,6/28/2021 21:00:00,305.590332031,0,-2.726837158,3.883605957,4.745317282911165
70,7_riverine,1,6/28/2021 21:00:00,305.479003906,0,-2.677032471,3.89239502,4.724112810095581
70,3_riverine,1,6/28/2021 21:00:00,305.479003906,0,-2.677032471,3.89239502,4.724112810095581
70,10_riverine,1,6/28/2021 21:00:00,305.590332031,0,-2.726837158,3.883605957,4.745317282911165
240,1,1,6/17/2021 14:00:00,294.409179688,4.35e-7,0.622116089,-0.654998779,0.903355870454245
240,10,1,6/17/2021 14:00:00,294.409179688,4.35e-7,0.622116089,-0.654998779,0.903355870454245
240,5,1,6/17/2021 15:00:00,293.281982422,0,2.255264282,0.214126587,2.265406625073134
240,2,1,6/17/2021 14:00:00,294.409179688,4.35e-7,0.622116089,-0.654998779,0.903355870454245
240,13,1,6/17/2021 15:00:00,293.281982422,0,2.255264282,0.214126587,2.265406625073134
240,6,1,6/17/2021 15:00:00,293.281982422,0,2.255264282,0.214126587,2.265406625073134
240,4,1,6/17/2021 15:00:00,293.281982422,0,2.255264282,0.214126587,2.265406625073134
240,11,1,6/17/2021 16:00:00,282.442138672,8.741e-5,2.043380737,-0.566070557,2.120339763303267
240,3,1,6/17/2021 16:00:00,282.442138672,8.741e-5,2.043380737,-0.566070557,2.120339763303267
240,14,1,6/17/2021 16:00:00,282.442138672,8.741e-5,2.043380737,-0.566070557,2.120339763303267
240,7,1,6/17/2021 16:00:00,282.442138672,8.741e-5,2.043380737,-0.566070557,2.120339763303267
240,8,1,6/17/2021 17:00:00,301.832763672,2.145e-6,-3.477874756,-0.999343872,3.618604840670781
240,12,1,6/17/2021 17:00:00,301.832763672,2.145e-6,-3.477874756,-0.999343872,3.618604840670781
240,16,1,6/17/2021 17:00:00,301.832763672,2.145e-6,-3.477874756,-0.999343872,3.618604840670781
240,15,1,6/17/2021 14:00:00,294.409179688,4.35e-7,0.622116089,-0.654998779,0.903355870454245
70,8_riverine,1,6/28/2021 20:00:00,291.018798828,0.003056654,-1.069610596,4.505228996,4.630459494853037
70,4_riverine,1,6/28/2021 20:00:00,291.018798828,0.003056654,-1.069610596,4.505228996,4.630459494853037
70,12_riverine,1,6/28/2021 20:00:00,291.018798828,0.003056654,-1.069610596,4.505228996,4.630459494853037
70,15_riverine,1,6/28/2021 20:00:00,291.018798828,0.003056654,-1.069610596,4.505228996,4.630459494853037
233,3,1,6/2/2021 15:00:00,295.587158203,6.54601e-4,-0.140625,1.542022705,1.548421587733947
233,5,1,6/2/2021 14:00:00,294.385498047,0,-0.403717041,1.949802399,1.991159673240685
233,2,1,6/2/2021 14:00:00,294.385498047,0,-0.403717041,1.949802399,1.991159673240685
233,6,1,6/2/2021 15:00:00,295.587158203,6.54601e-4,-0.140625,1.542022705,1.548421587733947
233,19,1,6/2/2021 15:00:00,295.587158203,6.54601e-4,-0.140625,1.542022705,1.548421587733947
233,23,1,6/2/2021 15:00:00,295.587158203,6.54601e-4,-0.140625,1.542022705,1.548421587733947
233,21,1,6/2/2021 17:00:00,294.338378906,0,1.443969727,2.142974854,2.584064588466933
233,25,1,6/2/2021 17:00:00,294.338378906,0,1.443969727,2.142974854,2.584064588466933
233,20,1,6/2/2021 17:00:00,294.338378906,0,1.443969727,2.142974854,2.584064588466933
233,17,1,6/2/2021 16:00:00,292.1171875,0,1.59954834,-0.322838783,1.63180261422933
233,24,1,6/2/2021 16:00:00,292.1171875,0,1.59954834,-0.322838783,1.63180261422933
233,16,1,6/2/2021 16:00:00,292.1171875,0,1.59954834,-0.322838783,1.63180261422933
233,22,1,6/2/2021 16:00:00,292.1171875,0,1.59954834,-0.322838783,1.63180261422933
287,2,1,7/10/2020 17:00:00,284.227783203,1.729e-6,-0.300331116,-2.126113892,2.147221241743196
287,6,1,7/10/2020 17:00:00,284.227783203,1.729e-6,-0.300331116,-2.126113892,2.147221241743196
287,9,1,7/10/2020 16:00:00,295.440673828,4.7699e-5,1.265075684,-2.907175064,3.170502064183443
287,13,1,7/10/2020 16:00:00,295.022705078,5.1424e-5,1.009216309,-2.881784439,3.053391411400466
70,1_transitional,1,7/12/2021 20:00:00,273.734863281,0,3.628097534,2.042833328,4.163683432035202
237,2,1,6/3/2021 14:00:00,300.191894531,1.5274e-5,3.839614868,-2.930515289,4.830172066668993
237,4,1,6/3/2021 13:00:00,289.87890625,0,-1.599395752,0.122394562,1.604072068307038
237,5,1,6/3/2021 15:00:00,299.651855469,8.47e-7,-1.619812012,-2.537246704,3.010217897624415
237,6,1,6/3/2021 14:00:00,300.191894531,1.5274e-5,3.839614868,-2.930515289,4.830172066668993
237,8,1,6/3/2021 13:00:00,289.87890625,0,-1.599395752,0.122394562,1.604072068307038
237,11,1,6/3/2021 13:00:00,289.87890625,0,-1.599395752,0.122394562,1.604072068307038
237,12,1,6/3/2021 14:00:00,300.191894531,1.5274e-5,3.839614868,-2.930515289,4.830172066668993
237,15,1,6/3/2021 12:00:00,292.317138672,1.3892e-4,-0.183441162,1.68986702,1.699794459691992
237,16,1,6/3/2021 14:00:00,300.191894531,1.5274e-5,3.839614868,-2.930515289,4.830172066668993
237,17,1,6/3/2021 14:00:00,300.191894531,1.5274e-5,3.839614868,-2.930515289,4.830172066668993
237,18,1,6/3/2021 13:00:00,289.87890625,0,-1.599395752,0.122394562,1.604072068307038
237,19,1,6/3/2021 14:00:00,300.191894531,1.5274e-5,3.839614868,-2.930515289,4.830172066668993
237,20,1,6/3/2021 13:00:00,289.87890625,0,-1.599395752,0.122394562,1.604072068307038
237,21,1,6/3/2021 13:00:00,289.87890625,0,-1.599395752,0.122394562,1.604072068307038
287,3,1,7/10/2020 18:00:00,301.759033203,2.18892e-4,2.053421021,3.07170105,3.694845765394787
287,4,1,7/10/2020 18:00:00,301.399658203,1.29917e-4,1.767288208,2.623458862,3.163201544439144
287,10,1,7/10/2020 18:00:00,301.399658203,1.29917e-4,1.767288208,2.623458862,3.163201544439144
287,15,1,7/10/2020 18:00:00,301.399658203,1.29917e-4,1.767288208,2.623458862,3.163201544439144
70,14_transitional,1,7/12/2021 16:00:00,294.162109375,0,-3.207305908,1.620132446,3.593277101765691
70,7_transitional,1,7/12/2021 15:00:00,305.34765625,0,1.479003906,-4.100996017,4.359543655637952
70,3_transitional,1,7/12/2021 16:00:00,294.162109375,0,-3.207305908,1.620132446,3.593277101765691
70,25_transitional,1,7/12/2021 17:00:00,270.954345703,3.457e-6,-1.996047974,-0.262037277,2.013174371247329
70,8_transitional,1,7/12/2021 17:00:00,270.954345703,3.457e-6,-1.996047974,-0.262037277,2.013174371247329
70,12_transitional,1,7/12/2021 18:00:00,282.269287109,8.52e-7,-0.083465576,3.779266357,3.780187918547048
70,15_transitional,1,7/12/2021 18:00:00,282.269287109,8.52e-7,-0.083465576,3.779266357,3.780187918547048
70,4_transitional,1,7/12/2021 17:00:00,270.819580078,2.325e-6,-2.011672974,-0.099927902,2.014153355611267
70,2_transitional,1,7/12/2021 18:00:00,282.406005859,8.52e-7,-0.012176514,3.986297607,3.986316204099609
70,5_transitional,1,7/12/2021 20:00:00,274.182128906,0,3.562667847,1.805528641,3.994062576064492
70,13_transitional,1,7/12/2021 19:00:00,285.833374023,3.916e-5,-1.013549805,2.098493576,2.330441695415014
70,9_transitional,1,7/12/2021 19:00:00,285.833374023,3.916e-5,-1.013549805,2.098493576,2.330441695415014
70,10_transitional,1,7/12/2021 19:00:00,285.833374023,3.916e-5,-1.013549805,2.098493576,2.330441695415014
70,6_transitional,1,7/12/2021 19:00:00,285.833374023,3.916e-5,-1.013549805,2.098493576,2.330441695415014
287,7,1,7/10/2020 19:00:00,298.975097656,8.52e-7,1.359390259,-0.790360451,1.572453979857284
287,11,1,7/10/2020 20:00:00,289.447509766,0,-1.162704468,-1.243863106,1.702667644132327
287,14,1,7/10/2020 19:00:00,298.975097656,8.52e-7,1.359390259,-0.790360451,1.572453979857284
70,1_lacustrine,1,6/25/2021 17:00:00,301.068115234,4.295e-6,-4.29095459,-0.031080246,4.291067148756063
70,6_lacustrine,1,6/25/2021 19:00:00,295.793212891,8.3126e-5,0.634796143,-6.442855835,6.474052629826329
70,2_lacustrine,1,6/25/2021 17:00:00,301.068115234,4.295e-6,-4.29095459,-0.031080246,4.291067148756063
70,13_lacustrine,1,6/25/2021 17:00:00,301.068115234,4.295e-6,-4.29095459,-0.031080246,4.291067148756063
70,10_lacustrine,1,6/25/2021 16:00:00,295.124755859,0.007061154,1.82824707,-1.489916801,2.35846124048407
70,14_lacustrine,1,6/25/2021 16:00:00,293.097412109,0.010997429,-1.497924805,-0.473315239,1.570925216840036
70,12_lacustrine,1,6/24/2021 23:00:00,293.595947266,1.24574e-4,-0.515823364,-3.472568512,3.510670279787347
70,4_lacustrine,1,6/24/2021 23:00:00,293.595947266,1.24574e-4,-0.515823364,-3.472568512,3.510670279787347
70,15_lacustrine,1,6/25/2021 0:00:00,285.807128906,0,0.816818237,2.7109375,2.831320215235648
70,7_lacustrine,1,6/25/2021 0:00:00,285.807128906,0,0.816818237,2.7109375,2.831320215235648
70,8_lacustrine,1,6/25/2021 0:00:00,285.807128906,0,0.816818237,2.7109375,2.831320215235648
70,3_lacustrine,1,6/25/2021 0:00:00,285.807128906,0,0.816818237,2.7109375,2.831320215235648
70,11_lacustrine,1,6/25/2021 1:00:00,302.813720703,8.61e-7,-0.133148193,2.341720581,2.345502871620102
287,5,1,7/10/2020 21:00:00,291.090332031,0,-1.171432495,3.031259537,3.249736677177919
287,8,1,7/10/2020 20:00:00,289.037353516,0,-1.723251343,-1.863492012,2.538148472792542
287,12,1,7/10/2020 20:00:00,288.621337891,0,-1.62852478,-1.423550606,2.163004689527282
287,16,1,7/10/2020 21:00:00,291.090332031,0,-1.171432495,3.031259537,3.249736677177919
323,2,1,8/13/2018 17:00:00,286.120849609,8.58e-7,0.803619385,-1.93850708,2.098478928928738
323,3,1,8/13/2018 16:00:00,303.797119141,8.52e-7,-4.140075684,3.142458916,5.197622024348823
323,4,1,8/13/2018 15:00:00,298.951660156,0,1.644073486,-2.141561508,2.699863574315455
323,5,1,8/13/2018 17:00:00,286.120849609,8.58e-7,0.803619385,-1.93850708,2.098478928928738
323,6,1,8/13/2018 16:00:00,303.797119141,8.52e-7,-4.140075684,3.142458916,5.197622024348823
323,7,1,8/13/2018 16:00:00,303.797119141,8.52e-7,-4.140075684,3.142458916,5.197622024348823
323,8,1,8/13/2018 15:00:00,298.951660156,0,1.644073486,-2.141561508,2.699863574315455
323,9,1,8/13/2018 16:00:00,303.797119141,8.52e-7,-4.140075684,3.142458916,5.197622024348823
323,10,1,8/13/2018 16:00:00,303.797119141,8.52e-7,-4.140075684,3.142458916,5.197622024348823
323,31,1,8/13/2018 18:00:00,306.631347656,3.0211e-5,3.519638062,2.203824043,4.152672934386235
323,32,1,8/13/2018 17:00:00,286.120849609,8.58e-7,0.803619385,-1.93850708,2.098478928928738
323,33,1,8/13/2018 18:00:00,306.631347656,3.0211e-5,3.519638062,2.203824043,4.152672934386235
323,34,1,8/13/2018 18:00:00,306.631347656,3.0211e-5,3.519638062,2.203824043,4.152672934386235
323,35,1,8/13/2018 18:00:00,306.631347656,3.0211e-5,3.519638062,2.203824043,4.152672934386235
70,9_lacustrine,1,6/25/2021 20:00:00,299.90625,4.3184e-5,0.384307861,4.153503418,4.171244799261255
79,11,1,7/7/2021 14:00:00,296.270507812,0,1.111419678,4.921142578,5.045086517954882
79,10,1,7/7/2021 14:00:00,296.270507812,0,1.111419678,4.921142578,5.045086517954882
79,6,1,7/7/2021 14:00:00,296.270507812,0,1.111419678,4.921142578,5.045086517954882
79,12,1,7/7/2021 15:00:00,301.065673828,0,-2.36749649,1.592305183,2.853151840679178
79,8,1,7/7/2021 15:00:00,301.065673828,0,-2.36749649,1.592305183,2.853151840679178
79,15,1,7/7/2021 15:00:00,301.065673828,0,-2.36749649,1.592305183,2.853151840679178
79,4,1,7/7/2021 16:00:00,290.975585938,8.58e-7,1.822921753,-0.492935181,1.888393182106972
79,14,1,7/7/2021 16:00:00,290.975585938,8.58e-7,1.822921753,-0.492935181,1.888393182106972
79,3,1,7/7/2021 16:00:00,290.975585938,8.58e-7,1.822921753,-0.492935181,1.888393182106972
79,7,1,7/7/2021 16:00:00,290.975585938,8.58e-7,1.822921753,-0.492935181,1.888393182106972
79,9,1,7/7/2021 17:00:00,300.689453125,0.016246444,-0.704849243,0.279521942,0.758251258763956
79,13,1,7/7/2021 17:00:00,300.689453125,0.016246444,-0.704849243,0.279521942,0.758251258763956
79,1,1,7/7/2021 17:00:00,300.689453125,0.016246444,-0.704849243,0.279521942,0.758251258763956
79,5,1,7/7/2021 18:00:00,299.665771484,0,-0.258483887,4.645961761,4.653146742207133
79,16,1,7/7/2021 18:00:00,299.665771484,0,-0.258483887,4.645961761,4.653146742207133
236,6,1,6/4/2021 19:00:00,306.748291016,4.33e-7,3.627822876,-0.899693489,3.737719517804661
236,9,1,6/4/2021 19:00:00,306.748291016,4.33e-7,3.627822876,-0.899693489,3.737719517804661
236,3,1,6/4/2021 19:00:00,306.748291016,4.33e-7,3.627822876,-0.899693489,3.737719517804661
236,14,1,6/4/2021 18:00:00,256.032958984,2.7347e-5,-0.237060547,-5.020330429,5.025924324866748
236,10,1,6/4/2021 18:00:00,256.032958984,2.7347e-5,-0.237060547,-5.020330429,5.025924324866748
236,1,1,6/4/2021 18:00:00,256.032958984,2.7347e-5,-0.237060547,-5.020330429,5.025924324866748
236,5,1,6/4/2021 18:00:00,256.032958984,2.7347e-5,-0.237060547,-5.020330429,5.025924324866748
236,16,1,6/4/2021 18:00:00,256.032958984,2.7347e-5,-0.237060547,-5.020330429,5.025924324866748
236,4,1,6/4/2021 18:00:00,256.032958984,2.7347e-5,-0.237060547,-5.020330429,5.025924324866748
236,12,1,6/4/2021 17:00:00,292.153076172,0,-1.188964844,2.622299194,2.879251719305034
236,15,1,6/4/2021 17:00:00,292.153076172,0,-1.188964844,2.622299194,2.879251719305034
236,8,1,6/4/2021 17:00:00,292.153076172,0,-1.188964844,2.622299194,2.879251719305034
236,11,1,6/4/2021 17:00:00,292.153076172,0,-1.188964844,2.622299194,2.879251719305034
236,7,1,6/4/2021 17:00:00,292.153076172,0,-1.188964844,2.622299194,2.879251719305034
331,2,1,8/9/2018 19:00:00,294.421142578,8.58e-7,-0.56552124,0.441986084,0.717750633117654
331,3,1,8/9/2018 19:00:00,294.421142578,8.58e-7,-0.56552124,0.441986084,0.717750633117654
331,4,1,8/9/2018 17:00:00,307.921386719,4.17e-7,2.097076416,1.652359009,2.669835161422305
331,5,1,8/9/2018 17:00:00,307.921386719,4.17e-7,2.097076416,1.652359009,2.669835161422305
331,7,1,8/9/2018 18:00:00,291.547363281,0,-1.664794922,-0.625693321,1.778492132189793
331,8,1,8/9/2018 17:00:00,307.921386719,4.17e-7,2.097076416,1.652359009,2.669835161422305
331,9,1,8/9/2018 20:00:00,297.161621094,8.55e-7,0.089538574,0.718366623,0.723925245639615
331,17,1,8/9/2018 20:00:00,297.161621094,8.55e-7,0.089538574,0.718366623,0.723925245639615
331,18,1,8/9/2018 19:00:00,294.421142578,8.58e-7,-0.56552124,0.441986084,0.717750633117654
331,20,1,8/9/2018 18:00:00,291.547363281,0,-1.664794922,-0.625693321,1.778492132189793
331,22,1,8/9/2018 16:00:00,303.229492188,0,3.772094727,1.220458984,3.964620884912896
331,24,1,8/9/2018 16:00:00,303.229492188,0,3.772094727,1.220458984,3.964620884912896
331,26,1,8/9/2018 18:00:00,291.547363281,0,-1.664794922,-0.625693321,1.778492132189793
65,15,1,8/31/2022 15:00:00,290.389648438,0.010992795,-0.573623657,2.559066772,2.62256874903682
65,20,1,8/31/2022 15:00:00,290.389648438,0.010992795,-0.573623657,2.559066772,2.62256874903682
51,2,1,8/16/2022 15:00:00,289.090332031,0.00054615900000000005,-1.454421997,0.900695801,1.710729748176637
51,3,1,8/16/2022 16:00:00,306.386962891,0,2.548019409,0.674377441,2.63575185508242
51,16,1,8/16/2022 16:00:00,306.386962891,0,2.548019409,0.674377441,2.63575185508242
51,10,1,8/16/2022 16:00:00,306.386962891,0,2.548019409,0.674377441,2.63575185508242
51,18,1,8/16/2022 19:00:00,295.963378906,2.94405e-4,1.010772705,3.779501915,3.912326186127849
51,6,1,8/16/2022 19:00:00,295.963378906,2.94405e-4,1.010772705,3.779501915,3.912326186127849
51,8,1,8/16/2022 19:00:00,295.963378906,2.94405e-4,1.010772705,3.779501915,3.912326186127849
51,13,1,8/16/2022 20:00:00,300.131591797,3.91233e-4,1.405532837,1.07824707,1.771479409942112
51,4,1,8/16/2022 20:00:00,300.131591797,3.91233e-4,1.405532837,1.07824707,1.771479409942112
65,7,1,8/31/2022 16:00:00,294.50390625,8.84429e-4,0.064788818,3.184631348,3.185290318574138
65,18,1,8/31/2022 16:00:00,294.50390625,8.84429e-4,0.064788818,3.184631348,3.185290318574138
65,21,1,8/31/2022 16:00:00,294.50390625,8.84429e-4,0.064788818,3.184631348,3.185290318574138
65,14,1,8/31/2022 17:00:00,301.676757812,1.89289e-4,0.256622314,1.640847206,1.660793354237884
65,17,1,8/31/2022 17:00:00,301.676757812,1.89289e-4,0.256622314,1.640847206,1.660793354237884
65,28,1,8/31/2022 18:00:00,294.703125,0,1.303192139,-1.184814453,1.761276536830342
65,31,1,8/31/2022 19:00:00,289.708984375,5.15908e-4,-1.423919678,2.212203979,2.630854175757192
65,10,1,8/31/2022 19:00:00,289.708984375,5.15908e-4,-1.423919678,2.212203979,2.630854175757192
65,12,1,8/31/2022 19:00:00,289.708984375,5.15908e-4,-1.423919678,2.212203979,2.630854175757192
65,25,1,8/31/2022 19:00:00,289.708984375,5.15908e-4,-1.423919678,2.212203979,2.630854175757192
65,29,1,8/31/2022 14:00:00,292.146240234,0,1.102493286,0.904186249,1.425848595944102
65,8,1,8/31/2022 18:00:00,294.703125,0,1.303192139,-1.184814453,1.761276536830342
51,9,1,8/16/2022 15:00:00,289.090332031,0.00054615900000000005,-1.454421997,0.900695801,1.710729748176637
51,22,1,8/16/2022 17:00:00,293.089111328,0.002863806,0.573440552,0.338577271,0.665934407517641
51,19,1,8/16/2022 17:00:00,293.089111328,0.002863806,0.573440552,0.338577271,0.665934407517641
51,7,1,8/16/2022 17:00:00,293.089111328,0.002863806,0.573440552,0.338577271,0.665934407517641
51,11,1,8/16/2022 18:00:00,293.547119141,0.001930669,3.674606323,-0.701583862,3.740982697694606
51,17,1,8/16/2022 18:00:00,293.547119141,0.001930669,3.674606323,-0.701583862,3.740982697694606
249,2,1,7/30/2020 17:00:00,281.605712891,0,0.667297363,-0.582725525,0.885920317045094
249,3,1,7/30/2020 17:00:00,281.312744141,0,0.661437988,-0.749717712,0.999788407442296
249,4,1,7/30/2020 16:00:00,288.5390625,8.52e-7,-0.601776123,-0.294482231,0.66996588464462
249,6,1,7/30/2020 16:00:00,288.5390625,8.52e-7,-0.601776123,-0.294482231,0.66996588464462
249,8,1,7/30/2020 15:00:00,291.441894531,8.57e-7,-0.735580444,0.353197098,0.81598209516561
249,9,1,7/30/2020 17:00:00,281.312744141,0,0.661437988,-0.749717712,0.999788407442296
249,10,1,7/30/2020 17:00:00,281.605712891,0,0.667297363,-0.582725525,0.885920317045094
249,11,1,7/30/2020 17:00:00,281.605712891,0,0.667297363,-0.582725525,0.885920317045094
249,12,1,7/30/2020 15:00:00,291.504394531,8.57e-7,-0.336166382,-0.096998215,0.349880679804067
249,13,1,7/30/2020 18:00:00,300.458496094,4.41e-7,1.346206665,-0.861032486,1.598014182301822
249,14,1,7/30/2020 18:00:00,300.544433594,4.41e-7,1.03956604,0.011037827,1.039624636657945
302,1,1,8/11/2018 17:00:00,301.010009766,6.4623e-5,1.546386719,-0.745108604,1.716536838070892
302,2,1,8/11/2018 19:00:00,293.455566406,0,-0.153884888,1.808116913,1.814653501314072
302,3,1,8/11/2018 18:00:00,296.493652344,6.4325e-5,-0.411514282,-0.07482338,0.418261332762903
302,4,1,8/11/2018 18:00:00,296.493652344,6.4325e-5,-0.411514282,-0.07482338,0.418261332762903
302,5,1,8/11/2018 17:00:00,301.010009766,6.4623e-5,1.546386719,-0.745108604,1.716536838070892
302,6,1,8/11/2018 19:00:00,293.455566406,0,-0.153884888,1.808116913,1.814653501314072
302,7,1,8/11/2018 18:00:00,296.493652344,6.4325e-5,-0.411514282,-0.07482338,0.418261332762903
302,8,1,8/11/2018 18:00:00,296.493652344,6.4325e-5,-0.411514282,-0.07482338,0.418261332762903
302,10,1,8/11/2018 19:00:00,293.455566406,0,-0.153884888,1.808116913,1.814653501314072
302,31,1,8/11/2018 17:00:00,301.010009766,6.4623e-5,1.546386719,-0.745108604,1.716536838070892
302,32,1,8/11/2018 16:00:00,305.8046875,5.4952e-5,1.83921814,0.937820435,2.064517022164906
302,33,1,8/11/2018 16:00:00,305.8046875,5.4952e-5,1.83921814,0.937820435,2.064517022164906
302,34,1,8/11/2018 16:00:00,305.8046875,5.4952e-5,1.83921814,0.937820435,2.064517022164906
249,5,1,7/30/2020 18:00:00,300.544433594,4.41e-7,1.03956604,0.011037827,1.039624636657945
249,35,1,7/30/2020 15:00:00,291.504394531,8.57e-7,-0.336166382,-0.096998215,0.349880679804067
249,36,1,7/30/2020 15:00:00,291.504394531,8.57e-7,-0.336166382,-0.096998215,0.349880679804067
249,37,1,7/30/2020 15:00:00,291.504394531,8.57e-7,-0.336166382,-0.096998215,0.349880679804067
155,22,1,6/14/2021 9:00:00,283.591308594,7.38338e-4,-2.05657959,2.391204834,3.153946760512856
234,1,1,9/2/2020 18:00:00,287.883300781,0,2.223724365,-1.073150635,2.469129874448802
234,3,1,9/2/2020 17:00:00,293.905273438,0,-2.611022949,0.569471359,2.672403126200455
234,4,1,9/2/2020 17:00:00,293.905273438,0,-2.611022949,0.569471359,2.672403126200455
234,14,1,9/2/2020 16:00:00,292.441162109,1.28314e-4,-2.528366089,-0.8256073,2.659748577181393
234,17,1,9/2/2020 16:00:00,292.441162109,1.28314e-4,-2.528366089,-0.8256073,2.659748577181393
234,18,1,9/2/2020 17:00:00,293.905273438,0,-2.611022949,0.569471359,2.672403126200455
234,20,1,9/2/2020 16:00:00,292.441162109,1.28314e-4,-2.528366089,-0.8256073,2.659748577181393
234,21,1,9/2/2020 16:00:00,292.441162109,1.28314e-4,-2.528366089,-0.8256073,2.659748577181393
234,22,1,9/2/2020 17:00:00,294.110351562,0,-2.519226074,0.737440109,2.62494150911661
234,24,1,9/2/2020 15:00:00,289.473144531,0,-2.81741333,-0.035890579,2.817641922906926
234,25,1,9/2/2020 17:00:00,294.110351562,0,-2.519226074,0.737440109,2.62494150911661
328,1,1,7/20/2022 20:00:00,296.912841797,0,3.488250732,-0.927947998,3.609567932078678
328,9,1,7/20/2022 20:00:00,296.912841797,0,3.488250732,-0.927947998,3.609567932078678
328,13,1,7/20/2022 19:00:00,277.1796875,1.285e-6,-2.120056152,0.317779541,2.143740171828484
328,5,1,7/20/2022 19:00:00,277.1796875,1.285e-6,-2.120056152,0.317779541,2.143740171828484
328,2,1,7/20/2022 19:00:00,277.1796875,1.285e-6,-2.120056152,0.317779541,2.143740171828484
328,16,1,7/20/2022 19:00:00,277.1796875,1.285e-6,-2.120056152,0.317779541,2.143740171828484
328,12,1,7/20/2022 19:00:00,277.1796875,1.285e-6,-2.120056152,0.317779541,2.143740171828484
57,26,1,7/26/2023 16:00:00,295.817382812,0,1.822494507,-0.557580948,1.905881093252607
57,17,1,7/26/2023 16:00:00,295.817382812,0,1.822494507,-0.557580948,1.905881093252607
57,21,1,7/26/2023 16:00:00,295.817382812,0,1.822494507,-0.557580948,1.905881093252607
57,18,1,7/26/2023 17:00:00,298.5234375,0.002615744,-0.443954468,3.62689209,3.653962479577716
57,27,1,7/26/2023 17:00:00,298.5234375,0.002615744,-0.443954468,3.62689209,3.653962479577716
57,24,1,7/26/2023 18:00:00,295.672363281,3.03793e-4,1.972427368,0.192501068,1.981798774653105
57,28,1,7/26/2023 18:00:00,295.672363281,3.03793e-4,1.972427368,0.192501068,1.981798774653105
57,19,1,7/26/2023 18:00:00,295.672363281,3.03793e-4,1.972427368,0.192501068,1.981798774653105
57,1,1,7/26/2023 18:00:00,295.672363281,3.03793e-4,1.972427368,0.192501068,1.981798774653105
57,6,1,7/26/2023 19:00:00,296.367431641,4.33e-7,-0.170120239,2.296923637,2.303214946531635
57,5,1,7/26/2023 20:00:00,298.502197266,2.152e-6,0.959442139,-0.143943787,0.970179896671126
57,2,1,7/26/2023 20:00:00,298.502197266,2.152e-6,0.959442139,-0.143943787,0.970179896671126
57,3,1,7/26/2023 20:00:00,298.502197266,2.152e-6,0.959442139,-0.143943787,0.970179896671126
57,4,1,7/26/2023 20:00:00,298.502197266,2.152e-6,0.959442139,-0.143943787,0.970179896671126
66,16,1,6/24/2022 16:00:00,301.654296875,4.649e-6,1.989181519,-0.025039673,1.989339111553154
66,8,1,6/24/2022 16:00:00,301.654296875,4.649e-6,1.989181519,-0.025039673,1.989339111553154
66,1,1,6/24/2022 16:00:00,301.654296875,4.649e-6,1.989181519,-0.025039673,1.989339111553154
66,17,1,6/24/2022 17:00:00,297.081298828,3.0309e-5,1.43296814,0.147796631,1.440569864459898
66,2,1,6/24/2022 17:00:00,297.081298828,3.0309e-5,1.43296814,0.147796631,1.440569864459898
66,18,1,6/24/2022 17:00:00,297.081298828,3.0309e-5,1.43296814,0.147796631,1.440569864459898
66,13,1,6/24/2022 18:00:00,291.707763672,1.3545e-5,1.944854736,-1.395233154,2.393561258493799
66,10,1,6/24/2022 19:00:00,298.473632812,7.242e-6,0.934707642,1.84147644,2.065118363457231
66,6,1,6/24/2022 19:00:00,298.473632812,7.242e-6,0.934707642,1.84147644,2.065118363457231
66,14,1,6/24/2022 20:00:00,299.442138672,0.001657966,-2.731140137,0.095193863,2.732798624027252
66,9,1,6/24/2022 20:00:00,299.442138672,0.001657966,-2.731140137,0.095193863,2.732798624027252
66,15,1,6/24/2022 20:00:00,299.442138672,0.001657966,-2.731140137,0.095193863,2.732798624027252
66,11,1,6/24/2022 21:00:00,297.706054688,0,1.974655151,1.711127281,2.612894857653726
155,17,1,6/14/2021 9:00:00,283.591308594,7.38338e-4,-2.05657959,2.391204834,3.153946760512856
155,16,1,6/14/2021 8:00:00,294.125,6.659e-5,-3.20123291,3.132616997,4.478971019549062
155,20,1,6/14/2021 8:00:00,294.125,6.659e-5,-3.20123291,3.132616997,4.478971019549062
155,24,1,6/14/2021 8:00:00,294.125,6.659e-5,-3.20123291,3.132616997,4.478971019549062
155,23,1,6/14/2021 8:00:00,294.125,6.659e-5,-3.20123291,3.132616997,4.478971019549062
155,25,1,6/14/2021 8:00:00,294.125,6.659e-5,-3.20123291,3.132616997,4.478971019549062
155,19,1,6/14/2021 9:00:00,283.591308594,7.38338e-4,-2.05657959,2.391204834,3.153946760512856
155,18,1,6/14/2021 5:00:00,298.120605469,2.23709e-4,1.803588867,-1.721542358,2.493319251831691
155,21,1,6/14/2021 6:00:00,308.203369141,0,-3.778900146,2.571929932,4.5710950426081
155,3,1,6/14/2021 6:00:00,308.203369141,0,-3.778900146,2.571929932,4.5710950426081
155,2,1,6/14/2021 6:00:00,308.203369141,0,-3.778900146,2.571929932,4.5710950426081
155,1,1,6/14/2021 7:00:00,290.598876953,8.03292e-4,-1.2550354,1.072463989,1.650846105169998
155,5,1,6/14/2021 7:00:00,290.598876953,8.03292e-4,-1.2550354,1.072463989,1.650846105169998
155,4,1,6/14/2021 7:00:00,290.598876953,8.03292e-4,-1.2550354,1.072463989,1.650846105169998
234,15,1,9/2/2020 18:00:00,287.883300781,0,2.223724365,-1.073150635,2.469129874448802
234,16,1,9/2/2020 18:00:00,287.883300781,0,2.223724365,-1.073150635,2.469129874448802
234,19,1,9/2/2020 18:00:00,287.883300781,0,2.223724365,-1.073150635,2.469129874448802
234,23,1,9/2/2020 18:00:00,287.883300781,0,2.223724365,-1.073150635,2.469129874448802
328,7,1,7/20/2022 17:00:00,282.203613281,1.2286e-4,-0.151885986,-0.834802628,0.848507383856439
328,15,1,7/20/2022 17:00:00,282.203613281,1.2286e-4,-0.151885986,-0.834802628,0.848507383856439
328,11,1,7/20/2022 18:00:00,289.781738281,1.293e-6,0.4190979,-0.642227173,0.766875994880516
328,8,1,7/20/2022 18:00:00,289.781738281,1.293e-6,0.4190979,-0.642227173,0.766875994880516
328,4,1,7/20/2022 18:00:00,289.781738281,1.293e-6,0.4190979,-0.642227173,0.766875994880516
328,18,1,7/20/2022 17:00:00,282.203613281,1.2286e-4,-0.151885986,-0.834802628,0.848507383856439
328,20,1,7/20/2022 18:00:00,289.781738281,1.293e-6,0.4190979,-0.642227173,0.766875994880516
64,6,1,7/7/2022 16:00:00,276.775268555,0.023103707,3.065383911,-2.710372925,4.091784441339831
64,2,1,7/7/2022 16:00:00,276.775268555,0.023103707,3.065383911,-2.710372925,4.091784441339831
64,8,1,7/7/2022 15:00:00,293.884033203,0,-0.676498413,-1.464901924,1.613563680097696
64,1,1,7/7/2022 16:00:00,276.775268555,0.023103707,3.065383911,-2.710372925,4.091784441339831
64,5,1,7/7/2022 17:00:00,292.487304688,8.3707e-5,-0.181167603,-0.379562378,0.420582095636251
64,10,1,7/7/2022 17:00:00,292.487304688,8.3707e-5,-0.181167603,-0.379562378,0.420582095636251
64,13,1,7/7/2022 18:00:00,300.528808594,4.9949e-5,2.142349243,-0.781417847,2.280410956514809
64,9,1,7/7/2022 18:00:00,300.528808594,4.9949e-5,2.142349243,-0.781417847,2.280410956514809
64,15,1,7/7/2022 18:00:00,300.528808594,4.9949e-5,2.142349243,-0.781417847,2.280410956514809
64,3,1,7/7/2022 19:00:00,294.921386719,0.001119506,0.955932617,1.48207283,1.763617600748155
64,7,1,7/7/2022 19:00:00,294.921386719,0.001119506,0.955932617,1.48207283,1.763617600748155
64,4,1,7/7/2022 19:00:00,294.921386719,0.001119506,0.955932617,1.48207283,1.763617600748155
64,14,1,7/7/2022 20:00:00,295.688964844,9.69321e-4,0.420440674,3.549728394,3.574540814079956
64,12,1,7/7/2022 20:00:00,295.688964844,9.69321e-4,0.420440674,3.549728394,3.574540814079956
64,11,1,7/7/2022 20:00:00,295.688964844,9.69321e-4,0.420440674,3.549728394,3.574540814079956
1022,1,1,9/8/2016 14:00:00,301.721435547,4.7848e-5,0.722976685,1.609619141,1.764530834564011
1022,2,1,9/8/2016 14:00:00,301.791748047,1.23978e-4,0.73664856,1.475830078,1.649462191164005
1022,5,1,9/8/2016 15:00:00,288.182861328,1.737e-6,-0.177536011,2.320648193,2.327429283754064
1022,6,1,9/8/2016 14:00:00,301.721435547,4.7848e-5,0.722976685,1.609619141,1.764530834564011
1022,9,1,9/8/2016 14:00:00,301.721435547,4.7848e-5,0.722976685,1.609619141,1.764530834564011
53,1,1,8/31/2023 15:00:00,296.584716797,1.293e-6,1.283218384,-0.23503685,1.304565729234634
53,13,1,8/31/2023 16:00:00,294.645996094,0,-0.088363647,2.025445938,2.02737253159646
53,2,1,8/31/2023 16:00:00,294.645996094,0,-0.088363647,2.025445938,2.02737253159646
53,9,1,8/31/2023 16:00:00,294.645996094,0,-0.088363647,2.025445938,2.02737253159646
53,10,1,8/31/2023 17:00:00,291.946044922,2.14472e-4,0.310577393,-1.938777924,1.963496410903882
53,14,1,8/31/2023 17:00:00,291.946044922,2.14472e-4,0.310577393,-1.938777924,1.963496410903882
53,15,1,8/31/2023 19:00:00,293.371582031,9.991e-6,-0.604202271,2.575622559,2.645541901144502
53,12,1,8/31/2023 19:00:00,293.459472656,1.4201e-5,-0.571975708,2.611755371,2.673653367302772
53,8,1,8/31/2023 19:00:00,293.459472656,1.4201e-5,-0.571975708,2.611755371,2.673653367302772
53,4,1,8/31/2023 20:00:00,298.883544922,0.002809277,0.967910767,0.758544922,1.229732349564943
53,5,1,8/31/2023 20:00:00,298.883544922,0.002809277,0.967910767,0.758544922,1.229732349564943
53,3,1,8/31/2023 20:00:00,298.883544922,0.002809277,0.967910767,0.758544922,1.229732349564943
53,7,1,8/31/2023 20:00:00,298.883544922,0.002809277,0.967910767,0.758544922,1.229732349564943
53,11,1,8/31/2023 21:00:00,289.552734375,4.26e-7,2.311050415,-2.593048096,3.473449646797964
53,6,1,8/31/2023 21:00:00,289.552734375,4.26e-7,2.311050415,-2.593048096,3.473449646797964
298,14,1,7/9/2021 14:00:00,287.590820312,2.8657e-5,-0.935287476,-0.049194336,0.936580346503668
298,9,1,7/9/2021 14:00:00,287.590820312,2.8657e-5,-0.935287476,-0.049194336,0.936580346503668
298,5,1,7/9/2021 14:00:00,287.590820312,2.8657e-5,-0.935287476,-0.049194336,0.936580346503668
298,1,1,7/9/2021 13:00:00,292.16796875,7.42704e-4,2.000274658,-0.845939636,2.17179938649794
298,13,1,7/9/2021 14:00:00,287.590820312,2.8657e-5,-0.935287476,-0.049194336,0.936580346503668
298,2,1,7/9/2021 14:00:00,287.590820312,2.8657e-5,-0.935287476,-0.049194336,0.936580346503668
298,6,1,7/9/2021 15:00:00,294.724853516,0,-0.410110474,0.776809692,0.878421253425507
298,10,1,7/9/2021 15:00:00,294.724853516,0,-0.410110474,0.776809692,0.878421253425507
298,3,1,7/9/2021 16:00:00,286.483642578,0,-0.819871902,-0.11314106,0.827641731153656
298,16,1,7/9/2021 15:00:00,294.724853516,0,-0.410110474,0.776809692,0.878421253425507
298,8,1,7/9/2021 16:00:00,286.483642578,0,-0.819871902,-0.11314106,0.827641731153656
298,12,1,7/9/2021 16:00:00,286.483642578,0,-0.819871902,-0.11314106,0.827641731153656
298,4,1,7/9/2021 16:00:00,286.483642578,0,-0.819871902,-0.11314106,0.827641731153656
298,15,1,7/9/2021 16:00:00,286.483642578,0,-0.819871902,-0.11314106,0.827641731153656
1022,3,1,9/8/2016 15:00:00,288.182861328,1.737e-6,-0.177536011,2.320648193,2.327429283754064
1022,4,1,9/8/2016 17:00:00,293.102539062,0,0.372299194,1.532791138,1.577357081508301
1022,7,1,9/8/2016 15:00:00,288.182861328,1.737e-6,-0.177536011,2.320648193,2.327429283754064
1022,8,1,9/8/2016 15:00:00,288.182861328,1.737e-6,-0.177536011,2.320648193,2.327429283754064
1022,10,1,9/8/2016 15:00:00,288.182861328,1.737e-6,-0.177536011,2.320648193,2.327429283754064
1022,31,1,9/8/2016 18:00:00,300.082275391,0.001785824,1.012557983,-1.932006836,2.181266623612932
1022,32,1,9/8/2016 18:00:00,300.082275391,0.001785824,1.012557983,-1.932006836,2.181266623612932
1022,33,1,9/8/2016 17:00:00,293.102539062,0,0.372299194,1.532791138,1.577357081508301
1022,34,1,9/8/2016 17:00:00,293.102539062,0,0.372299194,1.532791138,1.577357081508301
1022,36,1,9/8/2016 18:00:00,300.082275391,0.001785824,1.012557983,-1.932006836,2.181266623612932
205,3,1,8/27/2020 17:00:00,299.827392578,0,-1.629867554,1.610692978,2.291462439788279
205,4,1,8/27/2020 18:00:00,295.218017578,5.94586e-4,4.603225708,-1.284622192,4.779115095388579
205,5,1,8/27/2020 19:00:00,297.786376953,8.52e-7,-1.802764893,-1.142807007,2.134471624239029
205,6,1,8/27/2020 16:00:00,291.338867188,7.45e-7,-1.609130859,1.669128418,2.318467553614081
205,7,1,8/27/2020 16:00:00,291.338867188,7.45e-7,-1.609130859,1.669128418,2.318467553614081
205,10,1,8/27/2020 18:00:00,295.218017578,5.94586e-4,4.603225708,-1.284622192,4.779115095388579
205,11,1,8/27/2020 17:00:00,299.827392578,0,-1.629867554,1.610692978,2.291462439788279
205,12,1,8/27/2020 18:00:00,295.218017578,5.94586e-4,4.603225708,-1.284622192,4.779115095388579
205,13,1,8/27/2020 19:00:00,297.786376953,8.52e-7,-1.802764893,-1.142807007,2.134471624239029
205,14,1,8/27/2020 18:00:00,295.218017578,5.94586e-4,4.603225708,-1.284622192,4.779115095388579
205,15,1,8/27/2020 18:00:00,295.218017578,5.94586e-4,4.603225708,-1.284622192,4.779115095388579
205,16,1,8/27/2020 17:00:00,299.827392578,0,-1.629867554,1.610692978,2.291462439788279
205,18,1,8/27/2020 17:00:00,299.827392578,0,-1.629867554,1.610692978,2.291462439788279
205,19,1,8/27/2020 17:00:00,299.827392578,0,-1.629867554,1.610692978,2.291462439788279
205,20,1,8/27/2020 17:00:00,299.827392578,0,-1.629867554,1.610692978,2.291462439788279
235,1,1,9/3/2020 15:00:00,287.240234375,8.52e-7,1.755889893,-0.823221207,1.939289166677855
235,2,1,9/3/2020 15:00:00,287.240234375,8.52e-7,1.755889893,-0.823221207,1.939289166677855
235,3,1,9/3/2020 15:00:00,287.240234375,8.52e-7,1.755889893,-0.823221207,1.939289166677855
235,4,1,9/3/2020 15:00:00,287.240234375,8.52e-7,1.755889893,-0.823221207,1.939289166677855
235,15,1,9/3/2020 18:00:00,289.585449219,1.29e-6,4.151901245,-3.922887802,5.712034020846947
235,16,1,9/3/2020 17:00:00,300.747802734,3.50928e-4,3.182094574,-1.591937065,3.558087898970606
235,17,1,9/3/2020 17:00:00,300.747802734,3.50928e-4,3.182094574,-1.591937065,3.558087898970606
235,18,1,9/3/2020 16:00:00,285.861328125,3.73773e-4,-0.817199707,1.225097656,1.472643754564416
235,20,1,9/3/2020 16:00:00,285.921875,3.92232e-4,-0.77130127,1.430175781,1.624902585899405
235,21,1,9/3/2020 17:00:00,300.747802734,3.50928e-4,3.182094574,-1.591937065,3.558087898970606
235,22,1,9/3/2020 16:00:00,285.861328125,3.73773e-4,-0.817199707,1.225097656,1.472643754564416
235,23,1,9/3/2020 18:00:00,289.585449219,1.29e-6,4.151901245,-3.922887802,5.712034020846947
235,24,1,9/3/2020 17:00:00,300.747802734,3.50928e-4,3.182094574,-1.591937065,3.558087898970606
235,26,1,9/3/2020 16:00:00,285.861328125,3.73773e-4,-0.817199707,1.225097656,1.472643754564416
52,6,1,9/6/2023 18:00:00,299.677734375,3.8931e-5,1.41835022,-0.112823486,1.422830448636534
1018,1,1,9/7/2016 18:00:00,292.520507812,0.001753286,-0.303955078,-2.585235596,2.603042791862527
1018,2,1,9/7/2016 17:00:00,283.666992188,0,0.753143311,1.988584518,2.126427339960934
1018,3,1,9/7/2016 16:00:00,288.803466797,4.28e-7,-0.252716064,0.24571228,0.352476855334433
1018,4,1,9/7/2016 17:00:00,283.666992188,0,0.753143311,1.988584518,2.126427339960934
1018,5,1,9/7/2016 18:00:00,292.520507812,0.001753286,-0.303955078,-2.585235596,2.603042791862527
1018,6,1,9/7/2016 17:00:00,283.666992188,0,0.753143311,1.988584518,2.126427339960934
1018,7,1,9/7/2016 16:00:00,288.803466797,4.28e-7,-0.252716064,0.24571228,0.352476855334433
1018,8,1,9/7/2016 17:00:00,283.666992188,0,0.753143311,1.988584518,2.126427339960934
1018,9,1,9/7/2016 18:00:00,292.520507812,0.001753286,-0.303955078,-2.585235596,2.603042791862527
1018,11,1,9/7/2016 16:00:00,288.803466797,4.28e-7,-0.252716064,0.24571228,0.352476855334433
1018,14,1,9/7/2016 20:00:00,296.482910156,0,1.546051025,-0.714782715,1.703287439502306
1018,15,1,9/7/2016 20:00:00,296.482910156,0,1.546051025,-0.714782715,1.703287439502306
1018,34,1,9/7/2016 18:00:00,292.520507812,0.001753286,-0.303955078,-2.585235596,2.603042791862527
1018,37,1,9/7/2016 19:00:00,290.114990234,0,0.421401978,-2.265228271,2.304091740100632
1018,40,1,9/7/2016 19:00:00,290.114990234,0,0.421401978,-2.265228271,2.304091740100632
149,31,1,6/11/2021 5:00:00,293.567871094,0,-0.302978516,-2.94569397,2.961234361892338
149,32,1,6/11/2021 5:00:00,293.567871094,0,-0.302978516,-2.94569397,2.961234361892338
149,34,1,6/11/2021 6:00:00,298.174804688,6.4686e-5,1.417724609,1.81137085,2.300218994616366
195,8,1,6/5/2023 18:00:00,296.589599609,5.9077e-5,2.169815063,3.241012573,3.900289720772776
195,24,1,6/5/2023 18:00:00,296.589599609,5.9077e-5,2.169815063,3.241012573,3.900289720772776
195,12,1,6/5/2023 18:00:00,296.589599609,5.9077e-5,2.169815063,3.241012573,3.900289720772776
195,7,1,6/5/2023 19:00:00,292.6484375,0,-2.049453735,-1.48552227,2.531212560527346
195,14,1,6/5/2023 20:00:00,292.775878906,0,0.056045532,0.862472534,0.864291602158406
195,3,1,6/5/2023 20:00:00,292.775878906,0,0.056045532,0.862472534,0.864291602158406
195,13,1,6/5/2023 20:00:00,292.775878906,0,0.056045532,0.862472534,0.864291602158406
195,15,1,6/5/2023 22:00:00,300.982666016,0.001868993,4.310546875,1.653045654,4.616641018725688
195,2,1,6/5/2023 22:00:00,300.982666016,0.001868993,4.310546875,1.653045654,4.616641018725688
195,6,1,6/5/2023 22:00:00,300.982666016,0.001868993,4.310546875,1.653045654,4.616641018725688
195,1,1,6/5/2023 22:00:00,300.982666016,0.001868993,4.310546875,1.653045654,4.616641018725688
195,18,1,6/5/2023 19:00:00,292.6484375,0,-2.049453735,-1.48552227,2.531212560527346
195,19,1,6/5/2023 22:00:00,300.982666016,0.001868993,4.310546875,1.653045654,4.616641018725688
195,28,1,6/5/2023 20:00:00,292.775878906,0,0.056045532,0.862472534,0.864291602158406
195,11,1,6/5/2023 23:00:00,294.724121094,4.26e-7,-0.150283813,-2.339767456,2.344588870699196
52,17,1,9/6/2023 19:00:00,290.33984375,0,0.311050415,-2.121652603,2.144332560142747
52,2,1,9/6/2023 19:00:00,290.33984375,0,0.311050415,-2.121652603,2.144332560142747
52,10,1,9/6/2023 20:00:00,290.069580078,6.0886e-5,-0.873931885,-0.667938232,1.099953826934085
52,14,1,9/6/2023 20:00:00,290.069580078,6.0886e-5,-0.873931885,-0.667938232,1.099953826934085
52,3,1,9/6/2023 20:00:00,290.069580078,6.0886e-5,-0.873931885,-0.667938232,1.099953826934085
52,7,1,9/6/2023 15:00:00,296.634277344,0,1.504180908,1.04196167,1.829820845258052
52,12,1,9/6/2023 17:00:00,295.268310547,0.003615371,0.173599243,1.085000992,1.098801096564413
52,4,1,9/6/2023 15:00:00,296.634277344,0,1.504180908,1.04196167,1.829820845258052
52,8,1,9/6/2023 16:00:00,293.98046875,0,-1.187240601,-1.219665527,1.702094075665334
52,15,1,9/6/2023 16:00:00,293.98046875,0,-1.187240601,-1.219665527,1.702094075665334
52,5,1,9/6/2023 16:00:00,293.98046875,0,-1.187240601,-1.219665527,1.702094075665334
52,1,1,9/6/2023 16:00:00,293.98046875,0,-1.187240601,-1.219665527,1.702094075665334
52,9,1,9/6/2023 17:00:00,295.268310547,0.003615371,0.173599243,1.085000992,1.098801096564413
149,10,1,6/11/2021 0:00:00,296.089599609,0.001180929,-0.62538147,0.41029644,0.747960661864001
149,2,1,6/11/2021 0:00:00,296.089599609,0.001180929,-0.62538147,0.41029644,0.747960661864001
149,6,1,6/11/2021 0:00:00,296.089599609,0.001180929,-0.62538147,0.41029644,0.747960661864001
149,9,1,6/11/2021 1:00:00,287.623046875,8.52e-7,-1.812789917,0.573482513,1.901338864035988
149,5,1,6/11/2021 1:00:00,287.623046875,8.52e-7,-1.812789917,0.573482513,1.901338864035988
149,3,1,6/11/2021 2:00:00,297.364746094,4.35e-7,1.785736084,4.387466431,4.73695208386696
149,7,1,6/11/2021 3:00:00,294.731201172,0.011893079,1.738723755,-0.628234863,1.84873993284343
149,8,1,6/11/2021 4:00:00,292.93359375,0,-1.317047119,1.495355606,1.992661913637591
149,4,1,6/11/2021 4:00:00,292.93359375,0,-1.317047119,1.495355606,1.992661913637591
149,1,1,6/11/2021 5:00:00,293.567871094,0,-0.302978516,-2.94569397,2.961234361892338
149,33,1,6/11/2021 6:00:00,298.174804688,6.4686e-5,1.417724609,1.81137085,2.300218994616366
149,35,1,6/11/2021 6:00:00,298.174804688,6.4686e-5,1.417724609,1.81137085,2.300218994616366
210,1,1,8/26/2020 16:00:00,291.879699707,3.42093e-4,2.206329346,4.28304863,4.817924319659418
210,2,1,8/26/2020 16:00:00,291.879699707,3.42093e-4,2.206329346,4.28304863,4.817924319659418
210,7,1,8/26/2020 19:00:00,271.088775635,1.287e-6,-1.488571167,2.038360596,2.524036061261648
210,11,1,8/26/2020 16:00:00,291.879699707,3.42093e-4,2.206329346,4.28304863,4.817924319659418
210,13,1,8/26/2020 17:00:00,304.170898438,6.3175e-5,1.034057617,2.449798584,2.659095383291867
210,25,1,8/26/2020 17:00:00,304.170898438,6.3175e-5,1.034057617,2.449798584,2.659095383291867
1024,3,1,9/6/2016 20:00:00,293.17578125,8.29875e-4,1.958969116,1.622329712,2.543523872873975
1024,4,1,9/6/2016 19:00:00,299.083984375,9.7805e-5,0.703567505,0.806490898,1.070249878602549
1024,6,1,9/6/2016 19:00:00,299.259765625,1.00323e-4,0.66255188,0.824069023,1.057385808661961
1024,7,1,9/6/2016 19:00:00,299.259765625,1.00323e-4,0.66255188,0.824069023,1.057385808661961
204,2,1,7/28/2020 14:00:00,292.560302734,0,-1.839813232,0.524620056,1.913148957033855
204,3,1,7/28/2020 16:00:00,295.010009766,7.743e-5,0.112991333,2.256614685,2.259441718188536
204,10,1,7/28/2020 13:00:00,301.275146484,3.1257e-5,3.887741089,0.658340454,3.943087994005692
204,5,1,7/28/2020 15:00:00,293.026855469,0,0.436630249,1.952796936,2.001015204238286
204,6,1,7/28/2020 15:00:00,293.026855469,0,0.436630249,1.952796936,2.001015204238286
204,7,1,7/28/2020 16:00:00,295.010009766,7.743e-5,0.112991333,2.256614685,2.259441718188536
204,8,1,7/28/2020 15:00:00,293.026855469,0,0.436630249,1.952796936,2.001015204238286
204,9,1,7/28/2020 15:00:00,293.026855469,0,0.436630249,1.952796936,2.001015204238286
204,4,1,7/28/2020 13:00:00,301.275146484,3.1257e-5,3.887741089,0.658340454,3.943087994005692
204,11,1,7/28/2020 14:00:00,292.560302734,0,-1.839813232,0.524620056,1.913148957033855
204,12,1,7/28/2020 16:00:00,295.010009766,7.743e-5,0.112991333,2.256614685,2.259441718188536
204,14,1,7/28/2020 14:00:00,292.560302734,0,-1.839813232,0.524620056,1.913148957033855
204,15,1,7/28/2020 14:00:00,292.560302734,0,-1.839813232,0.524620056,1.913148957033855
204,16,1,7/28/2020 16:00:00,295.010009766,7.743e-5,0.112991333,2.256614685,2.259441718188536
1020,1,1,8/30/2016 17:00:00,274.531311035,0.004968053,-0.958099365,0.229934692,0.985304194550362
1020,2,1,8/30/2016 16:00:00,300.305419922,4.38893e-4,0.239501953,1.755451202,1.771713890021202
1020,3,1,8/30/2016 14:00:00,297.688964844,4.94272e-4,-0.546966553,1.53877449,1.633095019028428
1020,4,1,8/30/2016 16:00:00,300.305419922,4.38893e-4,0.239501953,1.755451202,1.771713890021202
1020,5,1,8/30/2016 14:00:00,297.688964844,4.94272e-4,-0.546966553,1.53877449,1.633095019028428
1020,6,1,8/30/2016 16:00:00,300.305419922,4.38893e-4,0.239501953,1.755451202,1.771713890021202
1020,7,1,8/30/2016 16:00:00,300.305419922,4.38893e-4,0.239501953,1.755451202,1.771713890021202
1020,8,1,8/30/2016 17:00:00,274.531311035,0.004968053,-0.958099365,0.229934692,0.985304194550362
1020,9,1,8/30/2016 15:00:00,299.647460938,8.9431e-5,1.482284546,0.039001465,1.48279755515801
1020,10,1,8/30/2016 15:00:00,299.647460938,8.9431e-5,1.482284546,0.039001465,1.48279755515801
1020,31,1,8/30/2016 14:00:00,297.688964844,4.94272e-4,-0.546966553,1.53877449,1.633095019028428
1020,32,1,8/30/2016 14:00:00,297.688964844,4.94272e-4,-0.546966553,1.53877449,1.633095019028428
1020,33,1,8/30/2016 13:00:00,293.632568359,0,0.080291748,1.87197876,1.873699880634045
1020,34,1,8/30/2016 13:00:00,293.632568359,0,0.080291748,1.87197876,1.873699880634045
1020,35,1,8/30/2016 14:00:00,297.688964844,4.94272e-4,-0.546966553,1.53877449,1.633095019028428
1024,1,1,9/6/2016 17:00:00,297.278808594,2.6369e-5,-1.256286621,0.103897095,1.260575535401603
1024,2,1,9/6/2016 18:00:00,289.708740234,0.00822937,1.597885132,-2.689971924,3.128767464509774
1024,5,1,9/6/2016 18:00:00,289.708740234,0.00822937,1.597885132,-2.689971924,3.128767464509774
1024,8,1,9/6/2016 18:00:00,289.708740234,0.00822937,1.597885132,-2.689971924,3.128767464509774
1024,9,1,9/6/2016 19:00:00,299.259765625,1.00323e-4,0.66255188,0.824069023,1.057385808661961
1024,21,1,9/6/2016 17:00:00,297.007324219,2.6369e-5,-1.134216309,0.089248657,1.137722267681303
1024,22,1,9/6/2016 17:00:00,297.007324219,2.6369e-5,-1.134216309,0.089248657,1.137722267681303
1024,23,1,9/6/2016 16:00:00,291.665771484,0,0.316131592,1.216690063,1.257089453007779
1024,25,1,9/6/2016 17:00:00,297.278808594,2.6369e-5,-1.256286621,0.103897095,1.260575535401603
1024,26,1,9/6/2016 17:00:00,297.007324219,2.6369e-5,-1.134216309,0.089248657,1.137722267681303
1024,27,1,9/6/2016 16:00:00,291.665771484,0,0.316131592,1.216690063,1.257089453007779
54,23,1,7/28/2020 20:00:00,300.212646484,9.41315e-4,2.589187622,3.04234314,3.994964871362835
54,19,1,7/28/2020 20:00:00,300.212646484,9.41315e-4,2.589187622,3.04234314,3.994964871362835
54,22,1,7/28/2020 20:00:00,300.212646484,9.41315e-4,2.589187622,3.04234314,3.994964871362835
54,16,1,7/28/2020 21:00:00,290.638916016,8.52e-7,-0.022781372,0.171548843,0.173054894310566
54,24,1,7/28/2020 21:00:00,290.638916016,8.52e-7,-0.022781372,0.171548843,0.173054894310566
54,20,1,7/28/2020 21:00:00,290.638916016,8.52e-7,-0.022781372,0.171548843,0.173054894310566
54,18,1,7/28/2020 22:00:00,299.547607422,0,0.728225708,3.712036133,3.782793271445017
54,21,1,7/28/2020 22:00:00,299.547607422,0,0.728225708,3.712036133,3.782793271445017
54,25,1,7/28/2020 22:00:00,299.547607422,0,0.728225708,3.712036133,3.782793271445017
54,26,1,7/28/2020 23:00:00,299.213134766,2.089e-6,1.242004395,1.520629883,1.963387419301629
54,4,1,7/29/2020 0:00:00,293.834228516,0,0.490783691,1.566305161,1.641395896402455
54,2,1,7/29/2020 0:00:00,293.834228516,0,0.490783691,1.566305161,1.641395896402455
54,1,1,7/29/2020 0:00:00,293.834228516,0,0.490783691,1.566305161,1.641395896402455
54,5,1,7/29/2020 1:00:00,302.6953125,1.266e-5,2.015380859,-2.332275391,3.082412773508405
1032,2,1,8/31/2016 15:00:00,295.711914062,1.2964e-4,-0.885162354,-2.22013855,2.390089448981967
1032,3,1,8/31/2016 14:00:00,296.965820312,1.674e-4,-1.72605896,2.197921753,2.794662692653064
1032,4,1,8/31/2016 13:00:00,292.958007812,4.06578e-4,-1.108688354,-0.499731064,1.216108960012137
1032,6,1,8/31/2016 15:00:00,295.711914062,1.2964e-4,-0.885162354,-2.22013855,2.390089448981967
1032,7,1,8/31/2016 15:00:00,295.711914062,1.2964e-4,-0.885162354,-2.22013855,2.390089448981967
1032,8,1,8/31/2016 13:00:00,292.958007812,4.06578e-4,-1.108688354,-0.499731064,1.216108960012137
1032,10,1,8/31/2016 14:00:00,296.965820312,1.674e-4,-1.72605896,2.197921753,2.794662692653064
1032,12,1,8/31/2016 13:00:00,292.958007812,4.06578e-4,-1.108688354,-0.499731064,1.216108960012137
1032,14,1,8/31/2016 13:00:00,292.958007812,4.06578e-4,-1.108688354,-0.499731064,1.216108960012137
1032,15,1,8/31/2016 15:00:00,295.711914062,1.2964e-4,-0.885162354,-2.22013855,2.390089448981967
1032,16,1,8/31/2016 14:00:00,296.965820312,1.674e-4,-1.72605896,2.197921753,2.794662692653064
1032,17,1,8/31/2016 14:00:00,296.965820312,1.674e-4,-1.72605896,2.197921753,2.794662692653064
1032,19,1,8/31/2016 14:00:00,296.965820312,1.674e-4,-1.72605896,2.197921753,2.794662692653064
1032,20,1,8/31/2016 15:00:00,295.711914062,1.2964e-4,-0.885162354,-2.22013855,2.390089448981967
1032,21,1,8/31/2016 15:00:00,295.711914062,1.2964e-4,-0.885162354,-2.22013855,2.390089448981967
1011,1,1,7/18/2016 15:00:00,302.497558594,0,1.588928223,3.173342705,3.548914879399428
1011,2,1,7/18/2016 15:00:00,302.497558594,0,1.588928223,3.173342705,3.548914879399428
1011,3,1,7/18/2016 13:00:00,289.242431641,1.72e-6,-0.946182251,-1.714740753,1.958467947684218
1011,4,1,7/18/2016 14:00:00,295.196533203,0,-0.610305786,-1.223529816,1.367296004187122
1011,5,1,7/18/2016 14:00:00,295.196533203,0,-0.610305786,-1.223529816,1.367296004187122
1011,7,1,7/18/2016 14:00:00,295.196533203,0,-0.610305786,-1.223529816,1.367296004187122
1011,8,1,7/18/2016 13:00:00,289.291259766,1.72e-6,-0.971572876,-1.793842316,2.040054927704437
1011,9,1,7/18/2016 18:00:00,288.656494141,0,-1.504506111,0.714963913,1.665746689904745
1011,11,1,7/18/2016 17:00:00,290.995605469,0,1.478881836,2.232933044,2.678260902869218
1011,12,1,7/18/2016 13:00:00,289.291259766,1.72e-6,-0.971572876,-1.793842316,2.040054927704437
1011,13,1,7/18/2016 17:00:00,290.995605469,0,1.478881836,2.232933044,2.678260902869218
1011,14,1,7/18/2016 15:00:00,302.497558594,0,1.588928223,3.173342705,3.548914879399428
1011,15,1,7/18/2016 14:00:00,295.196533203,0,-0.610305786,-1.223529816,1.367296004187122
1011,16,1,7/18/2016 17:00:00,290.995605469,0,1.478881836,2.232933044,2.678260902869218
1011,17,1,7/18/2016 16:00:00,295.132324219,2.568e-6,0.133422852,-2.359380722,2.363150238300785
55,9,1,6/1/2022 17:00:00,291.407958984,8.52e-7,-0.347747803,-0.138259888,0.374224973940943
55,1,1,6/1/2022 13:00:00,298.803710938,3.773e-6,-2.227661133,-1.756742477,2.837008680630875
55,5,1,6/1/2022 13:00:00,298.803710938,3.773e-6,-2.227661133,-1.756742477,2.837008680630875
55,13,1,6/1/2022 13:00:00,298.803710938,3.773e-6,-2.227661133,-1.756742477,2.837008680630875
55,14,1,6/1/2022 14:00:00,289.845214844,1.61693e-4,1.007293701,1.406341553,1.729866227131084
55,10,1,6/1/2022 14:00:00,289.845214844,1.61693e-4,1.007293701,1.406341553,1.729866227131084
55,3,1,6/1/2022 15:00:00,289.360595703,1.1501e-5,1.331348419,-2.291293144,2.65000243103949
55,6,1,6/1/2022 15:00:00,289.360595703,1.1501e-5,1.331348419,-2.291293144,2.65000243103949
55,11,1,6/1/2022 15:00:00,289.360595703,1.1501e-5,1.331348419,-2.291293144,2.65000243103949
55,8,1,6/1/2022 16:00:00,295.785644531,0.011795372,2.215133667,2.863960266,3.620647120046865
55,16,1,6/1/2022 16:00:00,295.785644531,0.011795372,2.215133667,2.863960266,3.620647120046865
191,1,1,9/10/2020 16:00:00,287.107910156,0,1.731994629,1.83946228,2.526544453285484
191,2,1,9/10/2020 17:00:00,284.822998047,0.006650972,-1.790710449,-3.818526268,4.217556967198402
191,3,1,9/10/2020 18:00:00,296.385498047,0.020512467,3.449829102,1.571990967,3.791104909302263
191,4,1,9/10/2020 18:00:00,296.385498047,0.020512467,3.449829102,1.571990967,3.791104909302263
191,5,1,9/10/2020 17:00:00,284.822998047,0.006650972,-1.790710449,-3.818526268,4.217556967198402
191,6,1,9/10/2020 17:00:00,284.822998047,0.006650972,-1.790710449,-3.818526268,4.217556967198402
191,7,1,9/10/2020 18:00:00,296.385498047,0.020512467,3.449829102,1.571990967,3.791104909302263
191,8,1,9/10/2020 17:00:00,284.822998047,0.006650972,-1.790710449,-3.818526268,4.217556967198402
191,9,1,9/10/2020 17:00:00,284.822998047,0.006650972,-1.790710449,-3.818526268,4.217556967198402
191,11,1,9/10/2020 18:00:00,296.385498047,0.020512467,3.449829102,1.571990967,3.791104909302263
191,12,1,9/10/2020 17:00:00,284.822998047,0.006650972,-1.790710449,-3.818526268,4.217556967198402
191,13,1,9/10/2020 16:00:00,287.107910156,0,1.731994629,1.83946228,2.526544453285484
191,14,1,9/10/2020 18:00:00,296.385498047,0.020512467,3.449829102,1.571990967,3.791104909302263
191,15,1,9/10/2020 18:00:00,296.385498047,0.020512467,3.449829102,1.571990967,3.791104909302263
1021,1,1,8/29/2016 17:00:00,288.088867188,5.15424e-4,1.027496338,1.111373901,1.513572156333278
1021,2,1,8/29/2016 17:00:00,288.088867188,5.15424e-4,1.027496338,1.111373901,1.513572156333278
1021,3,1,8/29/2016 18:00:00,295.073242188,0.002794348,0.656814575,2.092163086,2.192841025782187
1021,4,1,8/29/2016 17:00:00,288.088867188,5.15424e-4,1.027496338,1.111373901,1.513572156333278
1021,5,1,8/29/2016 16:00:00,290.592041016,0,-1.264144897,-0.91759491,1.562063615692091
1021,6,1,8/29/2016 18:00:00,295.073242188,0.002794348,0.656814575,2.092163086,2.192841025782187
1021,7,1,8/29/2016 17:00:00,288.088867188,5.15424e-4,1.027496338,1.111373901,1.513572156333278
1021,28,1,8/29/2016 15:00:00,301.360595703,3.3587e-5,-1.328765869,1.461429596,1.975194977384271
1021,29,1,8/29/2016 15:00:00,301.360595703,3.3587e-5,-1.328765869,1.461429596,1.975194977384271
1021,30,1,8/29/2016 15:00:00,301.360595703,3.3587e-5,-1.328765869,1.461429596,1.975194977384271
1021,31,1,8/29/2016 16:00:00,290.592041016,0,-1.264144897,-0.91759491,1.562063615692091
1021,32,1,8/29/2016 16:00:00,290.592041016,0,-1.264144897,-0.91759491,1.562063615692091
1021,33,1,8/29/2016 15:00:00,301.341064453,4.8354e-5,-1.328765869,1.356449127,1.898834634389837
1021,34,1,8/29/2016 16:00:00,290.592041016,0,-1.264144897,-0.91759491,1.562063615692091
1021,35,1,8/29/2016 16:00:00,290.592041016,0,-1.264144897,-0.91759491,1.562063615692091
1027,8,1,7/19/2016 15:00:00,293.059814453,3.088e-6,-0.741989136,-1.103475571,1.329739152516689
1004,1,1,6/29/2016 16:00:00,295.471679688,0,-1.420135498,-0.506210327,1.507658359125553
1004,2,1,6/29/2016 17:00:00,295.716308594,0.002322206,1.459655762,1.024200439,1.783138099752118
1004,5,1,6/29/2016 16:00:00,295.471679688,0,-1.420135498,-0.506210327,1.507658359125553
1004,6,1,6/29/2016 17:00:00,295.794433594,0.00278295,1.638366699,1.031036377,1.935789619532413
1004,9,1,6/29/2016 16:00:00,295.293945312,0,-1.109588623,-0.587265015,1.255415114666852
1004,10,1,6/29/2016 16:00:00,295.321289062,0,-1.410369873,-0.574569702,1.522916124125818
1004,31,1,6/29/2016 15:00:00,296.572021484,8.58e-7,0.186889648,0.535690308,0.567355132712042
1004,33,1,6/29/2016 14:00:00,296.545654297,1.3471e-5,0.893966675,2.064300537,2.249558428463027
1004,34,1,6/29/2016 14:00:00,296.545654297,1.3471e-5,0.893966675,2.064300537,2.249558428463027
1004,35,1,6/29/2016 15:00:00,296.572021484,8.58e-7,0.186889648,0.535690308,0.567355132712042
1004,36,1,6/29/2016 15:00:00,296.572021484,8.58e-7,0.186889648,0.535690308,0.567355132712042
1027,1,1,7/19/2016 14:00:00,295.821289062,0.010213628,3.762619019,0.778335571,3.842279029849917
1027,2,1,7/19/2016 15:00:00,293.059814453,3.088e-6,-0.741989136,-1.103475571,1.329739152516689
1027,3,1,7/19/2016 15:00:00,293.059814453,3.088e-6,-0.741989136,-1.103475571,1.329739152516689
1027,4,1,7/19/2016 14:00:00,295.821289062,0.010213628,3.762619019,0.778335571,3.842279029849917
1027,5,1,7/19/2016 15:00:00,293.059814453,3.088e-6,-0.741989136,-1.103475571,1.329739152516689
1027,6,1,7/19/2016 17:00:00,292.776855469,0,1.683502197,-0.881317139,1.900236708096908
1027,7,1,7/19/2016 14:00:00,295.821289062,0.010213628,3.762619019,0.778335571,3.842279029849917
1027,9,1,7/19/2016 15:00:00,293.059814453,3.088e-6,-0.741989136,-1.103475571,1.329739152516689
1027,10,1,7/19/2016 15:00:00,293.214111328,4.376e-6,-0.813278198,-1.070760727,1.344600298165851
1027,31,1,7/19/2016 16:00:00,301.261962891,2.48328e-4,3.289016724,2.528381348,4.148535072970456
1027,32,1,7/19/2016 16:00:00,301.261962891,2.48328e-4,3.289016724,2.528381348,4.148535072970456
1027,33,1,7/19/2016 16:00:00,301.261962891,2.48328e-4,3.289016724,2.528381348,4.148535072970456
1027,34,1,7/19/2016 16:00:00,301.261962891,2.48328e-4,3.289016724,2.528381348,4.148535072970456
1027,35,1,7/19/2016 16:00:00,301.261962891,2.48328e-4,3.289016724,2.528381348,4.148535072970456
208,1,1,9/11/2020 20:00:00,300.683105469,7.4446e-5,-1.124603271,-2.466118813,2.71043806735672
208,2,1,9/11/2020 21:00:00,299.278808594,0.001824904,0.478256226,6.568932533,6.58631943051759
208,3,1,9/11/2020 19:00:00,302.193359375,1.58787e-4,-0.315612793,-2.089412689,2.113115429894797
208,4,1,9/11/2020 19:00:00,302.20703125,1.09524e-4,-0.320495605,-2.032772064,2.057882333128679
208,5,1,9/11/2020 20:00:00,300.683105469,7.4446e-5,-1.124603271,-2.466118813,2.71043806735672
208,6,1,9/11/2020 19:00:00,302.20703125,1.09524e-4,-0.320495605,-2.032772064,2.057882333128679
208,7,1,9/11/2020 19:00:00,302.20703125,1.09524e-4,-0.320495605,-2.032772064,2.057882333128679
208,8,1,9/11/2020 21:00:00,299.278808594,0.001824904,0.478256226,6.568932533,6.58631943051759
208,9,1,9/11/2020 20:00:00,300.683105469,7.4446e-5,-1.124603271,-2.466118813,2.71043806735672
208,10,1,9/11/2020 19:00:00,302.193359375,1.58787e-4,-0.315612793,-2.089412689,2.113115429894797
208,11,1,9/11/2020 19:00:00,302.20703125,1.09524e-4,-0.320495605,-2.032772064,2.057882333128679
208,12,1,9/11/2020 21:00:00,299.278808594,0.001824904,0.478256226,6.568932533,6.58631943051759
208,13,1,9/11/2020 21:00:00,299.278808594,0.001824904,0.478256226,6.568932533,6.58631943051759
208,14,1,9/11/2020 19:00:00,302.193359375,1.58787e-4,-0.315612793,-2.089412689,2.113115429894797
208,15,1,9/11/2020 19:00:00,302.20703125,1.09524e-4,-0.320495605,-2.032772064,2.057882333128679
1003,1,1,7/20/2016 15:00:00,294.859863281,0.011064994,1.364944458,-0.593566895,1.488420314381947
1003,5,1,7/20/2016 14:00:00,291.239257812,0,-0.483978271,-1.60194397,1.673457334328996
1003,31,1,7/20/2016 18:00:00,296.754150391,2.03729e-4,0.448913574,-1.564285278,1.627424906989257
1003,32,1,7/20/2016 14:00:00,291.194335938,0,-0.581634521,-1.482803345,1.592797688333986
1003,33,1,7/20/2016 14:00:00,291.239257812,0,-0.483978271,-1.60194397,1.673457334328996
1003,35,1,7/20/2016 14:00:00,291.194335938,0,-0.581634521,-1.482803345,1.592797688333986
1003,37,1,7/20/2016 17:00:00,299.450927734,0,0.233917236,1.847381592,1.86213211662286
1004,3,1,6/29/2016 18:00:00,298.307861328,6.1542e-5,0.645065308,-1.13404274,1.304669378705518
1004,4,1,6/29/2016 17:00:00,295.716308594,0.002322206,1.459655762,1.024200439,1.783138099752118
1004,7,1,6/29/2016 18:00:00,298.307861328,6.1542e-5,0.645065308,-1.13404274,1.304669378705518
1004,8,1,6/29/2016 17:00:00,295.716308594,0.002322206,1.459655762,1.024200439,1.783138099752118
1017,1,1,6/9/2016 19:00:00,296.054199219,0.002000436,1.496337891,0.170471191,1.506017101829619
1017,2,1,6/9/2016 17:00:00,298.818847656,0.018277654,2.525131226,-2.131214142,3.304294391784888
1017,3,1,6/9/2016 17:00:00,298.818847656,0.018277654,2.525131226,-2.131214142,3.304294391784888
1017,4,1,6/9/2016 17:00:00,298.818847656,0.018277654,2.525131226,-2.131214142,3.304294391784888
1017,5,1,6/9/2016 18:00:00,304.672363281,1.2666e-5,1.303405762,2.013101578,2.39821695093686
1017,6,1,6/9/2016 17:00:00,298.818847656,0.018277654,2.525131226,-2.131214142,3.304294391784888
1017,7,1,6/9/2016 16:00:00,299.603759766,9.9921e-5,-1.060623169,-0.587552071,1.212492862971157
1017,8,1,6/9/2016 18:00:00,304.672363281,1.2666e-5,1.303405762,2.013101578,2.39821695093686
1017,9,1,6/9/2016 18:00:00,304.672363281,1.2666e-5,1.303405762,2.013101578,2.39821695093686
1017,10,1,6/9/2016 17:00:00,298.818847656,0.018277654,2.525131226,-2.131214142,3.304294391784888
1017,31,1,6/9/2016 16:00:00,299.603759766,9.9921e-5,-1.060623169,-0.587552071,1.212492862971157
1017,32,1,6/9/2016 16:00:00,299.603759766,9.9921e-5,-1.060623169,-0.587552071,1.212492862971157
1017,33,1,6/9/2016 15:00:00,296.199707031,1.40339e-4,0.823745728,-3.613006592,3.705721745926656
1017,35,1,6/9/2016 16:00:00,299.603759766,9.9921e-5,-1.060623169,-0.587552071,1.212492862971157
1017,37,1,6/9/2016 15:00:00,296.199707031,1.40339e-4,0.823745728,-3.613006592,3.705721745926656
165,6,1,8/3/2022 17:00:00,293.565185547,8.8015e-5,0.12260437,-1.384506226,1.389924214256252
165,5,1,8/3/2022 17:00:00,293.565185547,8.8015e-5,0.12260437,-1.384506226,1.389924214256252
165,15,1,8/3/2022 17:00:00,293.565185547,8.8015e-5,0.12260437,-1.384506226,1.389924214256252
165,10,1,8/4/2022 0:00:00,295.031494141,4.33e-7,1.515975952,-1.826440811,2.373619414128694
165,7,1,8/4/2022 0:00:00,295.031494141,4.33e-7,1.515975952,-1.826440811,2.373619414128694
165,21,1,8/3/2022 16:00:00,299.101318359,0,0.84602356,-0.142944336,0.858014537912706
165,18,1,8/3/2022 16:00:00,299.101318359,0,0.84602356,-0.142944336,0.858014537912706
165,32,1,8/3/2022 16:00:00,299.101318359,0,0.84602356,-0.142944336,0.858014537912706
165,29,1,8/3/2022 16:00:00,299.101318359,0,0.84602356,-0.142944336,0.858014537912706
165,33,1,8/3/2022 16:00:00,299.101318359,0,0.84602356,-0.142944336,0.858014537912706
165,28,1,8/3/2022 17:00:00,293.565185547,8.8015e-5,0.12260437,-1.384506226,1.389924214256252
207,1,1,9/13/2020 18:00:00,294.528076172,0.010136411,3.63835144,-3.95249939,5.372136691196571
207,2,1,9/13/2020 18:00:00,294.528076172,0.010136411,3.63835144,-3.95249939,5.372136691196571
207,3,1,9/13/2020 18:00:00,294.528076172,0.010136411,3.63835144,-3.95249939,5.372136691196571
207,4,1,9/13/2020 18:00:00,294.528076172,0.010136411,3.63835144,-3.95249939,5.372136691196571
207,5,1,9/13/2020 19:00:00,294.650878906,8.58e-7,2.412307739,0.323708534,2.433930122789831
207,6,1,9/13/2020 19:00:00,294.650878906,8.58e-7,2.412307739,0.323708534,2.433930122789831
207,7,1,9/13/2020 17:00:00,291.775390625,8.58e-7,0.674273491,-1.786115646,1.909150031179143
207,8,1,9/13/2020 18:00:00,294.528076172,0.010136411,3.63835144,-3.95249939,5.372136691196571
207,9,1,9/13/2020 19:00:00,294.650878906,8.58e-7,2.412307739,0.323708534,2.433930122789831
207,20,1,9/13/2020 20:00:00,301.31640625,4.41e-7,1.170700073,5.51348877,5.636408171685078
207,21,1,9/13/2020 17:00:00,291.775390625,8.58e-7,0.674273491,-1.786115646,1.909150031179143
207,22,1,9/13/2020 17:00:00,291.939453125,8.58e-7,0.721148491,-1.803693771,1.942515473713344
207,23,1,9/13/2020 17:00:00,291.939453125,8.58e-7,0.721148491,-1.803693771,1.942515473713344
207,24,1,9/13/2020 16:00:00,301.671630859,8.52e-7,-0.57409668,2.020199776,2.100189070759458
207,25,1,9/13/2020 19:00:00,294.650878906,8.58e-7,2.412307739,0.323708534,2.433930122789831
1003,2,1,7/20/2016 16:00:00,302.747802734,0.010708656,1.803970337,-1.256793976,2.198599571292094
1003,3,1,7/20/2016 15:00:00,294.859863281,0.011064994,1.364944458,-0.593566895,1.488420314381947
1003,4,1,7/20/2016 15:00:00,294.859863281,0.011064994,1.364944458,-0.593566895,1.488420314381947
1003,6,1,7/20/2016 17:00:00,299.450927734,0,0.233917236,1.847381592,1.86213211662286
1003,7,1,7/20/2016 15:00:00,294.859863281,0.011064994,1.364944458,-0.593566895,1.488420314381947
1003,8,1,7/20/2016 16:00:00,302.747802734,0.010708656,1.803970337,-1.256793976,2.198599571292094
1003,9,1,7/20/2016 16:00:00,302.747802734,0.010708656,1.803970337,-1.256793976,2.198599571292094
1003,10,1,7/20/2016 16:00:00,302.823974609,0.010687109,1.940689087,-1.318317413,2.346110597098932
1013,1,1,6/8/2016 16:00:00,296.23046875,2.527e-6,1.324905396,-0.535442352,1.429011133849281
1013,2,1,6/8/2016 17:00:00,298.875488281,8.10766e-4,1.386383057,-1.203775406,1.836064598217375
1013,3,1,6/8/2016 17:00:00,298.875488281,8.10766e-4,1.386383057,-1.203775406,1.836064598217375
1013,4,1,6/8/2016 17:00:00,298.875488281,8.10766e-4,1.386383057,-1.203775406,1.836064598217375
1013,5,1,6/8/2016 16:00:00,296.23046875,2.527e-6,1.324905396,-0.535442352,1.429011133849281
1013,6,1,6/8/2016 17:00:00,298.875488281,8.10766e-4,1.386383057,-1.203775406,1.836064598217375
1013,7,1,6/8/2016 16:00:00,296.23046875,2.527e-6,1.324905396,-0.535442352,1.429011133849281
1013,8,1,6/8/2016 18:00:00,298.045166016,0.012009853,3.122268677,1.998809814,3.70726346027876
1013,29,1,6/8/2016 15:00:00,300.167480469,0,3.367752075,-0.005548477,3.367756645641698
1013,30,1,6/8/2016 14:00:00,304.329345703,8.3062e-5,1.618286133,2.580749512,3.046164482090278
1013,31,1,6/8/2016 15:00:00,300.167480469,0,3.367752075,-0.005548477,3.367756645641698
1013,32,1,6/8/2016 14:00:00,304.329345703,8.3062e-5,1.618286133,2.580749512,3.046164482090278
1013,33,1,6/8/2016 15:00:00,300.167480469,0,3.367752075,-0.005548477,3.367756645641698
1013,34,1,6/8/2016 15:00:00,300.167480469,0,3.367752075,-0.005548477,3.367756645641698
1013,35,1,6/8/2016 15:00:00,300.167480469,0,3.367752075,-0.005548477,3.367756645641698
1019,1,1,8/3/2016 13:00:00,293.549804688,0,-1.938430786,2.764562607,3.376436038211773
1019,3,1,8/3/2016 14:00:00,294.473632812,2.142e-6,1.335510254,2.288729668,2.649881342951517
1019,4,1,8/3/2016 14:00:00,294.661132812,2.142e-6,1.499572754,2.14908123,2.6205473813074742
1019,5,1,8/3/2016 13:00:00,293.549804688,0,-1.938430786,2.764562607,3.376436038211773
1019,6,1,8/3/2016 15:00:00,282.627685547,0,1.257003784,-1.290611267,1.801592616408511
1019,7,1,8/3/2016 14:00:00,294.473632812,2.142e-6,1.335510254,2.288729668,2.649881342951517
1019,8,1,8/3/2016 13:00:00,293.549804688,0,-1.938430786,2.764562607,3.376436038211773
1019,9,1,8/3/2016 13:00:00,293.549804688,0,-1.938430786,2.764562607,3.376436038211773
1019,10,1,8/3/2016 17:00:00,294.474609375,0,-4.695785522,-1.789250374,5.025118761729314
1019,11,1,8/3/2016 16:00:00,290.366699219,0,2.667236328,-0.75189209,2.771189517952082
1019,31,1,8/3/2016 20:00:00,294.540527344,0,1.656112671,0.884231567,1.87738505457086
1019,32,1,8/3/2016 19:00:00,287.060302734,0,-0.844161987,1.206695557,1.47265869351297
1019,33,1,8/3/2016 15:00:00,282.627685547,0,1.257003784,-1.290611267,1.801592616408511
1019,34,1,8/3/2016 18:00:00,281.115722656,0,3.502838135,1.823745728,3.949167441424652
1019,35,1,8/3/2016 19:00:00,287.060302734,0,-0.844161987,1.206695557,1.47265869351297
1030,3,1,6/28/2016 17:00:00,299.87890625,0.00193578,1.342712402,0.877942085,1.604262727578858
1030,4,1,6/28/2016 17:00:00,299.87890625,0.00193578,1.342712402,0.877942085,1.604262727578858
1030,7,1,6/28/2016 18:00:00,295.325195312,0,-1.971176147,0.362533569,2.004237009725557
1030,8,1,6/28/2016 17:00:00,299.87890625,0.00193578,1.342712402,0.877942085,1.604262727578858
1002,1,1,6/7/2016 16:00:00,295.504150391,0,1.711868286,0.467880249,1.77465629236111
1002,2,1,6/7/2016 15:00:00,298.032226562,0,2.221084595,-0.089738846,2.222896722438477
1002,5,1,6/7/2016 16:00:00,295.642822266,0,1.604446411,0.648544312,1.730565806433935
1002,29,1,6/7/2016 15:00:00,298.032226562,0,2.221084595,-0.089738846,2.222896722438477
1002,30,1,6/7/2016 13:00:00,271.570556641,1.90619e-4,3.717788696,-3.115219116,4.850416778875522
1002,31,1,6/7/2016 14:00:00,301.515869141,0.003052366,5.617126465,-2.110255241,6.000440559323238
1002,32,1,6/7/2016 15:00:00,298.032226562,0,2.221084595,-0.089738846,2.222896722438477
1002,33,1,6/7/2016 14:00:00,301.361572266,0.00337961,5.464782715,-2.012598991,5.823607543502308
1002,34,1,6/7/2016 14:00:00,301.515869141,0.003052366,5.617126465,-2.110255241,6.000440559323238
1002,35,1,6/7/2016 14:00:00,301.515869141,0.003052366,5.617126465,-2.110255241,6.000440559323238
1030,1,1,6/28/2016 16:00:00,301.337158203,0,0.607543945,0.698242188,0.925554859643225
1030,2,1,6/28/2016 15:00:00,296.669433594,0.005366503,-0.195663452,-1.56315136,1.575349599523358
1030,5,1,6/28/2016 15:00:00,296.669433594,0.005366503,-0.195663452,-1.56315136,1.575349599523358
1030,6,1,6/28/2016 16:00:00,301.337158203,0,0.607543945,0.698242188,0.925554859643225
1030,9,1,6/28/2016 16:00:00,301.337158203,0,0.607543945,0.698242188,0.925554859643225
1030,28,1,6/28/2016 13:00:00,292.515625,0,1.064147949,-2.345794678,2.575881116956687
1030,30,1,6/28/2016 14:00:00,292.668457031,7.71e-7,1.227111816,-1.156555176,1.686245321446203
1030,31,1,6/28/2016 14:00:00,292.668457031,7.71e-7,1.227111816,-1.156555176,1.686245321446203
1030,33,1,6/28/2016 15:00:00,296.741699219,0.00504291,-0.156600952,-1.573893547,1.581665184372327
1030,34,1,6/28/2016 14:00:00,292.668457031,7.71e-7,1.227111816,-1.156555176,1.686245321446203
1030,35,1,6/28/2016 15:00:00,296.741699219,0.00504291,-0.156600952,-1.573893547,1.581665184372327
1002,3,1,6/7/2016 17:00:00,298.510009766,0.005175146,-2.271469116,0.96996212,2.469898471430904
1002,4,1,6/7/2016 17:00:00,298.510009766,0.005175146,-2.271469116,0.96996212,2.469898471430904
1002,6,1,6/7/2016 17:00:00,298.510009766,0.005175146,-2.271469116,0.96996212,2.469898471430904
1002,7,1,6/7/2016 18:00:00,296.881591797,0.002986223,2.094818115,1.400878906,2.520064412710102
1002,8,1,6/7/2016 16:00:00,295.642822266,0,1.604446411,0.648544312,1.730565806433935
1016,1,1,6/13/2016 16:00:00,302.704345703,0,1.732833862,-0.595535278,1.83231423632421
1016,2,1,6/13/2016 16:00:00,302.704345703,0,1.732833862,-0.595535278,1.83231423632421
1016,3,1,6/13/2016 15:00:00,293.988037109,1.1466e-5,-1.695526123,-1.175979614,2.063428430142175
1016,4,1,6/13/2016 13:00:00,295.719970703,2.65154e-4,-1.29864502,-2.979496956,3.250212454407261
1016,5,1,6/13/2016 15:00:00,293.988037109,1.1466e-5,-1.695526123,-1.175979614,2.063428430142175
1016,6,1,6/13/2016 15:00:00,293.988037109,1.1466e-5,-1.695526123,-1.175979614,2.063428430142175
1016,7,1,6/13/2016 14:00:00,296.415039062,4.35e-7,1.488647461,1.360687256,2.016814585375303
1016,8,1,6/13/2016 13:00:00,295.719970703,2.65154e-4,-1.29864502,-2.979496956,3.250212454407261
1016,9,1,6/13/2016 14:00:00,296.415039062,4.35e-7,1.488647461,1.360687256,2.016814585375303
1016,10,1,6/13/2016 15:00:00,293.988037109,1.1466e-5,-1.695526123,-1.175979614,2.063428430142175
1016,11,1,6/13/2016 14:00:00,296.415039062,4.35e-7,1.488647461,1.360687256,2.016814585375303
1016,12,1,6/13/2016 13:00:00,295.719970703,2.65154e-4,-1.29864502,-2.979496956,3.250212454407261
1016,13,1,6/13/2016 14:00:00,296.415039062,4.35e-7,1.488647461,1.360687256,2.016814585375303
1016,14,1,6/13/2016 15:00:00,293.988037109,1.1466e-5,-1.695526123,-1.175979614,2.063428430142175
1016,15,1,6/13/2016 13:00:00,295.719970703,2.65154e-4,-1.29864502,-2.979496956,3.250212454407261
1026,3,1,6/27/2016 17:00:00,294.237060547,2.7612e-5,-1.171737671,-2.0519104,2.36290191486415
1026,4,1,6/27/2016 16:00:00,295.658203125,8.52e-7,-0.042617798,-0.016666412,0.045760747320411
1026,5,1,6/27/2016 16:00:00,295.658203125,8.52e-7,-0.042617798,-0.016666412,0.045760747320411
1026,7,1,6/27/2016 17:00:00,294.237060547,2.7612e-5,-1.171737671,-2.0519104,2.36290191486415
1026,8,1,6/27/2016 17:00:00,294.237060547,2.7612e-5,-1.171737671,-2.0519104,2.36290191486415
1026,10,1,6/27/2016 18:00:00,293.706298828,8.42e-7,-1.375595093,-0.930007935,1.660474817348533
214,3,1,6/7/2023 17:00:00,300.956298828,0,-1.135177612,2.1902771,2.466970203624363
214,18,1,6/7/2023 16:00:00,298.538330078,1.3836e-4,0.152313232,-1.675606728,1.682515149281323
214,30,1,6/7/2023 17:00:00,300.956298828,0,-1.135177612,2.1902771,2.466970203624363
214,2,1,6/7/2023 17:00:00,300.956298828,0,-1.135177612,2.1902771,2.466970203624363
214,6,1,6/7/2023 18:00:00,299.053955078,8.58e-7,2.691162109,-4.071641922,4.880637400781294
214,9,1,6/7/2023 19:00:00,292.3671875,8.52e-7,-1.11555481,2.522868156,2.758500728053733
214,8,1,6/7/2023 20:00:00,283.953857422,0,3.062149048,-0.202850342,3.068860546427098
214,10,1,6/7/2023 20:00:00,283.953857422,0,3.062149048,-0.202850342,3.068860546427098
214,4,1,6/7/2023 19:00:00,292.3671875,8.52e-7,-1.11555481,2.522868156,2.758500728053733
214,13,1,6/7/2023 17:00:00,300.956298828,0,-1.135177612,2.1902771,2.466970203624363
214,19,1,6/7/2023 19:00:00,292.3671875,8.52e-7,-1.11555481,2.522868156,2.758500728053733
214,1,1,6/7/2023 20:00:00,283.953857422,0,3.062149048,-0.202850342,3.068860546427098
214,5,1,6/7/2023 20:00:00,283.953857422,0,3.062149048,-0.202850342,3.068860546427098
214,15,1,6/7/2023 21:00:00,291.084228516,8.58e-7,1.128860474,1.791854858,2.117798338345203
214,12,1,6/7/2023 20:00:00,283.953857422,0,3.062149048,-0.202850342,3.068860546427098
1026,1,1,6/27/2016 16:00:00,295.66015625,8.52e-7,-0.06312561,0.025814056,0.068199766312233
1026,2,1,6/27/2016 15:00:00,294.175048828,1.34e-7,0.494888306,-2.311233521,2.363623240706862
1026,6,1,6/27/2016 15:00:00,294.175048828,1.34e-7,0.494888306,-2.311233521,2.363623240706862
1026,9,1,6/27/2016 15:00:00,294.175048828,1.34e-7,0.494888306,-2.311233521,2.363623240706862
1026,32,1,6/27/2016 14:00:00,295.660400391,0,-1.163299561,-1.733048439,2.087276397735367
1026,33,1,6/27/2016 14:00:00,295.660400391,0,-1.163299561,-1.733048439,2.087276397735367
1026,35,1,6/27/2016 15:00:00,294.175048828,1.34e-7,0.494888306,-2.311233521,2.363623240706862
1026,36,1,6/27/2016 14:00:00,295.660400391,0,-1.163299561,-1.733048439,2.087276397735367
1026,39,1,6/27/2016 14:00:00,295.660400391,0,-1.163299561,-1.733048439,2.087276397735367
186,12,1,7/24/2023 15:00:00,299.645507812,8.64e-7,-3.075164795,0.044365883,3.075484815111556
186,8,1,7/24/2023 16:00:00,286.170898438,0,2.154724121,-0.726047516,2.273759229362026
186,14,1,7/24/2023 16:00:00,286.170898438,0,2.154724121,-0.726047516,2.273759229362026
186,15,1,7/24/2023 16:00:00,286.170898438,0,2.154724121,-0.726047516,2.273759229362026
186,4,1,7/24/2023 16:00:00,286.170898438,0,2.154724121,-0.726047516,2.273759229362026
186,9,1,7/24/2023 17:00:00,286.43359375,3e-8,2.403320312,0.031644821,2.403528638641092
186,1,1,7/24/2023 17:00:00,286.43359375,3e-8,2.403320312,0.031644821,2.403528638641092
186,5,1,7/24/2023 17:00:00,286.43359375,3e-8,2.403320312,0.031644821,2.403528638641092
186,11,1,7/24/2023 18:00:00,299.595947266,0.001256436,-1.2550354,0.099136353,1.258944745308268
186,3,1,7/24/2023 18:00:00,299.595947266,0.001256436,-1.2550354,0.099136353,1.258944745308268
186,7,1,7/24/2023 18:00:00,299.595947266,0.001256436,-1.2550354,0.099136353,1.258944745308268
186,2,1,7/24/2023 19:00:00,295.532714844,0,2.829559326,0.408843994,2.858943754393123
186,13,1,7/24/2023 19:00:00,295.532714844,0,2.829559326,0.408843994,2.858943754393123
186,10,1,7/24/2023 19:00:00,295.532714844,0,2.829559326,0.408843994,2.858943754393123
186,6,1,7/24/2023 19:00:00,295.532714844,0,2.829559326,0.408843994,2.858943754393123
1014,1,1,9/14/2016 13:00:00,299.199951172,4.47583e-4,0.261474609,0.373912811,0.456267203929479
1014,2,1,9/14/2016 14:00:00,289.531982422,0.008770186,2.30897522,-2.209014893,3.195483275510897
1014,3,1,9/14/2016 15:00:00,301.322021484,0,-0.17477417,1.152205467,1.165385536500207
1014,4,1,9/14/2016 15:00:00,301.322021484,0,-0.17477417,1.152205467,1.165385536500207
1014,5,1,9/14/2016 14:00:00,289.531982422,0.008770186,2.30897522,-2.209014893,3.195483275510897
1014,6,1,9/14/2016 14:00:00,289.531982422,0.008770186,2.30897522,-2.209014893,3.195483275510897
1014,7,1,9/14/2016 15:00:00,301.322021484,0,-0.17477417,1.152205467,1.165385536500207
1014,8,1,9/14/2016 14:00:00,289.531982422,0.008770186,2.30897522,-2.209014893,3.195483275510897
1014,19,1,9/14/2016 13:00:00,299.199951172,4.47583e-4,0.261474609,0.373912811,0.456267203929479
1014,20,1,9/14/2016 15:00:00,301.322021484,0,-0.17477417,1.152205467,1.165385536500207
1014,22,1,9/14/2016 16:00:00,297.604003906,0.003525904,0.449783325,1.892285347,1.94500613724455
1014,23,1,9/14/2016 13:00:00,299.199951172,4.47583e-4,0.261474609,0.373912811,0.456267203929479
1014,24,1,9/14/2016 16:00:00,297.604003906,0.003525904,0.449783325,1.892285347,1.94500613724455
1014,25,1,9/14/2016 15:00:00,301.322021484,0,-0.17477417,1.152205467,1.165385536500207
1014,27,1,9/14/2016 17:00:00,300.590087891,8.73902e-4,1.05418396,0.083286285,1.057468877457102
47,18,1,6/17/2023 16:00:00,295.824462891,0.008964497,-0.836227417,9.97543e-4,0.836228011988673
47,19,1,6/17/2023 16:00:00,295.836181641,0.00906569,-0.741500854,-0.044900894,0.742859075979239
47,23,1,6/17/2023 17:00:00,290.047363281,4.92e-7,-0.786254883,-0.664053917,1.029157104491043
47,24,1,6/17/2023 17:00:00,290.047363281,4.92e-7,-0.786254883,-0.664053917,1.029157104491043
47,28,1,6/17/2023 17:00:00,290.047363281,4.92e-7,-0.786254883,-0.664053917,1.029157104491043
47,21,1,6/17/2023 17:00:00,290.047363281,4.92e-7,-0.786254883,-0.664053917,1.029157104491043
47,17,1,6/18/2023 12:00:00,301.209472656,1.42843e-4,1.425674438,2.914398193,3.244420507660541
47,16,1,6/18/2023 13:00:00,295.1484375,0.027139038,3.620376587,2.997390747,4.7001572231042434
47,27,1,6/18/2023 13:00:00,295.1484375,0.027139038,3.620376587,2.997390747,4.7001572231042434
47,1,1,6/18/2023 15:00:00,288.859863281,0,-0.226669312,2.393966675,2.404673661437891
47,2,1,6/18/2023 14:00:00,291.967773438,0,0.162826538,-1.589391708,1.597710387691156
47,11,1,6/18/2023 14:00:00,291.967773438,0,0.162826538,-1.589391708,1.597710387691156
47,3,1,6/18/2023 14:00:00,291.967773438,0,0.162826538,-1.589391708,1.597710387691156
47,4,1,6/18/2023 13:00:00,295.1484375,0.027139038,3.620376587,2.997390747,4.7001572231042434
1029,1,1,9/13/2016 14:00:00,291.258789062,0,-0.345199585,-2.353832245,2.379010086377507
1029,2,1,9/13/2016 15:00:00,290.844482422,1.0762e-5,-0.195373535,1.057761192,1.07565308416778
1029,3,1,9/13/2016 15:00:00,290.844482422,1.0762e-5,-0.195373535,1.057761192,1.07565308416778
1029,4,1,9/13/2016 14:00:00,291.258789062,0,-0.345199585,-2.353832245,2.379010086377507
1029,5,1,9/13/2016 14:00:00,291.258789062,0,-0.345199585,-2.353832245,2.379010086377507
1029,6,1,9/13/2016 15:00:00,290.844482422,1.0762e-5,-0.195373535,1.057761192,1.07565308416778
1029,7,1,9/13/2016 14:00:00,291.258789062,0,-0.345199585,-2.353832245,2.379010086377507
1029,8,1,9/13/2016 13:00:00,291.032714844,5.74e-7,-0.282089233,-1.101635933,1.137178993936886
1029,20,1,9/13/2016 16:00:00,294.298339844,0,0.483200073,1.726787567,1.793119519745682
1029,21,1,9/13/2016 16:00:00,294.298339844,0,0.483200073,1.726787567,1.793119519745682
1029,22,1,9/13/2016 15:00:00,290.844482422,1.0762e-5,-0.195373535,1.057761192,1.07565308416778
1029,23,1,9/13/2016 15:00:00,290.844482422,1.0762e-5,-0.195373535,1.057761192,1.07565308416778
1029,24,1,9/13/2016 16:00:00,294.298339844,0,0.483200073,1.726787567,1.793119519745682
1029,25,1,9/13/2016 17:00:00,294.728271484,0,1.827301025,-0.306243896,1.852785567680002
1029,26,1,9/13/2016 16:00:00,294.298339844,0,0.483200073,1.726787567,1.793119519745682
49,35,1,6/20/2023 14:00:00,297.655517578,0,1.678024292,1.782165527,2.447831589421398
49,2,1,6/20/2023 14:00:00,297.655517578,0,1.678024292,1.782165527,2.447831589421398
49,13,1,6/20/2023 15:00:00,295.053710938,0,-1.76071167,-1.3956604,2.246769578083687
49,5,1,6/20/2023 15:00:00,295.053710938,0,-1.76071167,-1.3956604,2.246769578083687
49,9,1,6/20/2023 15:00:00,295.053710938,0,-1.76071167,-1.3956604,2.246769578083687
49,15,1,6/20/2023 16:00:00,306.211181641,4.947e-6,1.643722534,2.687685966,3.150472920152264
49,4,1,6/20/2023 16:00:00,306.107666016,6.586e-6,1.616378784,2.664248466,3.116231740732494
49,12,1,6/20/2023 17:00:00,290.892089844,0,-0.910202026,0.144220352,0.921556964091482
49,10,1,6/20/2023 16:00:00,306.211181641,4.947e-6,1.643722534,2.687685966,3.150472920152264
49,21,1,6/20/2023 14:00:00,297.622314453,0,1.709274292,1.80657959,2.48703607137023
49,7,1,6/20/2023 13:00:00,292.141113281,7.057e-6,2.23449707,-1.72350502,2.821957956774655
49,11,1,6/20/2023 14:00:00,297.622314453,0,1.709274292,1.80657959,2.48703607137023
49,3,1,6/20/2023 16:00:00,306.211181641,4.947e-6,1.643722534,2.687685966,3.150472920152264
49,6,1,6/20/2023 16:00:00,306.107666016,6.586e-6,1.616378784,2.664248466,3.116231740732494
49,8,1,6/20/2023 17:00:00,290.892089844,0,-0.910202026,0.144220352,0.921556964091482
211,4,1,7/29/2020 22:00:00,296.287841797,0.003271389,0.889083862,-1.324234009,1.595012797522655
211,6,1,7/30/2020 0:00:00,292.029785156,0,-2.186950684,-0.717269897,2.301571071983322
211,7,1,7/29/2020 22:00:00,296.287841797,0.003271389,0.889083862,-1.324234009,1.595012797522655
211,8,1,7/29/2020 22:00:00,296.287841797,0.003271389,0.889083862,-1.324234009,1.595012797522655
211,10,1,7/29/2020 20:00:00,296.215576172,0,3.065856934,-0.061551094,3.066474731173971
211,12,1,7/29/2020 22:00:00,296.287841797,0.003271389,0.889083862,-1.324234009,1.595012797522655
211,14,1,7/29/2020 23:00:00,296.579101562,0,0.47833252,2.75491333,2.796131158494043
211,15,1,7/29/2020 22:00:00,296.287841797,0.003271389,0.889083862,-1.324234009,1.595012797522655
211,17,1,7/30/2020 0:00:00,292.029785156,0,-2.186950684,-0.717269897,2.301571071983322
211,19,1,7/29/2020 23:00:00,296.579101562,0,0.47833252,2.75491333,2.796131158494043
211,20,1,7/29/2020 21:00:00,297.173095703,0,-2.240325928,-1.704120636,2.81479793337108
211,22,1,7/29/2020 22:00:00,296.287841797,0.003271389,0.889083862,-1.324234009,1.595012797522655
276,15,1,7/22/2022 20:00:00,297.940429688,1.12977e-4,-0.608520508,0.073200226,0.612907400626742
276,16,1,7/22/2022 20:00:00,297.940429688,1.12977e-4,-0.608520508,0.073200226,0.612907400626742
276,12,1,7/22/2022 21:00:00,294.754150391,1.711e-6,2.402130127,1.082573891,2.634804618281195
276,18,1,7/22/2022 19:00:00,299.196533203,2.57934e-4,1.847610474,-0.814758301,2.019280949418112
276,7,1,7/22/2022 20:00:00,297.940429688,1.12977e-4,-0.608520508,0.073200226,0.612907400626742
276,4,1,7/22/2022 21:00:00,294.754150391,1.711e-6,2.402130127,1.082573891,2.634804618281195
276,10,1,7/22/2022 19:00:00,299.196533203,2.57934e-4,1.847610474,-0.814758301,2.019280949418112
276,20,1,7/22/2022 18:00:00,287.393798828,1.10842e-4,1.31098938,-0.172424316,1.322279584362117
276,6,1,7/22/2022 18:00:00,287.393798828,1.10842e-4,1.31098938,-0.172424316,1.322279584362117
276,17,1,7/22/2022 19:00:00,299.196533203,2.57934e-4,1.847610474,-0.814758301,2.019280949418112
276,2,1,7/22/2022 18:00:00,287.393798828,1.10842e-4,1.31098938,-0.172424316,1.322279584362117
276,19,1,7/22/2022 17:00:00,283.329101562,0,0.696746826,0.25062561,0.740452115892004
1001,1,1,5/31/2016 13:00:00,297.937011719,4.9367e-4,-0.526885986,-3.517899513,3.557137307696855
1001,4,1,5/31/2016 12:00:00,278.320556641,8.52e-7,-0.544952393,2.017791748,2.090085320969774
1001,5,1,5/31/2016 14:00:00,294.633056641,9.83e-7,-1.172683716,-2.639662743,2.888426300696255
1001,6,1,5/31/2016 14:00:00,294.633056641,9.83e-7,-1.172683716,-2.639662743,2.888426300696255
1001,7,1,5/31/2016 13:00:00,297.937011719,4.9367e-4,-0.526885986,-3.517899513,3.557137307696855
1001,8,1,5/31/2016 12:00:00,278.320556641,8.52e-7,-0.544952393,2.017791748,2.090085320969774
1001,9,1,5/31/2016 14:00:00,294.633056641,9.83e-7,-1.172683716,-2.639662743,2.888426300696255
1001,11,1,5/31/2016 13:00:00,297.937011719,4.9367e-4,-0.526885986,-3.517899513,3.557137307696855
1001,12,1,5/31/2016 12:00:00,278.320556641,8.52e-7,-0.544952393,2.017791748,2.090085320969774
1001,13,1,5/31/2016 14:00:00,294.793212891,1.006e-6,-1.238113403,-2.688490868,2.959883096679265
1001,14,1,5/31/2016 15:00:00,301.060302734,2.1517e-5,-1.339523315,-0.143585205,1.347196875932943
1001,15,1,5/31/2016 13:00:00,297.937011719,4.9367e-4,-0.526885986,-3.517899513,3.557137307696855
1001,16,1,5/31/2016 15:00:00,300.773193359,2.0966e-5,-1.229171753,-0.23928833,1.252246822015245
1001,17,1,5/31/2016 16:00:00,295.943115234,4.35e-7,-1.619155884,1.480819702,2.194195243482947
1001,18,1,5/31/2016 16:00:00,295.968505859,4.35e-7,-1.625015259,1.431015015,2.165289487606285
1005,2,1,8/18/2016 15:00:00,295.830322266,8.64e-7,1.404525757,2.108886719,2.533790795557322
1005,12,1,8/18/2016 15:00:00,295.830322266,8.64e-7,1.404525757,2.108886719,2.533790795557322
1005,31,1,8/18/2016 15:00:00,295.830322266,8.64e-7,1.404525757,2.108886719,2.533790795557322
1005,32,1,8/18/2016 16:00:00,292.057617188,0,2.041809082,-0.969970703,2.260492754249833
1005,33,1,8/18/2016 16:00:00,292.057617188,0,2.041809082,-0.969970703,2.260492754249833
1005,34,1,8/18/2016 16:00:00,292.057617188,0,2.041809082,-0.969970703,2.260492754249833
1005,35,1,8/18/2016 15:00:00,295.830322266,8.64e-7,1.404525757,2.108886719,2.533790795557322
1007,21,1,6/21/2016 14:00:00,297.628417969,0.006278998,-0.09022522,0.516860962,0.524676895206577
1007,22,1,6/21/2016 14:00:00,297.761230469,0.006215608,-0.093154907,0.472915649,0.482003161573936
1007,25,1,6/21/2016 14:00:00,297.628417969,0.006278998,-0.09022522,0.516860962,0.524676895206577
1008,32,1,6/16/2016 11:00:00,295.825683594,4.26e-7,0.878082275,0.901229858,1.258270137379043
1008,35,1,6/16/2016 12:00:00,299.057128906,8.94e-7,-1.637741089,-0.178237915,1.647411493508059
1015,3,1,6/20/2016 14:00:00,270.764648438,4.5683e-5,1.747848511,-1.373273849,2.222803518476654
1015,7,1,6/20/2016 13:00:00,292.116699219,3.99843e-4,-0.634689331,-0.900486946,1.101683841581438
159,11,1,8/5/2022 15:00:00,291.795898438,9.7789e-5,1.57434082,1.801071167,2.392155171830835
159,7,1,8/5/2022 15:00:00,291.795898438,9.7789e-5,1.57434082,1.801071167,2.392155171830835
159,14,1,8/5/2022 16:00:00,290.625488281,1.284e-6,2.695297241,0.784255981,2.80707760154159
159,1,1,8/5/2022 16:00:00,290.625488281,1.284e-6,2.695297241,0.784255981,2.80707760154159
159,4,1,8/5/2022 16:00:00,290.625488281,1.284e-6,2.695297241,0.784255981,2.80707760154159
159,15,1,8/5/2022 17:00:00,287.337646484,0,1.487869263,1.271316528,1.957038747226569
159,8,1,8/5/2022 17:00:00,287.337646484,0,1.487869263,1.271316528,1.957038747226569
159,2,1,8/5/2022 17:00:00,287.337646484,0,1.487869263,1.271316528,1.957038747226569
159,10,1,8/5/2022 20:00:00,296.679931641,0,0.774459839,2.545410156,2.660620398420611
159,9,1,8/5/2022 20:00:00,296.679931641,0,0.774459839,2.545410156,2.660620398420611
159,5,1,8/5/2022 20:00:00,296.679931641,0,0.774459839,2.545410156,2.660620398420611
159,6,1,8/5/2022 19:00:00,289.018310547,3.45679e-4,0.449172974,-0.58246994,0.735545778028539
159,13,1,8/5/2022 21:00:00,306.701660156,4.26e-7,1.690628052,2.806625366,3.276487319567092
159,12,1,8/5/2022 21:00:00,306.701660156,4.26e-7,1.690628052,2.806625366,3.276487319567092
1005,1,1,8/18/2016 14:00:00,303.248535156,4.69034e-4,-0.885101318,0.190933228,0.905461120468371
1005,3,1,8/18/2016 13:00:00,293.682617188,0.012944135,0.034912109,0.663009644,0.663928191442293
1005,4,1,8/18/2016 12:00:00,303.485595703,2.14756e-4,2.866394043,1.597137451,3.281320290238773
1005,5,1,8/18/2016 14:00:00,303.248535156,4.69034e-4,-0.885101318,0.190933228,0.905461120468371
1005,6,1,8/18/2016 14:00:00,303.248535156,4.69034e-4,-0.885101318,0.190933228,0.905461120468371
1005,7,1,8/18/2016 13:00:00,293.682617188,0.012944135,0.034912109,0.663009644,0.663928191442293
1005,8,1,8/18/2016 12:00:00,303.614501953,1.93208e-4,2.753112793,1.454559326,3.113739373138644
1005,9,1,8/18/2016 14:00:00,303.248535156,4.69034e-4,-0.885101318,0.190933228,0.905461120468371
1005,10,1,8/18/2016 14:00:00,303.248535156,4.69034e-4,-0.885101318,0.190933228,0.905461120468371
1005,11,1,8/18/2016 12:00:00,303.485595703,2.14756e-4,2.866394043,1.597137451,3.281320290238773
1005,13,1,8/18/2016 14:00:00,303.248535156,4.69034e-4,-0.885101318,0.190933228,0.905461120468371
1005,14,1,8/18/2016 13:00:00,293.682617188,0.012944135,0.034912109,0.663009644,0.663928191442293
1005,15,1,8/18/2016 12:00:00,303.485595703,2.14756e-4,2.866394043,1.597137451,3.281320290238773
1007,1,1,6/21/2016 16:00:00,297.823486328,2.57462e-4,0.643173218,1.190595627,1.353214593249718
1007,2,1,6/21/2016 18:00:00,293.100341797,0,0.954025269,1.739151001,1.9836356566088
1007,3,1,6/21/2016 16:00:00,297.823486328,2.57462e-4,0.643173218,1.190595627,1.353214593249718
1007,4,1,6/21/2016 17:00:00,293.007324219,3.2118e-5,-1.045516968,-0.962594032,1.421159034315981
1007,5,1,6/21/2016 17:00:00,293.007324219,3.2118e-5,-1.045516968,-0.962594032,1.421159034315981
1007,6,1,6/21/2016 16:00:00,297.823486328,2.57462e-4,0.643173218,1.190595627,1.353214593249718
1007,7,1,6/21/2016 18:00:00,293.217529297,0,0.998947144,1.722549438,1.99124884503667
1007,8,1,6/21/2016 18:00:00,293.217529297,0,0.998947144,1.722549438,1.99124884503667
1007,19,1,6/21/2016 15:00:00,292.072998047,8.57e-7,-0.354644775,-1.768875122,1.804076526554601
1007,20,1,6/21/2016 15:00:00,292.072998047,8.57e-7,-0.354644775,-1.768875122,1.804076526554601
1007,23,1,6/21/2016 15:00:00,292.072998047,8.57e-7,-0.354644775,-1.768875122,1.804076526554601
1007,24,1,6/21/2016 15:00:00,292.072998047,8.57e-7,-0.354644775,-1.768875122,1.804076526554601
1008,2,1,6/16/2016 13:00:00,295.061035156,0,-0.324890137,0.92741394,0.982675031343629
1008,3,1,6/16/2016 14:00:00,276.666503906,0.011940214,7.87588501,-1.380569458,7.995970029902884
1008,4,1,6/16/2016 15:00:00,304.616943359,6.4969e-5,3.736709595,3.789716721,5.322119072586788
1008,5,1,6/16/2016 14:00:00,276.666503906,0.011940214,7.87588501,-1.380569458,7.995970029902884
1008,6,1,6/16/2016 13:00:00,295.061035156,0,-0.324890137,0.92741394,0.982675031343629
1008,7,1,6/16/2016 14:00:00,276.666503906,0.011940214,7.87588501,-1.380569458,7.995970029902884
1008,8,1,6/16/2016 15:00:00,304.616943359,6.4969e-5,3.736709595,3.789716721,5.322119072586788
1008,9,1,6/16/2016 14:00:00,276.666503906,0.011940214,7.87588501,-1.380569458,7.995970029902884
1008,10,1,6/16/2016 13:00:00,295.061035156,0,-0.324890137,0.92741394,0.982675031343629
1008,12,1,6/16/2016 17:00:00,294.304443359,0,-2.511550903,-0.113232613,2.514102138539109
1008,33,1,6/16/2016 12:00:00,299.057128906,8.94e-7,-1.637741089,-0.178237915,1.647411493508059
1008,34,1,6/16/2016 12:00:00,299.057128906,8.94e-7,-1.637741089,-0.178237915,1.647411493508059
1008,36,1,6/16/2016 12:00:00,299.057128906,8.94e-7,-1.637741089,-0.178237915,1.647411493508059
1015,2,1,6/20/2016 14:00:00,270.764648438,4.5683e-5,1.747848511,-1.373273849,2.222803518476654
1015,4,1,6/20/2016 16:00:00,296.294433594,0.001712316,0.457824707,-1.837158203,1.893344587017858
1015,6,1,6/20/2016 15:00:00,296.243896484,0,1.495082855,1.536563873,2.143898616801576
1015,8,1,6/20/2016 16:00:00,296.294433594,0.001712316,0.457824707,-1.837158203,1.893344587017858
1015,10,1,6/20/2016 15:00:00,296.243896484,0,1.495082855,1.536563873,2.143898616801576
1015,11,1,6/20/2016 17:00:00,295.110107422,0.003784767,-1.824981689,-1.516738892,2.372984414548625
1015,13,1,6/20/2016 16:00:00,296.294433594,0.001712316,0.457824707,-1.837158203,1.893344587017858
1015,14,1,6/20/2016 14:00:00,270.764648438,4.5683e-5,1.747848511,-1.373273849,2.222803518476654
1015,15,1,6/20/2016 17:00:00,295.004638672,0.00292199,-1.888458252,-1.711074829,2.548342920406175
1015,16,1,6/20/2016 16:00:00,296.294433594,0.001712316,0.457824707,-1.837158203,1.893344587017858
1015,18,1,6/20/2016 17:00:00,295.110107422,0.003784767,-1.824981689,-1.516738892,2.372984414548625
1015,19,1,6/20/2016 15:00:00,296.243896484,0,1.495082855,1.536563873,2.143898616801576
1015,20,1,6/20/2016 16:00:00,296.294433594,0.001712316,0.457824707,-1.837158203,1.893344587017858
1012,2,1,6/2/2016 14:00:00,299.44921875,0,1.005889893,2.809761047,2.984387980487472
1012,4,1,6/2/2016 15:00:00,292.659179688,0,-1.333755493,-1.931274414,2.347067228964419
1012,8,1,6/2/2016 15:00:00,292.659179688,0,-1.333755493,-1.931274414,2.347067228964419
1012,9,1,6/2/2016 14:00:00,299.44921875,0,1.005889893,2.809761047,2.984387980487472
1012,10,1,6/2/2016 14:00:00,299.44921875,0,1.005889893,2.809761047,2.984387980487472
1012,11,1,6/2/2016 13:00:00,295.849121094,0.00679411,1.061416626,4.219589233,4.351038789668364
1012,13,1,6/2/2016 15:00:00,292.659179688,0,-1.333755493,-1.931274414,2.347067228964419
46,7,1,6/23/2023 17:00:00,299.08984375,7.19041e-4,-1.838851929,-0.620880127,1.940842226686795
46,32,1,6/23/2023 17:00:00,299.08984375,7.19041e-4,-1.838851929,-0.620880127,1.940842226686795
46,18,1,6/23/2023 17:00:00,299.08984375,7.19041e-4,-1.838851929,-0.620880127,1.940842226686795
46,31,1,6/23/2023 17:00:00,299.08984375,7.19041e-4,-1.838851929,-0.620880127,1.940842226686795
46,10,1,6/23/2023 17:00:00,299.08984375,7.19041e-4,-1.838851929,-0.620880127,1.940842226686795
46,28,1,6/23/2023 18:00:00,300.873779297,4.26e-7,2.793884277,0.361369133,2.817157610704979
46,5,1,6/23/2023 18:00:00,300.873779297,4.26e-7,2.793884277,0.361369133,2.817157610704979
46,11,1,6/23/2023 21:00:00,300.002685547,0.003538418,0.767776489,1.550661087,1.730326715911532
46,4,1,6/23/2023 19:00:00,291.201660156,6.8679e-5,-2.980819702,0.898193359,3.113203720604078
46,19,1,6/23/2023 18:00:00,300.873779297,4.26e-7,2.793884277,0.361369133,2.817157610704979
46,1,1,6/23/2023 18:00:00,300.873779297,4.26e-7,2.793884277,0.361369133,2.817157610704979
46,9,1,6/23/2023 20:00:00,293.826660156,0.003627054,0.979919434,2.664440155,2.838922936028258
46,12,1,6/23/2023 20:00:00,293.826660156,0.003627054,0.979919434,2.664440155,2.838922936028258
46,15,1,6/23/2023 20:00:00,293.826660156,0.003627054,0.979919434,2.664440155,2.838922936028258
103,7,1,6/28/2023 16:00:00,295.972900391,0,1.230499268,-1.423202515,1.88139146571118
103,18,1,6/28/2023 16:00:00,295.972900391,0,1.230499268,-1.423202515,1.88139146571118
103,11,1,6/28/2023 17:00:00,289.6328125,0,0.35105896,2.249725342,2.276951143049253
103,15,1,6/28/2023 17:00:00,289.6328125,0,0.35105896,2.249725342,2.276951143049253
103,4,1,6/28/2023 17:00:00,289.6328125,0,0.35105896,2.249725342,2.276951143049253
103,12,1,6/28/2023 18:00:00,306.829589844,2.78369e-4,1.420654297,0.897705078,1.680515706160329
103,8,1,6/28/2023 18:00:00,306.829589844,2.78369e-4,1.420654297,0.897705078,1.680515706160329
103,5,1,6/28/2023 18:00:00,306.829589844,2.78369e-4,1.420654297,0.897705078,1.680515706160329
103,14,1,6/28/2023 19:00:00,291.908935547,0,0.447021484,-2.724151611,2.760585120381449
103,10,1,6/28/2023 19:00:00,291.908935547,0,0.447021484,-2.724151611,2.760585120381449
103,6,1,6/28/2023 19:00:00,291.908935547,0,0.447021484,-2.724151611,2.760585120381449
103,2,1,6/28/2023 19:00:00,291.908935547,0,0.447021484,-2.724151611,2.760585120381449
103,17,1,6/28/2023 20:00:00,298.194335938,6.485e-6,-0.973495483,0.650736809,1.170961933629316
103,23,1,6/28/2023 20:00:00,298.194335938,6.485e-6,-0.973495483,0.650736809,1.170961933629316
103,31,1,6/28/2023 20:00:00,298.194335938,6.485e-6,-0.973495483,0.650736809,1.170961933629316
1025,1,1,7/13/2016 14:00:00,289.618408203,0,-1.376785278,-1.873306274,2.32482560591656
1025,2,1,7/13/2016 13:00:00,295.452880859,8.80049e-4,0.079071045,-1.890838623,1.892491196382675
1025,3,1,7/13/2016 11:00:00,289.923828125,0,2.28565979,-0.186126709,2.293225638140742
1025,4,1,7/13/2016 11:00:00,290.634765625,0,2.15284729,-0.310150146,2.175073462466076
1025,5,1,7/13/2016 14:00:00,289.618408203,0,-1.376785278,-1.873306274,2.32482560591656
1025,6,1,7/13/2016 13:00:00,295.452880859,8.80049e-4,0.079071045,-1.890838623,1.892491196382675
1025,7,1,7/13/2016 11:00:00,289.923828125,0,2.28565979,-0.186126709,2.293225638140742
1025,9,1,7/13/2016 12:00:00,290.920410156,0,1.280563354,-2.435882568,2.751974997832284
1025,10,1,7/13/2016 14:00:00,289.618408203,0,-1.376785278,-1.873306274,2.32482560591656
1025,31,1,7/13/2016 15:00:00,293.171386719,0,-1.326293945,-1.633636475,2.104239473300054
1025,33,1,7/13/2016 13:00:00,295.452880859,8.80049e-4,0.079071045,-1.890838623,1.892491196382675
1025,34,1,7/13/2016 12:00:00,290.920410156,0,1.280563354,-2.435882568,2.751974997832284
1025,35,1,7/13/2016 14:00:00,289.618408203,0,-1.376785278,-1.873306274,2.32482560591656
1025,36,1,7/13/2016 16:00:00,297.746337891,0.006506437,0.609451294,-1.30519104,1.440470246362123
166,12,1,6/15/2022 16:00:00,296.182373047,3.88868e-4,-1.615203857,1.135437012,1.974360835279905
166,8,1,6/15/2022 16:00:00,296.182373047,3.88868e-4,-1.615203857,1.135437012,1.974360835279905
166,4,1,6/15/2022 16:00:00,296.182373047,3.88868e-4,-1.615203857,1.135437012,1.974360835279905
166,7,1,6/15/2022 16:00:00,296.182373047,3.88868e-4,-1.615203857,1.135437012,1.974360835279905
166,11,1,6/15/2022 16:00:00,296.182373047,3.88868e-4,-1.615203857,1.135437012,1.974360835279905
166,15,1,6/15/2022 16:00:00,296.182373047,3.88868e-4,-1.615203857,1.135437012,1.974360835279905
166,13,1,6/15/2022 16:00:00,296.182373047,3.88868e-4,-1.615203857,1.135437012,1.974360835279905
166,6,1,6/15/2022 16:00:00,296.182373047,3.88868e-4,-1.615203857,1.135437012,1.974360835279905
166,3,1,6/15/2022 16:00:00,296.182373047,3.88868e-4,-1.615203857,1.135437012,1.974360835279905
166,9,1,6/15/2022 16:00:00,296.182373047,3.88868e-4,-1.615203857,1.135437012,1.974360835279905
166,5,1,6/15/2022 16:00:00,296.182373047,3.88868e-4,-1.615203857,1.135437012,1.974360835279905
166,1,1,6/15/2022 16:00:00,296.182373047,3.88868e-4,-1.615203857,1.135437012,1.974360835279905
166,2,1,6/15/2022 16:00:00,296.182373047,3.88868e-4,-1.615203857,1.135437012,1.974360835279905
166,14,1,6/15/2022 16:00:00,296.182373047,3.88868e-4,-1.615203857,1.135437012,1.974360835279905
166,10,1,6/15/2022 16:00:00,296.182373047,3.88868e-4,-1.615203857,1.135437012,1.974360835279905
1025,8,1,7/13/2016 11:00:00,290.634765625,0,2.15284729,-0.310150146,2.175073462466076
1028,1,1,7/11/2016 14:00:00,294.717773438,0.003236979,0.086715698,0.906562805,0.910700681722099
1028,2,1,7/11/2016 14:00:00,294.717773438,0.003236979,0.086715698,0.906562805,0.910700681722099
1028,3,1,7/11/2016 15:00:00,296.280029297,0,0.668487549,0.318405151,0.740444085229506
1028,4,1,7/11/2016 13:00:00,297.018798828,0,-0.921035767,-0.993215561,1.354542001824168
1028,5,1,7/11/2016 14:00:00,294.717773438,0.003236979,0.086715698,0.906562805,0.910700681722099
1028,6,1,7/11/2016 14:00:00,294.717773438,0.003236979,0.086715698,0.906562805,0.910700681722099
1028,7,1,7/11/2016 16:00:00,297.815917969,1.9675e-5,0.818023682,1.24269104,1.487764687445269
1028,8,1,7/11/2016 15:00:00,296.280029297,0,0.668487549,0.318405151,0.740444085229506
1028,9,1,7/11/2016 14:00:00,294.717773438,0.003236979,0.086715698,0.906562805,0.910700681722099
1028,10,1,7/11/2016 15:00:00,296.328857422,0,0.762237549,0.433639526,0.876954571009828
1028,31,1,7/11/2016 11:00:00,293.510253906,0,-1.269180298,1.495260239,1.961280655889337
1028,32,1,7/11/2016 12:00:00,298.918212891,4.26e-7,-0.226531982,1.773498535,1.787907657715016
1028,33,1,7/11/2016 12:00:00,298.918212891,4.26e-7,-0.226531982,1.773498535,1.787907657715016
1028,34,1,7/11/2016 13:00:00,297.018798828,0,-0.921035767,-0.993215561,1.354542001824168
1028,35,1,7/11/2016 13:00:00,297.018798828,0,-0.921035767,-0.993215561,1.354542001824168
206,2,1,7/26/2022 16:00:00,295.712158203,0.001427162,-1.135131836,-0.96206665,1.487984047005529
206,5,1,7/26/2022 16:00:00,295.712158203,0.001427162,-1.135131836,-0.96206665,1.487984047005529
206,1,1,7/26/2022 16:00:00,295.712158203,0.001427162,-1.135131836,-0.96206665,1.487984047005529
206,14,1,7/26/2022 17:00:00,304.772460938,0,1.192993164,4.181365967,4.348224239771516
206,9,1,7/26/2022 17:00:00,304.772460938,0,1.192993164,4.181365967,4.348224239771516
206,13,1,7/26/2022 17:00:00,304.772460938,0,1.192993164,4.181365967,4.348224239771516
206,6,1,7/26/2022 17:00:00,304.772460938,0,1.192993164,4.181365967,4.348224239771516
206,4,1,7/26/2022 17:00:00,304.772460938,0,1.192993164,4.181365967,4.348224239771516
206,3,1,7/26/2022 18:00:00,297.4765625,0,-1.72946167,1.17309761,2.089783642051708
206,7,1,7/26/2022 18:00:00,297.4765625,0,-1.72946167,1.17309761,2.089783642051708
206,11,1,7/26/2022 19:00:00,301.632080078,0,-1.188690186,1.90222168,2.24308530336114
206,12,1,7/26/2022 19:00:00,301.632080078,0,-1.188690186,1.90222168,2.24308530336114
206,15,1,7/26/2022 19:00:00,301.632080078,0,-1.188690186,1.90222168,2.24308530336114
326,15,1,7/10/2021 18:00:00,290.563720703,0,-0.099853516,-1.202636719,1.206774959362618
326,11,1,7/10/2021 18:00:00,290.563720703,0,-0.099853516,-1.202636719,1.206774959362618
326,7,1,7/10/2021 18:00:00,290.563720703,0,-0.099853516,-1.202636719,1.206774959362618
326,17,1,7/10/2021 19:00:00,295.383544922,0,0.382339478,1.290361404,1.345814262582383
326,19,1,7/10/2021 19:00:00,295.383544922,0,0.382339478,1.290361404,1.345814262582383
326,12,1,7/10/2021 19:00:00,295.383544922,0,0.382339478,1.290361404,1.345814262582383
326,6,1,7/10/2021 19:00:00,295.383544922,0,0.382339478,1.290361404,1.345814262582383
326,13,1,7/10/2021 20:00:00,282.572753906,8.95877e-4,-0.732345581,-0.009027481,0.732401218884453
326,1,1,7/10/2021 20:00:00,282.572753906,8.95877e-4,-0.732345581,-0.009027481,0.732401218884453
326,5,1,7/10/2021 20:00:00,282.572753906,8.95877e-4,-0.732345581,-0.009027481,0.732401218884453
1031,6,1,8/1/2016 11:00:00,293.372802734,0.003563624,-2.668792725,-1.579255104,3.101048418280981
83,9,1,8/10/2020 23:00:00,294.387207031,3.86521e-4,-0.061126709,-0.698401451,0.701071366775221
83,8,1,8/10/2020 23:00:00,294.387207031,3.86521e-4,-0.061126709,-0.698401451,0.701071366775221
83,11,1,8/10/2020 23:00:00,294.451660156,3.47592e-4,-0.031829834,-0.746253014,0.746931522454737
83,15,1,8/10/2020 23:00:00,294.451660156,3.47592e-4,-0.031829834,-0.746253014,0.746931522454737
83,4,1,8/10/2020 22:00:00,293.688476562,0,-0.737533569,0.958338737,1.209284457948846
83,12,1,8/11/2020 19:00:00,297.003173828,0,0.779296875,1.26109314,1.482450514229674
83,19,1,8/11/2020 19:00:00,297.003173828,0,0.779296875,1.26109314,1.482450514229674
83,17,1,8/11/2020 20:00:00,302.187255859,4.1354e-5,1.454879761,1.591358185,2.156176243244952
83,5,1,8/11/2020 20:00:00,302.187255859,4.1354e-5,1.454879761,1.591358185,2.156176243244952
83,13,1,8/11/2020 21:00:00,296.483642578,0.003818065,1.809417725,1.773895264,2.533909412584792
83,16,1,8/11/2020 22:00:00,293.143310547,1.118e-6,-1.549957275,-0.437807083,1.610603177772351
83,20,1,8/11/2020 23:00:00,306.674560547,1.812e-5,-0.417516708,0.158620834,0.446632701935285
101,11,1,8/20/2020 18:00:00,295.338378906,0,-1.372695923,-1.681503296,2.170655991049638
101,7,1,8/20/2020 18:00:00,295.357910156,0,-1.239883423,-1.803573608,2.188649963357397
101,5,1,8/20/2020 18:00:00,295.357910156,0,-1.239883423,-1.803573608,2.188649963357397
101,1,1,8/20/2020 18:00:00,295.357910156,0,-1.239883423,-1.803573608,2.188649963357397
101,8,1,8/20/2020 18:00:00,295.338378906,0,-1.372695923,-1.681503296,2.170655991049638
101,4,1,8/20/2020 17:00:00,291.193847656,0,-1.661636353,-0.28040123,1.685129140272832
101,15,1,8/20/2020 17:00:00,291.193847656,0,-1.661636353,-0.28040123,1.685129140272832
101,6,1,8/20/2020 17:00:00,291.193847656,0,-1.661636353,-0.28040123,1.685129140272832
101,10,1,8/20/2020 16:00:00,275.207519531,0,0.578909874,1.798797607,1.88965855994241
101,3,1,8/20/2020 16:00:00,275.207519531,0,0.578909874,1.798797607,1.88965855994241
101,14,1,8/20/2020 16:00:00,275.207519531,0,0.578909874,1.798797607,1.88965855994241
101,9,1,8/20/2020 16:00:00,275.207519531,0,0.578909874,1.798797607,1.88965855994241
101,13,1,8/20/2020 16:00:00,275.207519531,0,0.578909874,1.798797607,1.88965855994241
101,2,1,8/20/2020 16:00:00,275.207519531,0,0.578909874,1.798797607,1.88965855994241
101,12,1,8/20/2020 15:00:00,286.916748047,1.717e-6,-2.179763794,0.527674675,2.242723959891103
1023,27,1,7/26/2016 13:00:00,295.148681641,0.003741235,0.516143799,1.625358582,1.705343056785702
1023,28,1,7/26/2016 13:00:00,295.148681641,0.003741235,0.516143799,1.625358582,1.705343056785702
1023,31,1,7/26/2016 13:00:00,295.148681641,0.003741235,0.516143799,1.625358582,1.705343056785702
1031,1,1,8/1/2016 13:00:00,300.354003906,0.008588451,3.232315063,0.265022278,3.243161647888215
1031,2,1,8/1/2016 12:00:00,292.697753906,0,-1.874801636,-1.90045166,2.669568820305075
1031,3,1,8/1/2016 10:00:00,296.976074219,0,2.333755493,1.880233765,2.996947398963444
1031,4,1,8/1/2016 17:00:00,298.258789062,0.006647208,0.063537598,0.497650146,0.501689838618873
1031,5,1,8/1/2016 13:00:00,300.354003906,0.008588451,3.232315063,0.265022278,3.243161647888215
1031,7,1,8/1/2016 10:00:00,296.976074219,0,2.333755493,1.880233765,2.996947398963444
1031,8,1,8/1/2016 16:00:00,298.752441406,1.291e-6,-0.795455933,2.731781006,2.845237706429337
1031,9,1,8/1/2016 14:00:00,298.708984375,0,0.670288086,-1.580376625,1.71664684634899
1031,10,1,8/1/2016 11:00:00,293.372802734,0.003563624,-2.668792725,-1.579255104,3.101048418280981
1031,31,1,8/1/2016 14:00:00,298.708984375,0,0.670288086,-1.580376625,1.71664684634899
1031,32,1,8/1/2016 16:00:00,298.752441406,1.291e-6,-0.795455933,2.731781006,2.845237706429337
1031,33,1,8/1/2016 14:00:00,298.708984375,0,0.670288086,-1.580376625,1.71664684634899
1031,34,1,8/1/2016 15:00:00,294.488769531,0,-0.342926025,-0.342910767,0.484959846530441
1031,35,1,8/1/2016 15:00:00,294.488769531,0,-0.342926025,-0.342910767,0.484959846530441
83,7,1,8/10/2020 23:00:00,294.359863281,4.04939e-4,0.032623291,-0.660315514,0.661120909626034
83,2,1,8/10/2020 22:00:00,294.040039062,0,-0.788314819,0.844569206,1.155308356058448
83,10,1,8/10/2020 22:00:00,294.040039062,0,-0.788314819,0.844569206,1.155308356058448
83,14,1,8/10/2020 22:00:00,294.040039062,0,-0.788314819,0.844569206,1.155308356058448
83,6,1,8/10/2020 22:00:00,294.040039062,0,-0.788314819,0.844569206,1.155308356058448
83,18,1,8/10/2020 21:00:00,303.146240234,8.52e-7,-0.839645386,0.998291016,1.304449817684606
83,1,1,8/10/2020 20:00:00,307.945800781,3.9965e-5,1.191879272,0.089629173,1.195244572326482
83,3,1,8/11/2020 17:00:00,303.469238281,2.4316e-5,3.383987427,-0.855020523,3.490333938299496
1023,1,1,7/26/2016 11:00:00,298.338134766,0.014372159,-0.646682739,1.128682137,1.300815871406645
1023,2,1,7/26/2016 11:00:00,298.338134766,0.014372159,-0.646682739,1.128682137,1.300815871406645
1023,3,1,7/26/2016 12:00:00,297.675048828,0.005162424,-0.950683594,1.050283432,1.416649068553838
1023,4,1,7/26/2016 12:00:00,297.675048828,0.005162424,-0.950683594,1.050283432,1.416649068553838
1023,5,1,7/26/2016 11:00:00,298.338134766,0.014372159,-0.646682739,1.128682137,1.300815871406645
1023,6,1,7/26/2016 12:00:00,297.675048828,0.005162424,-0.950683594,1.050283432,1.416649068553838
1023,7,1,7/26/2016 12:00:00,297.675048828,0.005162424,-0.950683594,1.050283432,1.416649068553838
1023,8,1,7/26/2016 12:00:00,297.675048828,0.005162424,-0.950683594,1.050283432,1.416649068553838
1023,25,1,7/26/2016 14:00:00,293.986083984,0.008218616,1.829879761,1.804048538,2.569640260265501
1023,26,1,7/26/2016 14:00:00,293.986083984,0.008218616,1.829879761,1.804048538,2.569640260265501
1023,29,1,7/26/2016 14:00:00,293.986083984,0.008218616,1.829879761,1.804048538,2.569640260265501
1023,30,1,7/26/2016 14:00:00,293.986083984,0.008218616,1.829879761,1.804048538,2.569640260265501
116,1,1,8/19/2020 16:00:00,302.191650391,1.48425e-4,1.270904541,0.828894615,1.517321533199347
116,2,1,8/19/2020 14:00:00,305.353759766,2.3574e-5,1.480819702,-0.594876289,1.595839838156004
116,3,1,8/19/2020 15:00:00,297.645507812,1.706e-6,0.445968628,1.328749657,1.401593260592323
116,4,1,8/19/2020 15:00:00,297.645507812,1.706e-6,0.445968628,1.328749657,1.401593260592323
116,5,1,8/19/2020 16:00:00,302.191650391,1.48425e-4,1.270904541,0.828894615,1.517321533199347
116,6,1,8/19/2020 14:00:00,305.353759766,2.3574e-5,1.480819702,-0.594876289,1.595839838156004
116,7,1,8/19/2020 15:00:00,297.645507812,1.706e-6,0.445968628,1.328749657,1.401593260592323
116,8,1,8/19/2020 17:00:00,292.017089844,0,-1.497390747,-0.822193146,1.708268309877168
116,9,1,8/19/2020 16:00:00,302.191650391,1.48425e-4,1.270904541,0.828894615,1.517321533199347
116,10,1,8/19/2020 15:00:00,297.645507812,1.706e-6,0.445968628,1.328749657,1.401593260592323
116,11,1,8/19/2020 16:00:00,302.191650391,1.48425e-4,1.270904541,0.828894615,1.517321533199347
116,12,1,8/19/2020 17:00:00,292.017089844,0,-1.497390747,-0.822193146,1.708268309877168
116,13,1,8/19/2020 17:00:00,292.017089844,0,-1.497390747,-0.822193146,1.708268309877168
116,14,1,8/19/2020 15:00:00,297.645507812,1.706e-6,0.445968628,1.328749657,1.401593260592323
116,15,1,8/19/2020 15:00:00,297.645507812,1.706e-6,0.445968628,1.328749657,1.401593260592323
137,8,1,8/28/2021 13:00:00,295.266845703,0,-1.251846313,2.7159729,2.990589905838998
137,4,1,8/28/2021 13:00:00,295.266845703,0,-1.251846313,2.7159729,2.990589905838998
137,10,1,8/28/2021 13:00:00,295.266845703,0,-1.251846313,2.7159729,2.990589905838998
137,6,1,8/28/2021 13:00:00,295.266845703,0,-1.251846313,2.7159729,2.990589905838998
137,7,1,8/28/2021 14:00:00,296.786132812,0,-1.22807312,1.331236839,1.811175063205445
137,11,1,8/28/2021 14:00:00,296.786132812,0,-1.22807312,1.331236839,1.811175063205445
137,2,1,8/28/2021 14:00:00,296.786132812,0,-1.22807312,1.331236839,1.811175063205445
137,1,1,8/28/2021 14:00:00,296.786132812,0,-1.22807312,1.331236839,1.811175063205445
137,3,1,8/28/2021 15:00:00,298.050292969,0.001181141,1.698303223,1.400823593,2.201485992678041
137,5,1,8/28/2021 15:00:00,298.050292969,0.001181141,1.698303223,1.400823593,2.201485992678041
137,9,1,8/28/2021 15:00:00,298.050292969,0.001181141,1.698303223,1.400823593,2.201485992678041
137,35,1,8/28/2021 16:00:00,297.479980469,4.62033e-4,0.056732178,0.650878906,0.65334668461421
137,34,1,8/28/2021 16:00:00,297.479980469,4.62033e-4,0.056732178,0.650878906,0.65334668461421
137,33,1,8/28/2021 17:00:00,296.547851562,0.009275362,0.267333984,-2.179672241,2.196005131411872
137,12,1,8/28/2021 18:00:00,291.901367188,0,-1.655044556,0.852010727,1.861476500326637
13,9,1,6/25/2023 15:00:00,301.849365234,0.001377085,2.841445923,3.110710144,4.213114350847579
13,13,1,6/25/2023 17:00:00,304.066894531,4.0536e-5,2.758483887,-0.65461731,2.835093856892619
13,2,1,6/25/2023 17:00:00,304.066894531,4.0536e-5,2.758483887,-0.65461731,2.835093856892619
13,12,1,6/25/2023 14:00:00,298.923828125,1.30552e-4,-0.105819702,2.378341675,2.380694632323343
13,8,1,6/25/2023 14:00:00,298.923828125,1.30552e-4,-0.105819702,2.378341675,2.380694632323343
13,34,1,6/25/2023 15:00:00,301.849365234,0.001377085,2.841445923,3.110710144,4.213114350847579
13,15,1,6/25/2023 15:00:00,301.849365234,0.001377085,2.841445923,3.110710144,4.213114350847579
13,6,1,6/25/2023 17:00:00,304.066894531,4.0536e-5,2.758483887,-0.65461731,2.835093856892619
13,10,1,6/25/2023 17:00:00,304.066894531,4.0536e-5,2.758483887,-0.65461731,2.835093856892619
13,14,1,6/25/2023 17:00:00,303.842285156,2.0433e-4,2.654968262,-0.922195435,2.810569496127456
13,3,1,6/25/2023 18:00:00,299.940429688,4.26e-7,2.335449219,2.291595459,3.271961613808623
13,7,1,6/25/2023 19:00:00,296.572753906,8.52e-7,0.671081543,-0.417524338,0.790365111943587
13,5,1,6/25/2023 19:00:00,296.572753906,8.52e-7,0.671081543,-0.417524338,0.790365111943587
82,11,1,8/27/2021 16:00:00,296.796875,4.26e-7,1.119216919,-1.831100464,2.146060442074469
82,8,1,8/27/2021 15:00:00,300.028564453,0.004594752,2.97769165,0.579879761,3.033629525782135
82,4,1,8/27/2021 15:00:00,300.028564453,0.004594752,2.97769165,0.579879761,3.033629525782135
82,15,1,8/27/2021 15:00:00,300.028564453,0.004594752,2.97769165,0.579879761,3.033629525782135
82,2,1,8/27/2021 14:00:00,304.302734375,5.6765e-5,-0.172592163,2.023727417,2.031073783260104
82,13,1,8/27/2021 13:00:00,293.060058594,0,-0.217483521,3.082334518,3.089997599151308
82,6,1,8/27/2021 14:00:00,304.23828125,3.8854e-5,-0.184310913,1.962203979,1.970841182808581
82,9,1,8/27/2021 13:00:00,293.060058594,0,-0.217483521,3.082334518,3.089997599151308
82,5,1,8/27/2021 13:00:00,293.060058594,0,-0.217483521,3.082334518,3.089997599151308
82,14,1,8/27/2021 12:00:00,296.694580078,8.5197e-5,1.602539062,-0.920852661,1.848269749930086
82,7,1,8/27/2021 12:00:00,296.694580078,8.5197e-5,1.602539062,-0.920852661,1.848269749930086
82,3,1,8/27/2021 12:00:00,296.694580078,8.5197e-5,1.602539062,-0.920852661,1.848269749930086
317,10,1,8/20/2021 19:00:00,288.712646484,0,0.771564484,2.239143372,2.368348537133358
317,7,1,8/20/2021 20:00:00,295.505615234,0,1.283828735,-1.766922951,2.184086293071372
317,4,1,8/20/2021 20:00:00,295.505615234,0,1.283828735,-1.766922951,2.184086293071372
317,14,1,8/20/2021 19:00:00,288.712646484,0,0.771564484,2.239143372,2.368348537133358
317,8,1,8/20/2021 20:00:00,295.505615234,0,1.283828735,-1.766922951,2.184086293071372
317,12,1,8/20/2021 20:00:00,295.505615234,0,1.283828735,-1.766922951,2.184086293071372
317,13,1,8/20/2021 20:00:00,295.505615234,0,1.283828735,-1.766922951,2.184086293071372
317,11,1,8/20/2021 20:00:00,295.505615234,0,1.283828735,-1.766922951,2.184086293071372
317,2,1,8/20/2021 20:00:00,295.505615234,0,1.283828735,-1.766922951,2.184086293071372
317,5,1,8/20/2021 21:00:00,308.053466797,1.277e-6,1.470809937,2.862823486,3.218546284080926
317,18,1,8/20/2021 21:00:00,308.053466797,1.277e-6,1.470809937,2.862823486,3.218546284080926
317,16,1,8/20/2021 20:00:00,295.505615234,0,1.283828735,-1.766922951,2.184086293071372
327,11,1,7/12/2021 15:00:00,302.517578125,0,-0.237792969,2.797441483,2.807529936957944
327,12,1,7/12/2021 15:00:00,302.517578125,0,-0.237792969,2.797441483,2.807529936957944
327,8,1,7/12/2021 15:00:00,302.517578125,0,-0.237792969,2.797441483,2.807529936957944
327,4,1,7/12/2021 15:00:00,302.517578125,0,-0.237792969,2.797441483,2.807529936957944
327,14,1,7/12/2021 15:00:00,302.517578125,0,-0.237792969,2.797441483,2.807529936957944
327,6,1,7/12/2021 16:00:00,306.095703125,4.47e-6,1.776092529,2.275405884,2.88651634475044
327,13,1,7/12/2021 16:00:00,306.095703125,4.47e-6,1.776092529,2.275405884,2.88651634475044
327,2,1,7/12/2021 16:00:00,306.095703125,4.47e-6,1.776092529,2.275405884,2.88651634475044
327,9,1,7/12/2021 16:00:00,306.095703125,4.47e-6,1.776092529,2.275405884,2.88651634475044
327,5,1,7/12/2021 16:00:00,306.095703125,4.47e-6,1.776092529,2.275405884,2.88651634475044
327,1,1,7/12/2021 16:00:00,306.095703125,4.47e-6,1.776092529,2.275405884,2.88651634475044
230,4,1,6/8/2023 22:00:00,302.290527344,0,0.615509033,2.406134605,2.483613316738961
230,8,1,6/8/2023 22:00:00,302.290527344,0,0.615509033,2.406134605,2.483613316738961
230,13,1,6/8/2023 22:00:00,302.290527344,0,0.615509033,2.406134605,2.483613316738961
230,12,1,6/8/2023 21:00:00,299.232177734,8.54127e-4,1.146881104,-1.016395569,1.532447786841396
230,9,1,6/8/2023 22:00:00,302.290527344,0,0.615509033,2.406134605,2.483613316738961
230,3,1,6/9/2023 16:00:00,302.510009766,0.001181239,1.3878479,-0.7368927,1.571347397887463
230,1,1,6/9/2023 15:00:00,301.663085938,6.93849e-4,-0.234527588,0.738148689,0.774510604579122
230,15,1,6/8/2023 22:00:00,302.290527344,0,0.615509033,2.406134605,2.483613316738961
230,10,1,6/9/2023 15:00:00,301.663085938,6.93849e-4,-0.234527588,0.738148689,0.774510604579122
230,6,1,6/9/2023 14:00:00,297.834472656,0,-0.862365723,-0.710235596,1.11718809608355
230,2,1,6/9/2023 15:00:00,301.663085938,6.93849e-4,-0.234527588,0.738148689,0.774510604579122
230,14,1,6/9/2023 15:00:00,301.663085938,6.93849e-4,-0.234527588,0.738148689,0.774510604579122
230,7,1,6/9/2023 14:00:00,297.834472656,0,-0.862365723,-0.710235596,1.11718809608355
230,11,1,6/9/2023 14:00:00,297.834472656,0,-0.862365723,-0.710235596,1.11718809608355
230,5,1,6/9/2023 14:00:00,297.834472656,0,-0.862365723,-0.710235596,1.11718809608355
1010,1,1,8/8/2016 17:00:00,293.835205078,0,0.962247849,-1.678115845,1.934423353908133
1010,2,1,8/8/2016 17:00:00,293.981689453,0,0.953458786,-1.69960022,1.948775144654878
1010,3,1,8/8/2016 16:00:00,292.606689453,1.717e-6,1.138183594,0.664733887,1.318079297378153
1010,4,1,8/8/2016 14:00:00,297.427734375,2.34194e-4,1.539978027,-0.445459366,1.603111465369746
1010,5,1,8/8/2016 15:00:00,294.640136719,0,0.831893921,1.291992188,1.536649377590666
1010,6,1,8/8/2016 15:00:00,294.640136719,0,0.831893921,1.291992188,1.536649377590666
1010,7,1,8/8/2016 13:00:00,295.872314453,0.008516967,1.07723999,2.805221558,3.00494825005742
1010,8,1,8/8/2016 15:00:00,294.640136719,0,0.831893921,1.291992188,1.536649377590666
1010,9,1,8/8/2016 13:00:00,295.872314453,0.008516967,1.07723999,2.805221558,3.00494825005742
1010,10,1,8/8/2016 17:00:00,293.981689453,0,0.953458786,-1.69960022,1.948775144654878
1010,11,1,8/8/2016 14:00:00,297.427734375,2.34194e-4,1.539978027,-0.445459366,1.603111465369746
1010,12,1,8/8/2016 15:00:00,294.640136719,0,0.831893921,1.291992188,1.536649377590666
1010,13,1,8/8/2016 17:00:00,293.981689453,0,0.953458786,-1.69960022,1.948775144654878
1010,14,1,8/8/2016 16:00:00,292.606689453,1.717e-6,1.138183594,0.664733887,1.318079297378153
1010,15,1,8/8/2016 14:00:00,297.427734375,2.34194e-4,1.539978027,-0.445459366,1.603111465369746
1010,48,1,8/8/2016 11:00:00,297.471679688,0,0.860549927,0.895625114,1.242050933612313
1010,49,1,8/8/2016 11:00:00,297.471679688,0,0.860549927,0.895625114,1.242050933612313
1010,53,1,8/8/2016 18:00:00,295.741699219,0.002998028,1.136795044,1.255520821,1.693704668478975
297,14,1,8/22/2021 15:00:00,306.576171875,8.58e-7,2.587585449,0.712206841,2.683810172170106
297,30,1,8/22/2021 15:00:00,306.576171875,8.58e-7,2.587585449,0.712206841,2.683810172170106
1010,47,1,8/8/2016 12:00:00,301.041259766,0,0.184692383,1.188690186,1.202952881301231
1010,50,1,8/8/2016 16:00:00,292.350830078,1.717e-6,1.142089844,0.751647949,1.367239500235365
1010,51,1,8/8/2016 14:00:00,297.58203125,1.84842e-4,1.715759277,-0.323389053,1.745969752375968
1010,52,1,8/8/2016 10:00:00,292.585449219,7.6041e-5,-1.77003479,-0.577293396,1.861797739518328
1010,54,1,8/8/2016 15:00:00,294.548339844,0,0.947128296,1.25390625,1.571411115167806
1010,55,1,8/8/2016 15:00:00,294.548339844,0,0.947128296,1.25390625,1.571411115167806
1010,56,1,8/8/2016 13:00:00,295.626220703,0.012629405,1.508880615,3.171432495,3.5120798368865
1010,57,1,8/8/2016 19:00:00,296.879638672,5.8666e-5,-0.539337158,-0.445053101,0.699254483510283
1010,58,1,8/8/2016 19:00:00,296.879638672,5.8666e-5,-0.539337158,-0.445053101,0.699254483510283
297,2,1,8/22/2021 21:00:00,290.337402344,0,-0.372024536,-1.473373413,1.51961556635923
297,3,1,8/22/2021 18:00:00,296.630371094,0,-1.435623169,-1.71444416,2.236142361552079
297,4,1,8/22/2021 16:00:00,295.484130859,0,0.240570068,-1.411117554,1.431477107335101
297,6,1,8/22/2021 22:00:00,305.457275391,1.705e-6,1.482376099,0.62399292,1.608355079917549
297,9,1,8/22/2021 18:00:00,296.630371094,0,-1.435623169,-1.71444416,2.236142361552079
297,10,1,8/22/2021 19:00:00,303.686523438,0,1.373428345,1.613767624,2.119092108219943
297,11,1,8/22/2021 17:00:00,303.228027344,0,2.096466064,0.272352219,2.114082706210397
297,13,1,8/22/2021 18:00:00,296.630371094,0,-1.435623169,-1.71444416,2.236142361552079
297,19,1,8/22/2021 17:00:00,303.228027344,0,2.096466064,0.272352219,2.114082706210397
297,22,1,8/22/2021 19:00:00,303.686523438,0,1.373428345,1.613767624,2.119092108219943
297,26,1,8/22/2021 19:00:00,303.686523438,0,1.373428345,1.613767624,2.119092108219943
297,27,1,8/22/2021 16:00:00,295.484130859,0,0.240570068,-1.411117554,1.431477107335101
297,29,1,8/22/2021 21:00:00,290.538574219,0,0.131881714,-1.529037476,1.534714432557415
297,31,1,8/22/2021 16:00:00,295.484130859,0,0.240570068,-1.411117554,1.431477107335101
297,32,1,8/22/2021 20:00:00,287.225097656,8.52e-7,0.38079834,-0.717559814,0.812341961500494
297,33,1,8/22/2021 22:00:00,305.457275391,1.705e-6,1.482376099,0.62399292,1.608355079917549
297,34,1,8/22/2021 21:00:00,290.538574219,0,0.131881714,-1.529037476,1.534714432557415
297,35,1,8/22/2021 17:00:00,303.228027344,0,2.096466064,0.272352219,2.114082706210397
297,37,1,8/22/2021 22:00:00,306.031494141,1.705e-6,1.357376099,1.10446167,1.749944414727407
297,40,1,8/22/2021 20:00:00,287.225097656,8.52e-7,0.38079834,-0.717559814,0.812341961500494
297,41,1,8/22/2021 19:00:00,303.686523438,0,1.373428345,1.613767624,2.119092108219943
1010,46,1,8/8/2016 17:00:00,293.923095703,0,1.04867363,-1.702529907,1.999581072746691
297,16,1,8/22/2021 20:00:00,288.158691406,8.52e-7,0.574157715,-1.157989502,1.292515674348373
264,15,1,8/18/2022 15:00:00,296.302490234,6.4918e-5,1.76335144,0.780813217,1.928491011332945
264,8,1,8/18/2022 14:00:00,295.370849609,7.993e-5,0.129226685,0.296813965,0.323725293937793
264,12,1,8/18/2022 15:00:00,296.302490234,6.4918e-5,1.76335144,0.780813217,1.928491011332945
264,6,1,8/18/2022 17:00:00,272.142791748,0.006944335,2.374282837,2.654785156,3.561615253588
264,16,1,8/18/2022 15:00:00,296.302490234,6.4918e-5,1.76335144,0.780813217,1.928491011332945
264,5,1,8/18/2022 18:00:00,288.535644531,1.44733e-4,0.874465942,0.59068203,1.05527055501557
264,3,1,8/18/2022 17:00:00,272.142791748,0.006944335,2.374282837,2.654785156,3.561615253588
264,10,1,8/18/2022 17:00:00,272.142791748,0.006944335,2.374282837,2.654785156,3.561615253588
264,11,1,8/18/2022 16:00:00,283.709228516,3.9846e-5,0.152175903,0.31459713,0.349469397312701
264,7,1,8/18/2022 16:00:00,283.709228516,3.9846e-5,0.152175903,0.31459713,0.349469397312701
264,17,1,8/18/2022 16:00:00,283.709228516,3.9846e-5,0.152175903,0.31459713,0.349469397312701
264,18,1,8/18/2022 17:00:00,272.142791748,0.006944335,2.374282837,2.654785156,3.561615253588
264,2,1,8/18/2022 16:00:00,283.709228516,3.9846e-5,0.152175903,0.31459713,0.349469397312701
291,14,1,8/17/2021 21:00:00,288.862792969,1.478e-6,3.278076172,3.533157349,4.81964565525588
291,7,1,8/17/2021 21:00:00,288.862792969,1.478e-6,3.278076172,3.533157349,4.81964565525588
291,11,1,8/17/2021 21:00:00,288.862792969,1.478e-6,3.278076172,3.533157349,4.81964565525588
291,12,1,8/17/2021 21:00:00,288.862792969,1.478e-6,3.278076172,3.533157349,4.81964565525588
291,8,1,8/17/2021 20:00:00,287.017089844,4.33e-6,2.429885864,1.778289795,3.011089488385918
291,15,1,8/17/2021 20:00:00,287.017089844,4.33e-6,2.429885864,1.778289795,3.011089488385918
291,4,1,8/17/2021 20:00:00,287.017089844,4.33e-6,2.429885864,1.778289795,3.011089488385918
291,3,1,8/17/2021 20:00:00,287.017089844,4.33e-6,2.429885864,1.778289795,3.011089488385918
291,6,1,8/17/2021 20:00:00,287.017089844,4.33e-6,2.429885864,1.778289795,3.011089488385918
291,10,1,8/17/2021 19:00:00,290.5625,0,1.375061035,1.298307419,1.891135903156014
291,2,1,8/17/2021 19:00:00,290.5625,0,1.375061035,1.298307419,1.891135903156014
291,13,1,8/17/2021 19:00:00,290.5625,0,1.375061035,1.298307419,1.891135903156014
291,9,1,8/17/2021 19:00:00,290.5625,0,1.375061035,1.298307419,1.891135903156014
291,1,1,8/17/2021 19:00:00,290.5625,0,1.375061035,1.298307419,1.891135903156014
100,2,1,7/23/2022 12:00:00,293.989990234,0.001177552,-1.365066528,-0.580154419,1.483234902418091
100,13,1,7/23/2022 12:00:00,293.989990234,0.001177552,-1.365066528,-0.580154419,1.483234902418091
100,11,1,7/23/2022 12:00:00,293.989990234,0.001177552,-1.365066528,-0.580154419,1.483234902418091
100,6,1,7/23/2022 12:00:00,293.989990234,0.001177552,-1.365066528,-0.580154419,1.483234902418091
100,15,1,7/23/2022 13:00:00,291.41015625,8.58e-7,0.783050537,-1.277236938,1.498166325641984
100,8,1,7/23/2022 14:00:00,287.974365234,8.58e-7,-1.059768677,-0.972371101,1.438268127579236
100,10,1,7/23/2022 14:00:00,288.130615234,8.58e-7,-1.102737427,-0.673542976,1.29216483988132
100,14,1,7/23/2022 13:00:00,291.49609375,8.58e-7,0.903167725,-1.119033813,1.438036374407474
100,12,1,7/23/2022 14:00:00,288.130615234,8.58e-7,-1.102737427,-0.673542976,1.29216483988132
100,3,1,7/23/2022 14:00:00,288.130615234,8.58e-7,-1.102737427,-0.673542976,1.29216483988132
100,7,1,7/23/2022 14:00:00,288.130615234,8.58e-7,-1.102737427,-0.673542976,1.29216483988132
100,5,1,7/23/2022 14:00:00,288.130615234,8.58e-7,-1.102737427,-0.673542976,1.29216483988132
100,16,1,7/23/2022 13:00:00,291.49609375,8.58e-7,0.903167725,-1.119033813,1.438036374407474
100,17,1,7/23/2022 15:00:00,298.804931641,0.01174356,2.595489502,-0.794220924,2.714286762873743
296,10,1,8/19/2021 15:00:00,288.328613281,0,1.191146851,1.374588013,1.818879607376614
296,14,1,8/19/2021 15:00:00,288.328613281,0,1.191146851,1.374588013,1.818879607376614
296,9,1,8/19/2021 15:00:00,288.328613281,0,1.191146851,1.374588013,1.818879607376614
296,3,1,8/19/2021 15:00:00,288.328613281,0,1.191146851,1.374588013,1.818879607376614
296,6,1,8/19/2021 16:00:00,302.645751953,8.52e-7,3.564224243,0.810501099,3.655216339133585
296,2,1,8/19/2021 16:00:00,302.645751953,8.52e-7,3.564224243,0.810501099,3.655216339133585
296,15,1,8/19/2021 16:00:00,302.645751953,8.52e-7,3.564224243,0.810501099,3.655216339133585
296,13,1,8/19/2021 16:00:00,302.645751953,8.52e-7,3.564224243,0.810501099,3.655216339133585
296,5,1,8/19/2021 16:00:00,302.645751953,8.52e-7,3.564224243,0.810501099,3.655216339133585
296,11,1,8/19/2021 16:00:00,302.645751953,8.52e-7,3.564224243,0.810501099,3.655216339133585
296,4,1,8/19/2021 16:00:00,302.645751953,8.52e-7,3.564224243,0.810501099,3.655216339133585
296,8,1,8/19/2021 17:00:00,290.212402344,0,1.590179443,1.135665894,1.954074636172992
296,12,1,8/19/2021 15:00:00,288.328613281,0,1.191146851,1.374588013,1.818879607376614
296,16,1,8/19/2021 15:00:00,288.328613281,0,1.191146851,1.374588013,1.818879607376614
296,17,1,8/19/2021 16:00:00,302.645751953,8.52e-7,3.564224243,0.810501099,3.655216339133585
209,2,1,8/13/2020 15:00:00,306.575195312,1.738e-6,-0.795394897,-1.776044846,1.946018586030669
209,3,1,8/13/2020 14:00:00,297.095947266,4.9993e-5,1.319702148,0.576858521,1.440270638694729
209,4,1,8/13/2020 14:00:00,297.095947266,4.9993e-5,1.319702148,0.576858521,1.440270638694729
209,6,1,8/13/2020 15:00:00,306.575195312,1.738e-6,-0.795394897,-1.776044846,1.946018586030669
209,7,1,8/13/2020 16:00:00,297.298339844,0.017895538,1.22442627,1.517715454,1.950046125089491
209,8,1,8/13/2020 15:00:00,306.575195312,1.738e-6,-0.795394897,-1.776044846,1.946018586030669
209,9,1,8/13/2020 15:00:00,306.575195312,1.738e-6,-0.795394897,-1.776044846,1.946018586030669
209,10,1,8/13/2020 15:00:00,306.575195312,1.738e-6,-0.795394897,-1.776044846,1.946018586030669
209,11,1,8/13/2020 15:00:00,306.575195312,1.738e-6,-0.795394897,-1.776044846,1.946018586030669
209,12,1,8/13/2020 15:00:00,306.575195312,1.738e-6,-0.795394897,-1.776044846,1.946018586030669
209,13,1,8/13/2020 15:00:00,306.575195312,1.738e-6,-0.795394897,-1.776044846,1.946018586030669
209,14,1,8/13/2020 14:00:00,297.095947266,4.9993e-5,1.319702148,0.576858521,1.440270638694729
209,15,1,8/13/2020 14:00:00,297.095947266,4.9993e-5,1.319702148,0.576858521,1.440270638694729
209,16,1,8/13/2020 16:00:00,297.298339844,0.017895538,1.22442627,1.517715454,1.950046125089491
1006,1,1,8/23/2016 15:00:00,298.601806641,0.001656908,-1.842315674,-1.199533463,2.198410237313056
1006,2,1,8/23/2016 14:00:00,295.790771484,0.004303175,1.664611816,1.718399048,2.392452253679084
1006,3,1,8/23/2016 16:00:00,294.875976562,0,-1.244598389,-1.195547104,1.725792000150708
1006,4,1,8/23/2016 14:00:00,295.790771484,0.004303175,1.664611816,1.718399048,2.392452253679084
1006,5,1,8/23/2016 15:00:00,298.316650391,0.001623112,-1.630401611,-1.270822525,2.067171812694526
1006,6,1,8/23/2016 14:00:00,295.816162109,0.004102397,1.900939941,1.714492798,2.559894180172874
1006,7,1,8/23/2016 16:00:00,294.875976562,0,-1.244598389,-1.195547104,1.725792000150708
1006,8,1,8/23/2016 15:00:00,298.316650391,0.001623112,-1.630401611,-1.270822525,2.067171812694526
1006,9,1,8/23/2016 14:00:00,295.816162109,0.004102397,1.900939941,1.714492798,2.559894180172874
1006,29,1,8/23/2016 13:00:00,277.215576172,0,1.955963135,-1.953473091,2.764389426752338
1006,30,1,8/23/2016 12:00:00,297.115722656,0,0.625854492,1.534513474,1.657234276451017
1006,31,1,8/23/2016 12:00:00,297.115722656,0,0.625854492,1.534513474,1.657234276451017
1006,32,1,8/23/2016 13:00:00,277.215576172,0,1.955963135,-1.953473091,2.764389426752338
1006,33,1,8/23/2016 13:00:00,277.215576172,0,1.955963135,-1.953473091,2.764389426752338
1006,39,1,8/23/2016 14:00:00,295.816162109,0.004102397,1.900939941,1.714492798,2.559894180172874
16,1,1,8/25/2021 16:00:00,302.831298828,0.002072799,-0.521011353,1.852230072,1.92411254077718
16,8,1,8/25/2021 18:00:00,303.507324219,7.9244e-5,0.4090271,1.699111938,1.747651151227992
16,12,1,8/25/2021 16:00:00,302.831298828,0.002072799,-0.521011353,1.852230072,1.92411254077718
16,15,1,8/25/2021 17:00:00,292.794189453,1.55784e-4,-0.502455711,-1.964408875,2.027649863683393
16,3,1,8/25/2021 17:00:00,292.794189453,1.55784e-4,-0.502455711,-1.964408875,2.027649863683393
16,11,1,8/25/2021 17:00:00,292.794189453,1.55784e-4,-0.502455711,-1.964408875,2.027649863683393
16,5,1,8/25/2021 18:00:00,303.507324219,7.9244e-5,0.4090271,1.699111938,1.747651151227992
16,9,1,8/25/2021 18:00:00,303.507324219,7.9244e-5,0.4090271,1.699111938,1.747651151227992
16,13,1,8/25/2021 18:00:00,303.507324219,7.9244e-5,0.4090271,1.699111938,1.747651151227992
16,2,1,8/25/2021 18:00:00,303.507324219,7.9244e-5,0.4090271,1.699111938,1.747651151227992
16,20,1,8/25/2021 17:00:00,292.794189453,1.55784e-4,-0.502455711,-1.964408875,2.027649863683393
16,18,1,8/25/2021 18:00:00,303.507324219,7.9244e-5,0.4090271,1.699111938,1.747651151227992
16,21,1,8/25/2021 17:00:00,292.794189453,1.55784e-4,-0.502455711,-1.964408875,2.027649863683393
16,16,1,8/25/2021 17:00:00,292.794189453,1.55784e-4,-0.502455711,-1.964408875,2.027649863683393
119,9,1,8/24/2021 13:00:00,301.622558594,0,2.584594727,-0.588846207,2.650824354485693
119,1,1,8/24/2021 14:00:00,305.346191406,2.53022e-4,1.817276001,-0.638140678,1.926062197523448
119,5,1,8/24/2021 13:00:00,301.622558594,0,2.584594727,-0.588846207,2.650824354485693
119,13,1,8/24/2021 14:00:00,305.346191406,2.53022e-4,1.817276001,-0.638140678,1.926062197523448
119,2,1,8/24/2021 14:00:00,305.346191406,2.53022e-4,1.817276001,-0.638140678,1.926062197523448
119,10,1,8/24/2021 15:00:00,298.858154297,4.2126e-5,-1.029067993,-3.476654053,3.625755692053503
119,6,1,8/24/2021 15:00:00,298.858154297,4.2126e-5,-1.029067993,-3.476654053,3.625755692053503
119,14,1,8/24/2021 15:00:00,298.858154297,4.2126e-5,-1.029067993,-3.476654053,3.625755692053503
119,3,1,8/24/2021 16:00:00,294.695800781,0,-1.461959839,0.756088257,1.645902798837831
119,11,1,8/24/2021 16:00:00,294.695800781,0,-1.461959839,0.756088257,1.645902798837831
119,12,1,8/24/2021 16:00:00,294.695800781,0,-1.461959839,0.756088257,1.645902798837831
119,4,1,8/24/2021 16:00:00,294.695800781,0,-1.461959839,0.756088257,1.645902798837831
119,16,1,8/24/2021 17:00:00,293.809570312,8.57e-7,-0.874237061,0.525146484,1.019837863821245
119,15,1,8/24/2021 17:00:00,293.809570312,8.57e-7,-0.874237061,0.525146484,1.019837863821245
119,17,1,8/24/2021 15:00:00,298.858154297,4.2126e-5,-1.029067993,-3.476654053,3.625755692053503
1009,1,1,8/22/2016 15:00:00,299.246337891,2.144e-6,0.36730957,-0.705207825,0.79513168510305
1009,2,1,8/22/2016 15:00:00,299.246337891,2.144e-6,0.36730957,-0.705207825,0.79513168510305
1009,3,1,8/22/2016 14:00:00,290.123535156,0,-1.623977661,0.726531982,1.779087452683504
1009,4,1,8/22/2016 13:00:00,281.678222656,0.015719224,4.112808228,-1.255348206,4.300126816573195
1009,5,1,8/22/2016 15:00:00,299.246337891,2.144e-6,0.36730957,-0.705207825,0.79513168510305
1009,6,1,8/22/2016 14:00:00,290.123535156,0,-1.623977661,0.726531982,1.779087452683504
1009,7,1,8/22/2016 14:00:00,290.123535156,0,-1.623977661,0.726531982,1.779087452683504
1009,29,1,8/22/2016 17:00:00,301.045166016,1.19942e-4,0.558761597,0.06036377,0.562012728512979
1009,30,1,8/22/2016 16:00:00,298.126220703,0,0.55557251,0.520076752,0.761012905172159
1009,31,1,8/22/2016 16:00:00,298.126220703,0,0.55557251,0.520076752,0.761012905172159
1009,32,1,8/22/2016 14:00:00,290.123535156,0,-1.623977661,0.726531982,1.779087452683504
1009,33,1,8/22/2016 17:00:00,301.045166016,1.19942e-4,0.558761597,0.06036377,0.562012728512979
1009,34,1,8/22/2016 16:00:00,298.126220703,0,0.55557251,0.520076752,0.761012905172159
1009,35,1,8/22/2016 16:00:00,298.126220703,0,0.55557251,0.520076752,0.761012905172159
1009,36,1,8/22/2016 14:00:00,290.123535156,0,-1.623977661,0.726531982,1.779087452683504
136,2,1,7/21/2022 12:00:00,296.579833984,8.55e-7,0.167190552,1.926986694,1.934226046647887
136,13,1,7/21/2022 11:00:00,290.926025391,0,0.018310547,-2.023529053,2.023611895711852
136,8,1,7/21/2022 12:00:00,296.579833984,8.55e-7,0.167190552,1.926986694,1.934226046647887
136,6,1,7/21/2022 12:00:00,296.579833984,8.55e-7,0.167190552,1.926986694,1.934226046647887
136,14,1,7/21/2022 13:00:00,294.480224609,0,-1.034591675,-1.637268066,1.936756735866094
136,12,1,7/21/2022 12:00:00,296.579833984,8.55e-7,0.167190552,1.926986694,1.934226046647887
136,10,1,7/21/2022 13:00:00,294.480224609,0,-1.034591675,-1.637268066,1.936756735866094
136,3,1,7/21/2022 13:00:00,294.480224609,0,-1.034591675,-1.637268066,1.936756735866094
136,15,1,7/21/2022 14:00:00,303.407714844,8.61e-7,-1.067808151,1.281738281,1.668252759123411
190,8,1,6/9/2022 13:00:00,297.669189453,4.4504e-5,1.12197876,2.402963638,2.651993699736357
190,4,1,6/9/2022 14:00:00,296.767333984,3.4705e-5,-0.402023315,-3.61932373,3.641583036035936
190,3,1,6/9/2022 14:00:00,296.767333984,3.4705e-5,-0.402023315,-3.61932373,3.641583036035936
190,7,1,6/9/2022 14:00:00,296.767333984,3.4705e-5,-0.402023315,-3.61932373,3.641583036035936
190,10,1,6/9/2022 14:00:00,296.767333984,3.4705e-5,-0.402023315,-3.61932373,3.641583036035936
190,2,1,6/9/2022 14:00:00,296.767333984,3.4705e-5,-0.402023315,-3.61932373,3.641583036035936
190,34,1,6/9/2022 15:00:00,301.349121094,0,-0.981903076,3.71734333,3.844837458691037
190,32,1,6/9/2022 15:00:00,301.349121094,0,-0.981903076,3.71734333,3.844837458691037
190,31,1,6/9/2022 15:00:00,301.349121094,0,-0.981903076,3.71734333,3.844837458691037
190,35,1,6/9/2022 15:00:00,301.349121094,0,-0.981903076,3.71734333,3.844837458691037
190,33,1,6/9/2022 15:00:00,301.349121094,0,-0.981903076,3.71734333,3.844837458691037
190,9,1,6/9/2022 16:00:00,284.066650391,8.52e-7,-1.576359749,2.895290375,3.296606803037782
190,1,1,6/9/2022 16:00:00,284.066650391,8.52e-7,-1.576359749,2.895290375,3.296606803037782
190,5,1,6/9/2022 16:00:00,284.066650391,8.52e-7,-1.576359749,2.895290375,3.296606803037782
247,1,1,8/20/2022 22:00:00,292.594970703,3.0736e-5,3.693725586,-1.327941895,3.925180044426909
247,4,1,8/20/2022 20:00:00,288.326904297,6.676e-6,-1.783462524,-0.414779663,1.831060005393282
247,2,1,8/20/2022 20:00:00,288.326904297,6.676e-6,-1.783462524,-0.414779663,1.831060005393282
247,13,1,8/20/2022 21:00:00,295.342529297,0,1.884643555,0.925457001,2.099607580026075
247,5,1,8/20/2022 21:00:00,295.342529297,0,1.884643555,0.925457001,2.099607580026075
247,9,1,8/20/2022 21:00:00,295.342529297,0,1.884643555,0.925457001,2.099607580026075
247,12,1,8/20/2022 21:00:00,295.342529297,0,1.884643555,0.925457001,2.099607580026075
247,14,1,8/20/2022 18:00:00,284.061279297,0,-1.541717529,-0.827138901,1.749586151286456
247,10,1,8/20/2022 19:00:00,290.177001953,0,-0.749404907,1.130554199,1.356377717124625
247,15,1,8/20/2022 19:00:00,290.177001953,0,-0.749404907,1.130554199,1.356377717124625
247,3,1,8/20/2022 19:00:00,290.177001953,0,-0.749404907,1.130554199,1.356377717124625
247,7,1,8/20/2022 19:00:00,290.177001953,0,-0.749404907,1.130554199,1.356377717124625
247,11,1,8/20/2022 19:00:00,290.177001953,0,-0.749404907,1.130554199,1.356377717124625
247,8,1,8/20/2022 20:00:00,288.326904297,6.676e-6,-1.783462524,-0.414779663,1.831060005393282
247,6,1,8/20/2022 21:00:00,295.342529297,0,1.884643555,0.925457001,2.099607580026075
188,7,1,8/24/2022 19:00:00,284.844238281,4.09499e-4,0.316604614,2.318634033,2.340150050871083
188,14,1,8/24/2022 19:00:00,284.844238281,4.09499e-4,0.316604614,2.318634033,2.340150050871083
188,12,1,8/24/2022 19:00:00,284.844238281,4.09499e-4,0.316604614,2.318634033,2.340150050871083
188,11,1,8/24/2022 19:00:00,284.844238281,4.09499e-4,0.316604614,2.318634033,2.340150050871083
188,3,1,8/24/2022 20:00:00,284.438964844,0.00351502,1.310638428,-0.841270447,1.557404589034555
188,4,1,8/24/2022 20:00:00,284.438964844,0.00351502,1.310638428,-0.841270447,1.557404589034555
188,8,1,8/24/2022 20:00:00,284.438964844,0.00351502,1.310638428,-0.841270447,1.557404589034555
188,15,1,8/24/2022 21:00:00,284.995605469,0,0.854736328,-1.231704712,1.499223361599574
188,13,1,8/24/2022 21:00:00,284.995605469,0,0.854736328,-1.231704712,1.499223361599574
188,6,1,8/24/2022 22:00:00,281.006958008,7.257e-6,-0.688903809,2.063400269,2.175364136912251
188,2,1,8/24/2022 22:00:00,281.006958008,7.257e-6,-0.688903809,2.063400269,2.175364136912251
188,10,1,8/24/2022 23:00:00,300.913085938,1.00763e-4,-0.541275024,2.201307297,2.266877250190589
188,5,1,8/24/2022 23:00:00,300.913085938,1.00763e-4,-0.541275024,2.201307297,2.266877250190589
188,1,1,8/24/2022 23:00:00,300.913085938,1.00763e-4,-0.541275024,2.201307297,2.266877250190589
188,9,1,8/25/2022 0:00:00,295.513183594,2.39953e-4,0.552307129,-0.34954834,0.653626198022217
84,4,1,8/11/2022 13:00:00,298.931152344,4.26e-7,0.989303589,0.019393921,0.989493666164688
84,13,1,8/11/2022 13:00:00,298.931152344,4.26e-7,0.989303589,0.019393921,0.989493666164688
84,6,1,8/11/2022 13:00:00,298.931152344,4.26e-7,0.989303589,0.019393921,0.989493666164688
84,9,1,8/11/2022 13:00:00,298.931152344,4.26e-7,0.989303589,0.019393921,0.989493666164688
84,2,1,8/11/2022 14:00:00,296.104736328,9.64537e-4,1.376922607,0.237312317,1.397223318395304
84,5,1,8/11/2022 14:00:00,296.104736328,9.64537e-4,1.376922607,0.237312317,1.397223318395304
84,1,1,8/11/2022 14:00:00,296.104736328,9.64537e-4,1.376922607,0.237312317,1.397223318395304
84,12,1,8/11/2022 14:00:00,296.104736328,9.64537e-4,1.376922607,0.237312317,1.397223318395304
84,11,1,8/11/2022 15:00:00,294.054443359,0.00229913,0.419235229,1.504196167,1.561526268127493
84,8,1,8/11/2022 15:00:00,294.054443359,0.00229913,0.419235229,1.504196167,1.561526268127493
84,14,1,8/11/2022 15:00:00,294.054443359,0.00229913,0.419235229,1.504196167,1.561526268127493
84,10,1,8/11/2022 15:00:00,294.054443359,0.00229913,0.419235229,1.504196167,1.561526268127493
84,7,1,8/11/2022 15:00:00,294.054443359,0.00229913,0.419235229,1.504196167,1.561526268127493
84,15,1,8/11/2022 16:00:00,300.546875,0,-0.603775024,-0.472564697,0.766721378635618
84,3,1,8/11/2022 16:00:00,300.546875,0,-0.603775024,-0.472564697,0.766721378635618
146,11,1,6/6/2022 20:00:00,312.564941406,8.64e-7,1.023635864,4.590820312,4.703558389043215
146,10,1,6/6/2022 20:00:00,312.564941406,8.64e-7,1.023635864,4.590820312,4.703558389043215
146,28,1,6/6/2022 20:00:00,312.564941406,8.64e-7,1.023635864,4.590820312,4.703558389043215
148,12,1,8/16/2021 15:00:00,297.937988281,0.01044246,0.756256104,1.946721077,2.088455469114268
148,9,1,8/16/2021 17:00:00,298.526123047,0,-1.487869263,4.479493141,4.720128572830004
148,4,1,8/16/2021 18:00:00,303.450927734,0.001285174,-1.038040161,0.446548462,1.130014559536058
148,8,1,8/16/2021 19:00:00,306.239501953,0,1.109649658,5.495819092,5.606723629312508
148,3,1,8/16/2021 19:00:00,306.132080078,0,0.978790283,5.556365967,5.641917508908745
148,15,1,8/16/2021 20:00:00,299.183349609,0.007094145,0.373916626,-0.969388962,1.039003658726311
148,2,1,8/16/2021 20:00:00,299.183349609,0.007094145,0.373916626,-0.969388962,1.039003658726311
148,8,2,8/24/2023 12:00:00,305.16015625,1.5485e-5,1.12387085,4.938766479,5.065027149144788
148,3,2,8/24/2023 13:00:00,272.659667969,1.2136e-5,1.512893677,0.013694763,1.512955658451432
148,15,2,8/24/2023 16:00:00,302.961669922,8.52e-7,-1.057296753,0.052993774,1.05862399556552
148,11,2,8/24/2023 16:00:00,302.961669922,8.52e-7,-1.057296753,0.052993774,1.05862399556552
148,2,2,8/24/2023 16:00:00,302.961669922,8.52e-7,-1.057296753,0.052993774,1.05862399556552
148,6,2,8/24/2023 16:00:00,302.961669922,8.52e-7,-1.057296753,0.052993774,1.05862399556552
148,4,2,8/24/2023 18:00:00,298.282958984,8.9198e-5,-0.943725586,1.970131874,2.184499389476178
148,12,2,8/24/2023 18:00:00,298.282958984,8.9198e-5,-0.943725586,1.970131874,2.184499389476178
148,9,2,8/24/2023 19:00:00,299.155517578,0,-1.493942261,0.127304077,1.499356464361498
146,2,1,6/6/2022 17:00:00,271.08795166,4.35e-7,-1.874130249,-1.643890381,2.492937980568536
146,3,1,6/6/2022 18:00:00,295.328613281,4.35e-7,0.003356934,4.913986206,4.91398735262558
146,1,1,6/6/2022 18:00:00,295.328613281,4.35e-7,0.003356934,4.913986206,4.91398735262558
146,20,1,6/6/2022 18:00:00,295.328613281,4.35e-7,0.003356934,4.913986206,4.91398735262558
146,19,1,6/6/2022 19:00:00,292.058105469,0.033069834,-1.180923462,-3.587188721,3.776572936297097
146,21,1,6/6/2022 19:00:00,292.058105469,0.033069834,-1.180923462,-3.587188721,3.776572936297097
146,12,1,6/6/2022 19:00:00,292.058105469,0.033069834,-1.180923462,-3.587188721,3.776572936297097
146,13,1,6/6/2022 19:00:00,292.058105469,0.033069834,-1.180923462,-3.587188721,3.776572936297097
146,27,1,6/6/2022 20:00:00,312.564941406,8.64e-7,1.023635864,4.590820312,4.703558389043215
146,30,1,6/6/2022 21:00:00,291.603027344,1.717e-6,1.287063599,2.172515869,2.525145126310101
146,29,1,6/6/2022 21:00:00,291.603027344,1.717e-6,1.287063599,2.172515869,2.525145126310101
148,1,1,8/16/2021 15:00:00,297.785644531,0.009664232,1.008209229,2.043400764,2.278590031523125
148,5,1,8/16/2021 15:00:00,297.785644531,0.009664232,1.008209229,2.043400764,2.278590031523125
148,1,2,8/24/2023 20:00:00,275.792541504,0,0.122238159,-2.460006714,2.463041859254687
148,5,2,8/24/2023 20:00:00,275.792541504,0,0.122238159,-2.460006714,2.463041859254687
1033,991,2,10/20/2017 13:00:00,282.029754639,0,1.817001343,0.217437744,1.829965314693045
1033,992,2,10/20/2017 14:00:00,298.76953125,0,0.992034912,2.040634155,2.268991190194314
1033,14,8,4/5/2018 15:00:00,295.989746094,0.009032184,0.1743927,0.931213379,0.947402327969426
1033,14,12,9/5/2018 19:00:00,301.266845703,0.004202169,1.490997314,0.199941635,1.504343593651958
1033,14,6,2/14/2018 16:00:00,293.243408203,1.2742e-5,-0.810028076,-0.855392456,1.178066949578832
1033,14,4,1/13/2018 17:00:00,298.966064453,0,1.249008179,1.950500488,2.316133326235157
1033,14,5,1/25/2018 16:00:00,295.533691406,1.49e-7,-0.636444092,-1.026824951,1.208068939356466
1033,14,11,7/11/2018 16:00:00,296.403564453,0.006165296,2.649169922,0.042694092,2.649513929218186
1033,14,10,6/13/2018 16:00:00,300.753173828,1.64e-7,-0.180770874,2.148376465,2.155968354186262
1033,14,7,3/14/2018 16:00:00,295.742675781,0,1.017044067,-1.471282959,1.788589438541919
1033,14,9,5/23/2018 16:00:00,300.105957031,0.005853021,1.042297363,-0.365661621,1.104577844241456
1033,14,3,11/29/2017 17:00:00,289.293212891,0,0.354614258,-1.777797699,1.812819883647183
1033,14,15,11/20/2018 16:00:00,277.538696289,0.016090326,2.425598145,-2.547622681,3.517656561657643
1033,14,2,10/19/2017 19:00:00,297.854492188,0.001176298,-1.62437439,-1.175109863,2.004862925241462
1033,14,14,10/23/2018 16:00:00,299.230712891,1.2361e-5,1.189224243,2.366195679,2.64823267321004
1033,14,13,9/26/2018 16:00:00,294.930908203,1.72064e-4,1.43031311,-0.553924561,1.533827895142384
1033,41,8,4/5/2018 14:00:00,305.082763672,7.78e-7,1.601043701,0.22123909,1.616257302367357
1033,41,12,9/5/2018 18:00:00,295.842041016,0.00084333400000000005,-2.021118164,-0.696763992,2.137849081062204
1033,41,11,7/11/2018 14:00:00,296.821777344,0.002817288,1.477142334,0.234649658,1.4956637111645401
1033,41,10,6/13/2018 15:00:00,301.148681641,3.5897e-5,1.739517212,0.998077393,2.005512057620679
1033,41,7,3/14/2018 14:00:00,279.241943359,2.23115e-4,4.874084473,-2.917495728,5.680535254079314
1033,41,9,5/23/2018 14:00:00,298.800292969,0,-1.22013855,0.832156181,1.476896066340691
1033,41,15,11/20/2018 14:00:00,296.041503906,0.001642808,-0.596420288,-0.389953613,0.712587524609964
1033,41,14,10/23/2018 14:00:00,305.967773438,5.12271e-4,1.514785767,2.155088425,2.634194761112921
1033,41,13,9/26/2018 15:00:00,303.357421875,0.007301539,0.285461426,-0.122039795,0.310454404538888
1033,42,8,4/5/2018 12:00:00,303.26953125,0.009659243,0.840698242,1.449333191,1.675511931511123
1033,42,12,9/5/2018 16:00:00,301.754638672,1.66364e-4,1.164886475,0.501953125,1.26843109364884
1033,42,11,7/11/2018 13:00:00,301.491210938,0,1.393585205,1.260314941,1.878955420999318
1033,42,10,6/13/2018 13:00:00,297.148925781,0,1.313659668,0.935806274,1.612896495683351
1033,42,7,3/14/2018 13:00:00,304.395751953,9.1532e-5,1.766647339,1.674301147,2.433994073789272
1033,42,9,5/23/2018 13:00:00,298.459228516,0,-1.39956665,-0.362350464,1.445712511723281
1033,42,14,10/23/2018 13:00:00,297.705810547,0.001039863,2.221359253,2.618347168,3.433682982318306
1033,42,1,9/7/2017 17:00:00,307.089111328,2.9954e-5,1.587081909,0.956878662,1.853225771368938
1033,42,13,9/26/2018 13:00:00,298.192626953,1.76901e-4,-0.545928955,-0.599533081,0.810850380230992
1033,43,8,4/5/2018 13:00:00,296.342529297,8.6e-7,-0.477844238,1.389154434,1.469042258511191
1033,43,12,9/5/2018 17:00:00,301.994628906,0.002968288,0.914138794,0.530807495,1.057074420958122
1033,43,6,2/14/2018 18:00:00,296.694091797,0.002817288,0.29624939,1.345550537,1.377777176722115
1033,43,4,1/13/2018 20:00:00,299.622314453,1.66375e-4,0.893249512,0.246963501,0.926760843753347
1033,43,5,1/25/2018 19:00:00,298.735351562,0,1.280426025,1.992004395,2.368031316346263
1033,43,11,7/11/2018 14:00:00,296.821777344,0.002817288,1.477142334,0.234649658,1.4956637111645401
1033,43,10,6/13/2018 14:00:00,295.611083984,0,1.425109863,0.827896118,1.648135341475132
1033,43,7,3/14/2018 14:00:00,279.241943359,2.23115e-4,4.874084473,-2.917495728,5.680535254079314
1033,43,9,5/23/2018 14:00:00,298.800292969,0,-1.22013855,0.832156181,1.476896066340691
1033,43,3,11/29/2017 20:00:00,300.936035156,7.12413e-4,-1.634148598,-1.454238892,2.187521975969785
1033,43,15,11/20/2018 14:00:00,296.041503906,0.001642808,-0.596420288,-0.389953613,0.712587524609964
1033,43,2,10/20/2017 16:00:00,302.718505859,3.4827e-4,0.107009888,0.660064697,0.668682675381585
1033,43,14,10/23/2018 14:00:00,305.967773438,5.12271e-4,1.514785767,2.155088425,2.634194761112921
1033,43,1,9/7/2017 18:00:00,298.663574219,0,-0.892456055,2.286775589,2.454754652618559
1033,43,13,9/26/2018 14:00:00,305.939208984,8.661e-6,1.387481689,1.022598267,1.723604552379024
1033,44,8,4/5/2018 13:00:00,296.342529297,8.6e-7,-0.477844238,1.389154434,1.469042258511191
1033,44,12,9/5/2018 16:00:00,301.754638672,1.66364e-4,1.164886475,0.501953125,1.26843109364884
1033,44,11,7/11/2018 13:00:00,301.491210938,0,1.393585205,1.260314941,1.878955420999318
1033,44,10,6/13/2018 13:00:00,297.148925781,0,1.313659668,0.935806274,1.612896495683351
1033,44,7,3/14/2018 14:00:00,279.241943359,2.23115e-4,4.874084473,-2.917495728,5.680535254079314
1033,44,9,5/23/2018 13:00:00,298.459228516,0,-1.39956665,-0.362350464,1.445712511723281
1033,44,2,10/20/2017 14:00:00,298.76953125,0,0.992034912,2.040634155,2.268991190194314
1033,44,14,10/23/2018 13:00:00,297.705810547,0.001039863,2.221359253,2.618347168,3.433682982318306
1033,44,1,9/7/2017 16:00:00,300.679931641,3.62062e-4,-0.515792847,-0.301330566,0.597362847038754
1033,44,13,9/26/2018 14:00:00,305.939208984,8.661e-6,1.387481689,1.022598267,1.723604552379024
1033,45,8,4/5/2018 14:00:00,305.121826172,4.35e-7,1.637176514,0.353563309,1.674919088035068
1033,45,12,9/5/2018 18:00:00,295.740478516,3.71802e-4,-1.810180664,-0.60984993,1.910149463639033
1033,45,6,2/14/2018 17:00:00,295.235839844,0.006521404,-2.251602173,-0.089776993,2.253391278480159
1033,45,4,1/13/2018 19:00:00,303.719238281,7.5474e-5,-1.05645752,-1.382468224,1.739919791810606
1033,45,5,1/25/2018 18:00:00,301.752929688,3.4401e-5,-1.479919434,0.169494629,1.489593891096069
1033,45,11,7/11/2018 15:00:00,298.290771484,2.94562e-4,-0.491104126,2.170781136,2.225640133307196
1033,45,10,6/13/2018 15:00:00,301.220947266,7.6979e-5,1.898696899,0.910186768,2.105585397677924
1033,45,7,3/14/2018 15:00:00,303.161865234,0.007616335,-0.733627319,0.873779297,1.140920375420188
1033,45,9,5/23/2018 15:00:00,303.967773438,5.8541e-5,2.614135742,0.506081581,2.662672387701753
1033,45,3,11/29/2017 19:00:00,291.453369141,0.009861713,0.556625366,-2.253189087,2.320925000910311
1033,45,15,11/20/2018 15:00:00,300.114990234,0.009288922,0.096603394,0.924574852,0.929607913414651
1033,45,2,10/19/2017 21:00:00,293.592041016,0.002132185,-0.536804199,-1.11613369,1.238512479556443
1033,45,14,10/23/2018 15:00:00,297.046630859,7.38e-7,-0.331604004,1.624759674,1.658253663866122
1033,45,13,9/26/2018 15:00:00,303.486328125,0.005112499,0.358703613,0.041046143,0.361044412551185
1033,47,8,4/5/2018 13:00:00,296.342529297,8.6e-7,-0.477844238,1.389154434,1.469042258511191
1033,47,12,9/5/2018 17:00:00,301.994628906,0.002968288,0.914138794,0.530807495,1.057074420958122
1033,47,6,2/14/2018 19:00:00,295.663574219,3.1668e-5,2.026763916,1.085149765,2.29898281500302
1033,47,4,1/13/2018 21:00:00,298.139404297,8.434e-6,1.394500732,0.248077393,1.416394960618758
1033,47,5,1/25/2018 19:00:00,298.735351562,0,1.280426025,1.992004395,2.368031316346263
1033,47,11,7/11/2018 14:00:00,296.821777344,0.002817288,1.477142334,0.234649658,1.4956637111645401
1033,47,10,6/13/2018 14:00:00,295.611083984,0,1.425109863,0.827896118,1.648135341475132
1033,47,7,3/14/2018 14:00:00,279.241943359,2.23115e-4,4.874084473,-2.917495728,5.680535254079314
1033,47,9,5/23/2018 14:00:00,298.800292969,0,-1.22013855,0.832156181,1.476896066340691
1033,47,3,11/29/2017 21:00:00,296.19140625,0.012212932,-4.670318604,0.966415405,4.769259334308612
1033,47,15,11/20/2018 13:00:00,299.545410156,0.008947849,-0.524978638,-1.34161377,1.440670010172332
1033,47,2,10/20/2017 15:00:00,296.705078125,0.006880897,-2.678390503,0.090454102,2.679917467223426
1033,47,14,10/23/2018 14:00:00,305.967773438,5.12271e-4,1.514785767,2.155088425,2.634194761112921
1033,47,1,9/7/2017 18:00:00,298.663574219,0,-0.892456055,2.286775589,2.454754652618559
1033,47,13,9/26/2018 14:00:00,305.939208984,8.661e-6,1.387481689,1.022598267,1.723604552379024
1033,49,8,4/5/2018 14:00:00,305.082763672,7.78e-7,1.601043701,0.22123909,1.616257302367357
1033,49,12,9/5/2018 18:00:00,295.842041016,0.00084333400000000005,-2.021118164,-0.696763992,2.137849081062204
1033,49,6,2/14/2018 18:00:00,296.694091797,0.002817288,0.29624939,1.345550537,1.377777176722115
1033,49,4,1/13/2018 19:00:00,303.510253906,4.2051e-5,-1.031066895,-1.340476036,1.691146044862836
1033,49,5,1/25/2018 18:00:00,301.899414062,5.135e-6,-1.476013184,0.166564941,1.485381701419588
1033,49,11,7/11/2018 15:00:00,298.306396484,2.63537e-4,-0.544815063,2.246953011,2.312059966028922
1033,49,10,6/13/2018 15:00:00,301.148681641,3.5897e-5,1.739517212,0.998077393,2.005512057620679
1033,49,7,3/14/2018 20:00:00,291.177001953,0,-0.901153564,-0.070556641,0.903911492071599
1033,49,9,5/23/2018 15:00:00,303.991210938,4.741e-5,2.604370117,0.261940956,2.617509650555808
1033,49,3,11/29/2017 19:00:00,291.369384766,0.010214245,0.456039429,-1.994400024,2.045874731388471
1033,49,15,11/20/2018 14:00:00,296.041503906,0.001642808,-0.596420288,-0.389953613,0.712587524609964
1033,49,2,10/19/2017 21:00:00,293.459228516,0.00191015,-0.419616699,-1.118086815,1.19423460842353
1033,49,14,10/23/2018 15:00:00,296.980224609,2.183e-6,-0.431213379,1.521244049,1.581179444227161
1033,49,13,9/26/2018 15:00:00,303.357421875,0.007301539,0.285461426,-0.122039795,0.310454404538888
1033,50,8,4/5/2018 13:00:00,296.342529297,8.6e-7,-0.477844238,1.389154434,1.469042258511191
1033,50,12,9/5/2018 16:00:00,301.754638672,1.66364e-4,1.164886475,0.501953125,1.26843109364884
1033,50,11,7/11/2018 13:00:00,301.491210938,0,1.393585205,1.260314941,1.878955420999318
1033,50,10,6/13/2018 13:00:00,297.148925781,0,1.313659668,0.935806274,1.612896495683351
1033,50,7,3/14/2018 13:00:00,304.395751953,9.1532e-5,1.766647339,1.674301147,2.433994073789272
1033,50,9,5/23/2018 13:00:00,298.459228516,0,-1.39956665,-0.362350464,1.445712511723281
1033,50,2,10/20/2017 13:00:00,282.029754639,0,1.817001343,0.217437744,1.829965314693045
1033,50,14,10/23/2018 13:00:00,297.705810547,0.001039863,2.221359253,2.618347168,3.433682982318306
1033,50,1,9/7/2017 16:00:00,300.679931641,3.62062e-4,-0.515792847,-0.301330566,0.597362847038754
1033,50,13,9/26/2018 13:00:00,298.192626953,1.76901e-4,-0.545928955,-0.599533081,0.810850380230992
1033,52,8,4/5/2018 13:00:00,296.342529297,8.6e-7,-0.477844238,1.389154434,1.469042258511191
1033,52,12,9/5/2018 17:00:00,301.994628906,0.002968288,0.914138794,0.530807495,1.057074420958122
1033,52,6,2/14/2018 19:00:00,295.663574219,3.1668e-5,2.026763916,1.085149765,2.29898281500302
1033,52,4,1/13/2018 22:00:00,298.282714844,0,0.918243408,0.654603004,1.127686148350364
1033,52,5,1/25/2018 20:00:00,294.647705078,9.5232e-4,-0.813354492,-0.381603241,0.898424489424839
1033,52,11,7/11/2018 13:00:00,301.491210938,0,1.393585205,1.260314941,1.878955420999318
1033,52,10,6/13/2018 13:00:00,297.148925781,0,1.313659668,0.935806274,1.612896495683351
1033,52,7,3/14/2018 13:00:00,304.395751953,9.1532e-5,1.766647339,1.674301147,2.433994073789272
1033,52,9,5/23/2018 13:00:00,298.459228516,0,-1.39956665,-0.362350464,1.445712511723281
1033,52,3,11/30/2017 14:00:00,296.178710938,0.013377041,1.246459961,-2.225376129,2.550678605763404
1033,52,15,11/20/2018 13:00:00,299.545410156,0.008947849,-0.524978638,-1.34161377,1.440670010172332
1033,52,2,10/20/2017 16:00:00,302.718505859,3.4827e-4,0.107009888,0.660064697,0.668682675381585
1033,52,14,10/23/2018 13:00:00,297.705810547,0.001039863,2.221359253,2.618347168,3.433682982318306
1033,52,1,9/7/2017 18:00:00,298.663574219,0,-0.892456055,2.286775589,2.454754652618559
1033,52,13,9/26/2018 14:00:00,305.939208984,8.661e-6,1.387481689,1.022598267,1.723604552379024
1033,53,8,4/5/2018 12:00:00,303.26953125,0.009659243,0.840698242,1.449333191,1.675511931511123
1033,53,12,9/5/2018 16:00:00,301.754638672,1.66364e-4,1.164886475,0.501953125,1.26843109364884
1033,53,11,7/11/2018 12:00:00,295.662841797,3.74027e-4,-1.827651978,0.689340591,1.953331053121191
1033,53,10,6/13/2018 12:00:00,305.193847656,5.4881e-5,2.823547363,2.755905151,3.945558631222274
1033,53,7,3/14/2018 12:00:00,303.400390625,8.61e-7,0.398574829,0.089981079,0.408605541923239
1033,53,9,5/23/2018 12:00:00,300.582763672,0,0.275405884,2.290366173,2.306864887106414
1033,53,14,10/23/2018 13:00:00,297.705810547,0.001039863,2.221359253,2.618347168,3.433682982318306
1033,53,1,9/7/2017 17:00:00,307.089111328,2.9954e-5,1.587081909,0.956878662,1.853225771368938
1033,53,13,9/26/2018 13:00:00,298.192626953,1.76901e-4,-0.545928955,-0.599533081,0.810850380230992
1033,54,8,4/5/2018 14:00:00,305.082763672,7.78e-7,1.601043701,0.22123909,1.616257302367357
1033,54,12,9/5/2018 17:00:00,301.994628906,0.002968288,0.914138794,0.530807495,1.057074420958122
1033,54,6,2/14/2018 18:00:00,296.694091797,0.002817288,0.29624939,1.345550537,1.377777176722115
1033,54,4,1/13/2018 20:00:00,299.622314453,1.66375e-4,0.893249512,0.246963501,0.926760843753347
1033,54,5,1/25/2018 18:00:00,301.899414062,5.135e-6,-1.476013184,0.166564941,1.485381701419588
1033,54,11,7/11/2018 14:00:00,296.821777344,0.002817288,1.477142334,0.234649658,1.4956637111645401
1033,54,10,6/13/2018 14:00:00,295.611083984,0,1.425109863,0.827896118,1.648135341475132
1033,54,7,3/14/2018 14:00:00,279.241943359,2.23115e-4,4.874084473,-2.917495728,5.680535254079314
1033,54,9,5/23/2018 14:00:00,298.800292969,0,-1.22013855,0.832156181,1.476896066340691
1033,54,3,11/29/2017 20:00:00,300.936035156,7.12413e-4,-1.634148598,-1.454238892,2.187521975969785
1033,54,15,11/20/2018 14:00:00,296.041503906,0.001642808,-0.596420288,-0.389953613,0.712587524609964
1033,54,2,10/20/2017 16:00:00,302.718505859,3.4827e-4,0.107009888,0.660064697,0.668682675381585
1033,54,14,10/23/2018 14:00:00,305.967773438,5.12271e-4,1.514785767,2.155088425,2.634194761112921
1033,54,13,9/26/2018 14:00:00,305.939208984,8.661e-6,1.387481689,1.022598267,1.723604552379024
1033,55,8,4/5/2018 14:00:00,305.082763672,7.78e-7,1.601043701,0.22123909,1.616257302367357
1033,55,12,9/5/2018 17:00:00,301.994628906,0.002968288,0.914138794,0.530807495,1.057074420958122
1033,55,6,2/14/2018 18:00:00,296.694091797,0.002817288,0.29624939,1.345550537,1.377777176722115
1033,55,4,1/13/2018 20:00:00,299.622314453,1.66375e-4,0.893249512,0.246963501,0.926760843753347
1033,55,5,1/25/2018 18:00:00,301.899414062,5.135e-6,-1.476013184,0.166564941,1.485381701419588
1033,55,11,7/11/2018 14:00:00,296.821777344,0.002817288,1.477142334,0.234649658,1.4956637111645401
1033,55,10,6/13/2018 14:00:00,295.611083984,0,1.425109863,0.827896118,1.648135341475132
1033,55,7,3/14/2018 14:00:00,279.241943359,2.23115e-4,4.874084473,-2.917495728,5.680535254079314
1033,55,9,5/23/2018 14:00:00,298.800292969,0,-1.22013855,0.832156181,1.476896066340691
1033,55,3,11/29/2017 20:00:00,300.936035156,7.12413e-4,-1.634148598,-1.454238892,2.187521975969785
1033,55,15,11/20/2018 14:00:00,296.041503906,0.001642808,-0.596420288,-0.389953613,0.712587524609964
1033,55,2,10/19/2017 21:00:00,293.459228516,0.00191015,-0.419616699,-1.118086815,1.19423460842353
1033,55,14,10/23/2018 14:00:00,305.967773438,5.12271e-4,1.514785767,2.155088425,2.634194761112921
1033,55,13,9/26/2018 15:00:00,303.357421875,0.007301539,0.285461426,-0.122039795,0.310454404538888
1033,56,8,4/5/2018 13:00:00,296.342529297,8.6e-7,-0.477844238,1.389154434,1.469042258511191
1033,56,12,9/5/2018 17:00:00,301.994628906,0.002968288,0.914138794,0.530807495,1.057074420958122
1033,56,6,2/14/2018 19:00:00,295.663574219,3.1668e-5,2.026763916,1.085149765,2.29898281500302
1033,56,4,1/13/2018 22:00:00,298.282714844,0,0.918243408,0.654603004,1.127686148350364
1033,56,5,1/25/2018 20:00:00,294.647705078,9.5232e-4,-0.813354492,-0.381603241,0.898424489424839
1033,56,11,7/11/2018 13:00:00,301.491210938,0,1.393585205,1.260314941,1.878955420999318
1033,56,10,6/13/2018 13:00:00,297.148925781,0,1.313659668,0.935806274,1.612896495683351
1033,56,7,3/14/2018 13:00:00,304.395751953,9.1532e-5,1.766647339,1.674301147,2.433994073789272
1033,56,9,5/23/2018 13:00:00,298.459228516,0,-1.39956665,-0.362350464,1.445712511723281
1033,56,3,11/30/2017 14:00:00,296.178710938,0.013377041,1.246459961,-2.225376129,2.550678605763404
1033,56,15,11/20/2018 13:00:00,299.545410156,0.008947849,-0.524978638,-1.34161377,1.440670010172332
1033,56,2,10/20/2017 15:00:00,296.705078125,0.006880897,-2.678390503,0.090454102,2.679917467223426
1033,56,14,10/23/2018 14:00:00,305.967773438,5.12271e-4,1.514785767,2.155088425,2.634194761112921
1033,56,1,9/7/2017 18:00:00,298.663574219,0,-0.892456055,2.286775589,2.454754652618559
1033,56,13,9/26/2018 14:00:00,305.939208984,8.661e-6,1.387481689,1.022598267,1.723604552379024
1033,57,8,4/5/2018 14:00:00,305.121826172,4.35e-7,1.637176514,0.353563309,1.674919088035068
1033,57,12,9/5/2018 18:00:00,295.740478516,3.71802e-4,-1.810180664,-0.60984993,1.910149463639033
1033,57,6,2/14/2018 18:00:00,296.709716797,0.00305602,0.231796265,1.391448975,1.410623889807805
1033,57,4,1/13/2018 19:00:00,303.719238281,7.5474e-5,-1.05645752,-1.382468224,1.739919791810606
1033,57,5,1/25/2018 18:00:00,301.752929688,3.4401e-5,-1.479919434,0.169494629,1.489593891096069
1033,57,11,7/11/2018 15:00:00,298.290771484,2.94562e-4,-0.491104126,2.170781136,2.225640133307196
1033,57,10,6/13/2018 15:00:00,301.220947266,7.6979e-5,1.898696899,0.910186768,2.105585397677924
1033,57,7,3/14/2018 14:00:00,279.325927734,2.81394e-4,4.93560791,-2.927261353,5.738386922299851
1033,57,9,5/23/2018 15:00:00,303.967773438,5.8541e-5,2.614135742,0.506081581,2.662672387701753
1033,57,3,11/29/2017 19:00:00,291.453369141,0.009861713,0.556625366,-2.253189087,2.320925000910311
1033,57,15,11/20/2018 15:00:00,300.114990234,0.009288922,0.096603394,0.924574852,0.929607913414651
1033,57,2,10/19/2017 21:00:00,293.592041016,0.002132185,-0.536804199,-1.11613369,1.238512479556443
1033,57,14,10/23/2018 15:00:00,297.046630859,7.38e-7,-0.331604004,1.624759674,1.658253663866122
1033,57,13,9/26/2018 15:00:00,303.486328125,0.005112499,0.358703613,0.041046143,0.361044412551185
1033,58,6,2/14/2018 19:00:00,295.663574219,3.1668e-5,2.026763916,1.085149765,2.29898281500302
1033,58,4,1/13/2018 21:00:00,298.139404297,8.434e-6,1.394500732,0.248077393,1.416394960618758
1033,58,5,1/25/2018 19:00:00,298.735351562,0,1.280426025,1.992004395,2.368031316346263
1033,58,3,11/29/2017 21:00:00,296.19140625,0.012212932,-4.670318604,0.966415405,4.769259334308612
1033,58,15,11/20/2018 13:00:00,299.545410156,0.008947849,-0.524978638,-1.34161377,1.440670010172332
1033,58,2,10/20/2017 15:00:00,296.705078125,0.006880897,-2.678390503,0.090454102,2.679917467223426
1033,58,1,9/7/2017 17:00:00,307.089111328,2.9954e-5,1.587081909,0.956878662,1.853225771368938
1033,59,6,2/14/2018 19:00:00,295.663574219,3.1668e-5,2.026763916,1.085149765,2.29898281500302
1033,59,4,1/13/2018 21:00:00,298.139404297,8.434e-6,1.394500732,0.248077393,1.416394960618758
1033,59,5,1/25/2018 19:00:00,298.735351562,0,1.280426025,1.992004395,2.368031316346263
1033,59,15,11/20/2018 14:00:00,296.041503906,0.001642808,-0.596420288,-0.389953613,0.712587524609964
1033,61,6,2/14/2018 18:00:00,296.694091797,0.002817288,0.29624939,1.345550537,1.377777176722115
1033,61,4,1/13/2018 19:00:00,303.510253906,4.2051e-5,-1.031066895,-1.340476036,1.691146044862836
1033,61,5,1/25/2018 18:00:00,301.899414062,5.135e-6,-1.476013184,0.166564941,1.485381701419588
1033,61,3,11/29/2017 20:00:00,300.936035156,7.12413e-4,-1.634148598,-1.454238892,2.187521975969785
1033,61,15,11/20/2018 14:00:00,296.041503906,0.001642808,-0.596420288,-0.389953613,0.712587524609964
1033,63,6,2/14/2018 18:00:00,296.694091797,0.002817288,0.29624939,1.345550537,1.377777176722115
1033,63,4,1/13/2018 20:00:00,299.622314453,1.66375e-4,0.893249512,0.246963501,0.926760843753347
1033,63,5,1/25/2018 19:00:00,298.735351562,0,1.280426025,1.992004395,2.368031316346263
1033,63,3,11/29/2017 20:00:00,300.936035156,7.12413e-4,-1.634148598,-1.454238892,2.187521975969785
1033,63,15,11/20/2018 14:00:00,296.041503906,0.001642808,-0.596420288,-0.389953613,0.712587524609964
1033,68,6,2/14/2018 19:00:00,295.663574219,3.1668e-5,2.026763916,1.085149765,2.29898281500302
1033,68,5,1/25/2018 19:00:00,298.735351562,0,1.280426025,1.992004395,2.368031316346263
1033,68,3,11/30/2017 15:00:00,297.719970703,3.129e-6,1.216690063,1.253875732,1.747151699395757
1033,1,8,4/5/2018 17:00:00,299.640380859,5.203e-6,-0.516036987,1.55182457,1.635375696287469
1033,1,12,9/5/2018 20:00:00,295.098144531,0,-2.082382202,1.060317993,2.336790508686201
1033,1,6,2/14/2018 15:00:00,296.452148438,1.88062e-4,-0.252471924,-1.258071899,1.283155086286037
1033,1,4,1/13/2018 16:00:00,293.947509766,0.002216317,-0.096542358,-1.0340271,1.038524179026473
1033,1,5,1/25/2018 15:00:00,282.630371094,0,0.256057739,-1.310302734,1.335087570322511
1033,1,11,7/11/2018 17:00:00,301.58203125,4.26e-7,2.585250854,1.318450928,2.902039770170593
1033,1,10,6/13/2018 18:00:00,290.865966797,0,-0.562924385,2.014629364,2.091797154964762
1033,1,7,3/14/2018 17:00:00,294.919189453,6.5843e-4,0.677230835,-0.046489716,0.678824644196539
1033,1,9,5/23/2018 18:00:00,296.790039062,0.004223801,-0.873474121,1.692334175,1.904455827770666
1033,1,3,11/29/2017 16:00:00,305.052978516,4.0665e-5,-0.992492676,0.457929611,1.093042195225899
1033,1,15,11/20/2018 16:00:00,278.224243164,0.018931299,2.555480957,-2.727310181,3.73747290892869
1033,1,2,10/19/2017 18:00:00,299.620117188,0.00132969,-0.239532471,0.56847477,0.616878731024112
1033,1,14,10/23/2018 17:00:00,294.570068359,1.416e-6,1.674102783,1.810943604,2.466198869701479
1033,1,13,9/26/2018 17:00:00,302.890136719,3.5357e-5,-0.105865479,0.796203613,0.803210864591704
1033,2,8,4/5/2018 18:00:00,298.313720703,4.26e-7,1.627090454,1.079105377,1.952406658503356
1033,2,12,9/5/2018 20:00:00,295.098144531,0,-2.082382202,1.060317993,2.336790508686201
1033,2,6,2/14/2018 14:00:00,297.520263672,0,-1.081253052,-0.504486084,1.193153121526726
1033,2,4,1/13/2018 15:00:00,299.518554688,0,2.056518555,1.706787109,2.672525173409572
1033,2,5,1/25/2018 15:00:00,282.630371094,0,0.256057739,-1.310302734,1.335087570322511
1033,2,11,7/11/2018 18:00:00,296.206298828,8.58e-7,0.765625,1.730308533,1.892128235611321
1033,2,10,6/13/2018 20:00:00,304.523925781,7.8827e-5,1.154006958,2.011749268,2.319238490628109
1033,2,7,3/14/2018 18:00:00,295.780273438,9.1434e-5,0.629989624,1.249084473,1.398963525985345
1033,2,9,5/23/2018 19:00:00,294.135986328,0,-1.143264771,-1.297609329,1.72940576711121
1033,2,3,11/29/2017 15:00:00,298.5078125,0,0.697158813,1.842871666,1.970331542631642
1033,2,15,11/20/2018 17:00:00,295.075683594,1.252e-6,-1.064315796,-0.145126343,1.074164684323436
1033,2,2,10/19/2017 16:00:00,294.720214844,6.14e-7,1.374740601,0.833724976,1.607796335250221
1033,2,14,10/23/2018 18:00:00,301.260498047,5.692e-6,0.884033203,-0.409057617,0.974085642041888
1033,2,1,9/7/2017 20:00:00,293.831542969,0.032590117,0.0652771,2.801223755,2.801984230034265
1033,2,13,9/26/2018 19:00:00,295.545898438,6.79547e-4,-0.065200806,1.191513062,1.193295655744906
1033,3,8,4/5/2018 15:00:00,295.979980469,0.011047969,0.161697388,0.954650879,0.968248080845759
1033,3,12,9/5/2018 19:00:00,301.268798828,0.003659469,1.506622314,0.180410385,1.517385483012989
1033,3,6,2/14/2018 17:00:00,295.347167969,0.004651442,-2.39515686,-0.113214493,2.397831083589982
1033,3,4,1/13/2018 18:00:00,299.671142578,1.39e-6,1.710876465,2.731741905,3.223276611466029
1033,3,5,1/25/2018 17:00:00,297.431152344,0,1.441131592,1.728103638,2.250156094391963
1033,3,11,7/11/2018 16:00:00,296.839111328,0.006116986,2.575927734,0.481170654,2.620482567975059
1033,3,10,6/13/2018 16:00:00,300.462158203,4.32e-7,-0.193466187,2.036071777,2.045242637588082
1033,3,7,3/14/2018 15:00:00,302.902099609,0.007753172,-0.721908569,0.842529297,1.109507818043182
1033,3,9,5/23/2018 16:00:00,300.342285156,0.004287356,1.126281738,-0.381286621,1.189071083117363
1033,3,3,11/29/2017 18:00:00,294.874023438,0,0.451904297,-1.541724205,1.606589872347622
1033,3,15,11/20/2018 15:00:00,299.833740234,0.00838685,-0.016677856,0.992934227,0.993074282231115
1033,3,2,10/19/2017 20:00:00,280.27142334,0,0.522277832,-1.439613342,1.531424405010913
1033,3,14,10/23/2018 16:00:00,299.070556641,2.41801e-4,1.202896118,2.425765991,2.707637293618125
1033,3,13,9/26/2018 16:00:00,294.802001953,1.20044e-4,1.46156311,-0.292205811,1.490486819966899
1033,4,8,4/5/2018 15:00:00,295.991699219,0.010925585,0.208572388,0.973205566,0.995304734606142
1033,4,12,9/5/2018 19:00:00,301.393798828,0.00340144,1.539825439,0.11205101,1.54389695622265
1033,4,6,2/14/2018 17:00:00,295.235839844,0.006521404,-2.251602173,-0.089776993,2.253391278480159
1033,4,4,1/13/2018 18:00:00,299.725830078,1.889e-6,1.682556152,2.715140343,3.194210745523721
1033,4,5,1/25/2018 17:00:00,297.464355469,0,1.392303467,1.722244263,2.214640884129216
1033,4,11,7/11/2018 15:00:00,298.290771484,2.94562e-4,-0.491104126,2.170781136,2.225640133307196
1033,4,10,6/13/2018 16:00:00,300.784423828,7.9e-7,-0.293075562,2.086853027,2.107332162080928
1033,4,7,3/14/2018 15:00:00,303.161865234,0.007616335,-0.733627319,0.873779297,1.140920375420188
1033,4,9,5/23/2018 15:00:00,303.967773438,5.8541e-5,2.614135742,0.506081581,2.662672387701753
1033,4,3,11/29/2017 18:00:00,294.922851562,0,0.423583984,-1.597388268,1.652595737089187
1033,4,15,11/20/2018 15:00:00,300.114990234,0.009288922,0.096603394,0.924574852,0.929607913414651
1033,4,2,10/19/2017 20:00:00,279.33392334,0,0.70489502,-1.420082092,1.585405354235912
1033,4,14,10/23/2018 15:00:00,297.046630859,7.38e-7,-0.331604004,1.624759674,1.658253663866122
1033,4,13,9/26/2018 16:00:00,294.854736328,1.0784e-4,1.427383423,-0.469940186,1.502753211499783
1033,5,8,4/5/2018 17:00:00,299.640380859,5.203e-6,-0.516036987,1.55182457,1.635375696287469
1033,5,12,9/5/2018 20:00:00,295.098144531,0,-2.082382202,1.060317993,2.336790508686201
1033,5,6,2/14/2018 15:00:00,296.452148438,1.88062e-4,-0.252471924,-1.258071899,1.283155086286037
1033,5,4,1/13/2018 15:00:00,299.518554688,0,2.056518555,1.706787109,2.672525173409572
1033,5,5,1/25/2018 15:00:00,282.630371094,0,0.256057739,-1.310302734,1.335087570322511
1033,5,11,7/11/2018 18:00:00,296.206298828,8.58e-7,0.765625,1.730308533,1.892128235611321
1033,5,10,6/13/2018 19:00:00,299.724121094,0.001994759,0.299682617,0.669142723,0.733185961864944
1033,5,7,3/14/2018 18:00:00,295.780273438,9.1434e-5,0.629989624,1.249084473,1.398963525985345
1033,5,9,5/23/2018 19:00:00,294.135986328,0,-1.143264771,-1.297609329,1.72940576711121
1033,5,3,11/29/2017 15:00:00,298.5078125,0,0.697158813,1.842871666,1.970331542631642
1033,5,15,11/20/2018 17:00:00,295.075683594,1.252e-6,-1.064315796,-0.145126343,1.074164684323436
1033,5,2,10/19/2017 17:00:00,291.916503906,4.26e-7,1.254898071,-1.727706909,2.135354849200914
1033,5,14,10/23/2018 18:00:00,301.260498047,5.692e-6,0.884033203,-0.409057617,0.974085642041888
1033,5,1,9/7/2017 21:00:00,302.318603516,8.52e-7,1.535324097,0.918411255,1.789049836125182
1033,5,13,9/26/2018 18:00:00,282.91027832,8.55e-7,2.050109863,0.341166496,2.07830340142213
1033,7,8,4/5/2018 16:00:00,293.548828125,0.002748482,1.330627441,1.211864471,1.799773564317
1033,7,12,9/5/2018 19:00:00,301.268798828,0.003659469,1.506622314,0.180410385,1.517385483012989
1033,7,6,2/14/2018 16:00:00,293.231689453,7.541e-6,-0.901824951,-0.879806519,1.259899898055814
1033,7,4,1/13/2018 17:00:00,298.741455078,0,1.271469116,1.942687988,2.321781714903731
1033,7,5,1/25/2018 16:00:00,295.580566406,0,-0.644256592,-1.150848389,1.318908097935315
1033,7,11,7/11/2018 17:00:00,301.595703125,4.26e-7,2.514938354,1.273529053,2.819005351760671
1033,7,10,6/13/2018 18:00:00,290.822998047,0,-0.55706501,2.021465302,2.096817443783853
1033,7,7,3/14/2018 17:00:00,294.817626953,6.68325e-4,0.76902771,0.071674347,0.772360557489648
1033,7,9,5/23/2018 17:00:00,296.834960938,3.7342e-5,0.359313965,2.13186264,2.161930813248146
1033,7,3,11/29/2017 17:00:00,289.177978516,0,0.243286133,-1.826625824,1.842756099817275
1033,7,15,11/20/2018 16:00:00,277.950805664,0.018069491,2.422668457,-2.737075806,3.655257367181319
1033,7,2,10/19/2017 18:00:00,299.510742188,0.001498431,-0.268829346,0.507927895,0.574682489545243
1033,7,14,10/23/2018 17:00:00,294.581787109,7.16e-6,1.629180908,1.790435791,2.420721122452048
1033,7,13,9/26/2018 17:00:00,302.915527344,3.3659e-5,-0.166412354,0.764953613,0.782845515798344
1033,8,8,4/5/2018 15:00:00,295.979980469,0.011047969,0.161697388,0.954650879,0.968248080845759
1033,8,12,9/5/2018 18:00:00,295.668212891,3.12436e-4,-1.829711914,-0.682115555,1.952723052203384
1033,8,6,2/14/2018 17:00:00,295.347167969,0.004651442,-2.39515686,-0.113214493,2.397831083589982
1033,8,4,1/13/2018 18:00:00,299.671142578,1.39e-6,1.710876465,2.731741905,3.223276611466029
1033,8,5,1/25/2018 17:00:00,297.431152344,0,1.441131592,1.728103638,2.250156094391963
1033,8,11,7/11/2018 15:00:00,297.984130859,5.15084e-4,-0.615127563,1.961796761,2.055973844734512
1033,8,10,6/13/2018 16:00:00,300.462158203,4.32e-7,-0.193466187,2.036071777,2.045242637588082
1033,8,7,3/14/2018 15:00:00,302.902099609,0.007753172,-0.721908569,0.842529297,1.109507818043182
1033,8,9,5/23/2018 16:00:00,300.342285156,0.004287356,1.126281738,-0.381286621,1.189071083117363
1033,8,3,11/29/2017 18:00:00,294.874023438,0,0.451904297,-1.541724205,1.606589872347622
1033,8,15,11/20/2018 15:00:00,299.833740234,0.00838685,-0.016677856,0.992934227,0.993074282231115
1033,8,2,10/19/2017 20:00:00,280.27142334,0,0.522277832,-1.439613342,1.531424405010913
1033,8,14,10/23/2018 16:00:00,299.070556641,2.41801e-4,1.202896118,2.425765991,2.707637293618125
1033,8,13,9/26/2018 16:00:00,294.802001953,1.20044e-4,1.46156311,-0.292205811,1.490486819966899
1033,10,8,4/5/2018 15:00:00,295.991699219,0.010925585,0.208572388,0.973205566,0.995304734606142
1033,10,12,9/5/2018 18:00:00,295.740478516,3.71802e-4,-1.810180664,-0.60984993,1.910149463639033
1033,10,6,2/14/2018 17:00:00,295.235839844,0.006521404,-2.251602173,-0.089776993,2.253391278480159
1033,10,4,1/13/2018 19:00:00,303.719238281,7.5474e-5,-1.05645752,-1.382468224,1.739919791810606
1033,10,5,1/25/2018 17:00:00,297.464355469,0,1.392303467,1.722244263,2.214640884129216
1033,10,11,7/11/2018 15:00:00,298.290771484,2.94562e-4,-0.491104126,2.170781136,2.225640133307196
1033,10,10,6/13/2018 15:00:00,301.220947266,7.6979e-5,1.898696899,0.910186768,2.105585397677924
1033,10,7,3/14/2018 15:00:00,303.161865234,0.007616335,-0.733627319,0.873779297,1.140920375420188
1033,10,9,5/23/2018 15:00:00,303.967773438,5.8541e-5,2.614135742,0.506081581,2.662672387701753
1033,10,3,11/29/2017 19:00:00,291.453369141,0.009861713,0.556625366,-2.253189087,2.320925000910311
1033,10,15,11/20/2018 15:00:00,300.114990234,0.009288922,0.096603394,0.924574852,0.929607913414651
1033,10,2,10/19/2017 20:00:00,279.33392334,0,0.70489502,-1.420082092,1.585405354235912
1033,10,14,10/23/2018 15:00:00,297.046630859,7.38e-7,-0.331604004,1.624759674,1.658253663866122
1033,10,13,9/26/2018 15:00:00,303.486328125,0.005112499,0.358703613,0.041046143,0.361044412551185
1033,11,8,4/5/2018 16:00:00,293.548828125,0.002748482,1.330627441,1.211864471,1.799773564317
1033,11,12,9/5/2018 19:00:00,301.268798828,0.003659469,1.506622314,0.180410385,1.517385483012989
1033,11,6,2/14/2018 16:00:00,293.231689453,7.541e-6,-0.901824951,-0.879806519,1.259899898055814
1033,11,4,1/13/2018 17:00:00,298.741455078,0,1.271469116,1.942687988,2.321781714903731
1033,11,5,1/25/2018 16:00:00,295.580566406,0,-0.644256592,-1.150848389,1.318908097935315
1033,11,11,7/11/2018 16:00:00,296.839111328,0.006116986,2.575927734,0.481170654,2.620482567975059
1033,11,10,6/13/2018 17:00:00,297.330078125,7.6542e-4,1.591033936,1.99256897,2.549847071043774
1033,11,7,3/14/2018 16:00:00,295.730957031,0,1.050247192,-1.496673584,1.828401209075101
1033,11,9,5/23/2018 17:00:00,296.834960938,3.7342e-5,0.359313965,2.13186264,2.161930813248146
1033,11,3,11/29/2017 17:00:00,289.177978516,0,0.243286133,-1.826625824,1.842756099817275
1033,11,15,11/20/2018 16:00:00,277.950805664,0.018069491,2.422668457,-2.737075806,3.655257367181319
1033,11,2,10/19/2017 19:00:00,297.887695312,9.80899e-4,-1.720077515,-1.207336426,2.101506103525524
1033,11,14,10/23/2018 16:00:00,299.070556641,2.41801e-4,1.202896118,2.425765991,2.707637293618125
1033,11,13,9/26/2018 17:00:00,302.915527344,3.3659e-5,-0.166412354,0.764953613,0.782845515798344
1033,12,8,4/5/2018 17:00:00,299.640380859,5.203e-6,-0.516036987,1.55182457,1.635375696287469
1033,12,12,9/5/2018 20:00:00,295.098144531,0,-2.082382202,1.060317993,2.336790508686201
1033,12,6,2/14/2018 15:00:00,296.452148438,1.88062e-4,-0.252471924,-1.258071899,1.283155086286037
1033,12,4,1/13/2018 16:00:00,293.947509766,0.002216317,-0.096542358,-1.0340271,1.038524179026473
1033,12,5,1/25/2018 15:00:00,282.630371094,0,0.256057739,-1.310302734,1.335087570322511
1033,12,11,7/11/2018 18:00:00,296.206298828,8.58e-7,0.765625,1.730308533,1.892128235611321
1033,12,10,6/13/2018 19:00:00,299.724121094,0.001994759,0.299682617,0.669142723,0.733185961864944
1033,12,7,3/14/2018 17:00:00,294.919189453,6.5843e-4,0.677230835,-0.046489716,0.678824644196539
1033,12,9,5/23/2018 18:00:00,296.790039062,0.004223801,-0.873474121,1.692334175,1.904455827770666
1033,12,3,11/29/2017 16:00:00,305.052978516,4.0665e-5,-0.992492676,0.457929611,1.093042195225899
1033,12,15,11/20/2018 17:00:00,295.075683594,1.252e-6,-1.064315796,-0.145126343,1.074164684323436
1033,12,2,10/19/2017 17:00:00,291.916503906,4.26e-7,1.254898071,-1.727706909,2.135354849200914
1033,12,14,10/23/2018 18:00:00,301.260498047,5.692e-6,0.884033203,-0.409057617,0.974085642041888
1033,12,1,9/7/2017 21:00:00,302.318603516,8.52e-7,1.535324097,0.918411255,1.789049836125182
1033,12,13,9/26/2018 18:00:00,282.91027832,8.55e-7,2.050109863,0.341166496,2.07830340142213
1033,13,8,4/5/2018 17:00:00,299.640380859,5.203e-6,-0.516036987,1.55182457,1.635375696287469
1033,13,12,9/5/2018 20:00:00,295.098144531,0,-2.082382202,1.060317993,2.336790508686201
1033,13,6,2/14/2018 15:00:00,296.452148438,1.88062e-4,-0.252471924,-1.258071899,1.283155086286037
1033,13,4,1/13/2018 16:00:00,293.947509766,0.002216317,-0.096542358,-1.0340271,1.038524179026473
1033,13,5,1/25/2018 15:00:00,282.630371094,0,0.256057739,-1.310302734,1.335087570322511
1033,13,11,7/11/2018 17:00:00,301.58203125,4.26e-7,2.585250854,1.318450928,2.902039770170593
1033,13,10,6/13/2018 19:00:00,299.724121094,0.001994759,0.299682617,0.669142723,0.733185961864944
1033,13,7,3/14/2018 17:00:00,294.919189453,6.5843e-4,0.677230835,-0.046489716,0.678824644196539
1033,13,9,5/23/2018 18:00:00,296.790039062,0.004223801,-0.873474121,1.692334175,1.904455827770666
1033,13,3,11/29/2017 16:00:00,305.052978516,4.0665e-5,-0.992492676,0.457929611,1.093042195225899
1033,13,15,11/20/2018 17:00:00,295.075683594,1.252e-6,-1.064315796,-0.145126343,1.074164684323436
1033,13,2,10/19/2017 17:00:00,291.916503906,4.26e-7,1.254898071,-1.727706909,2.135354849200914
1033,13,14,10/23/2018 17:00:00,294.570068359,1.416e-6,1.674102783,1.810943604,2.466198869701479
1033,13,1,9/7/2017 21:00:00,302.318603516,8.52e-7,1.535324097,0.918411255,1.789049836125182
1033,13,13,9/26/2018 18:00:00,282.91027832,8.55e-7,2.050109863,0.341166496,2.07830340142213
1033,15,8,4/5/2018 16:00:00,293.548828125,0.002748482,1.330627441,1.211864471,1.799773564317
1033,15,12,9/5/2018 19:00:00,301.268798828,0.003659469,1.506622314,0.180410385,1.517385483012989
1033,15,6,2/14/2018 16:00:00,293.231689453,7.541e-6,-0.901824951,-0.879806519,1.259899898055814
1033,15,4,1/13/2018 17:00:00,298.741455078,0,1.271469116,1.942687988,2.321781714903731
1033,15,5,1/25/2018 16:00:00,295.580566406,0,-0.644256592,-1.150848389,1.318908097935315
1033,15,11,7/11/2018 16:00:00,296.839111328,0.006116986,2.575927734,0.481170654,2.620482567975059
1033,15,10,6/13/2018 17:00:00,297.330078125,7.6542e-4,1.591033936,1.99256897,2.549847071043774
1033,15,7,3/14/2018 16:00:00,295.730957031,0,1.050247192,-1.496673584,1.828401209075101
1033,15,9,5/23/2018 16:00:00,300.342285156,0.004287356,1.126281738,-0.381286621,1.189071083117363
1033,15,3,11/29/2017 17:00:00,289.177978516,0,0.243286133,-1.826625824,1.842756099817275
1033,15,15,11/20/2018 16:00:00,277.950805664,0.018069491,2.422668457,-2.737075806,3.655257367181319
1033,15,2,10/19/2017 19:00:00,297.887695312,9.80899e-4,-1.720077515,-1.207336426,2.101506103525524
1033,15,14,10/23/2018 16:00:00,299.070556641,2.41801e-4,1.202896118,2.425765991,2.707637293618125
1033,15,13,9/26/2018 17:00:00,302.915527344,3.3659e-5,-0.166412354,0.764953613,0.782845515798344
1033,16,8,4/5/2018 18:00:00,298.313720703,4.26e-7,1.627090454,1.079105377,1.952406658503356
1033,16,12,9/5/2018 21:00:00,297.697998047,0,0.81060791,1.964996338,2.125628328779041
1033,16,6,2/14/2018 14:00:00,297.520263672,0,-1.081253052,-0.504486084,1.193153121526726
1033,16,4,1/13/2018 15:00:00,299.518554688,0,2.056518555,1.706787109,2.672525173409572
1033,16,5,1/25/2018 14:00:00,298.074462891,0,-1.771743774,0.445159912,1.826812346126337
1033,16,11,7/11/2018 18:00:00,296.206298828,8.58e-7,0.765625,1.730308533,1.892128235611321
1033,16,10,6/13/2018 20:00:00,304.523925781,7.8827e-5,1.154006958,2.011749268,2.319238490628109
1033,16,7,3/14/2018 18:00:00,295.780273438,9.1434e-5,0.629989624,1.249084473,1.398963525985345
1033,16,9,5/23/2018 19:00:00,294.135986328,0,-1.143264771,-1.297609329,1.72940576711121
1033,16,3,11/29/2017 15:00:00,298.5078125,0,0.697158813,1.842871666,1.970331542631642
1033,16,15,11/20/2018 18:00:00,293.29296875,0,-0.866073608,-0.737142563,1.137304995443327
1033,16,2,10/19/2017 16:00:00,294.720214844,6.14e-7,1.374740601,0.833724976,1.607796335250221
1033,16,14,10/23/2018 18:00:00,301.260498047,5.692e-6,0.884033203,-0.409057617,0.974085642041888
1033,16,1,9/7/2017 20:00:00,293.831542969,0.032590117,0.0652771,2.801223755,2.801984230034265
1033,16,13,9/26/2018 19:00:00,295.545898438,6.79547e-4,-0.065200806,1.191513062,1.193295655744906
1033,21,8,4/5/2018 17:00:00,299.640380859,5.203e-6,-0.516036987,1.55182457,1.635375696287469
1033,21,12,9/5/2018 20:00:00,295.098144531,0,-2.082382202,1.060317993,2.336790508686201
1033,21,6,2/14/2018 15:00:00,296.452148438,1.88062e-4,-0.252471924,-1.258071899,1.283155086286037
1033,21,4,1/13/2018 16:00:00,293.947509766,0.002216317,-0.096542358,-1.0340271,1.038524179026473
1033,21,5,1/25/2018 16:00:00,295.584472656,4.694e-6,-0.682342529,-1.240692139,1.415947848848435
1033,21,11,7/11/2018 17:00:00,301.58203125,4.26e-7,2.585250854,1.318450928,2.902039770170593
1033,21,10,6/13/2018 19:00:00,299.724121094,0.001994759,0.299682617,0.669142723,0.733185961864944
1033,21,7,3/14/2018 17:00:00,294.919189453,6.5843e-4,0.677230835,-0.046489716,0.678824644196539
1033,21,9,5/23/2018 18:00:00,296.790039062,0.004223801,-0.873474121,1.692334175,1.904455827770666
1033,21,3,11/29/2017 16:00:00,305.052978516,4.0665e-5,-0.992492676,0.457929611,1.093042195225899
1033,21,15,11/20/2018 17:00:00,295.075683594,1.252e-6,-1.064315796,-0.145126343,1.074164684323436
1033,21,2,10/19/2017 18:00:00,299.620117188,0.00132969,-0.239532471,0.56847477,0.616878731024112
1033,21,14,10/23/2018 17:00:00,294.570068359,1.416e-6,1.674102783,1.810943604,2.466198869701479
1033,21,13,9/26/2018 18:00:00,282.91027832,8.55e-7,2.050109863,0.341166496,2.07830340142213
1033,24,8,4/5/2018 18:00:00,298.487548828,4.26e-7,1.650527954,1.196292877,2.038469812014974
1033,24,12,9/5/2018 21:00:00,297.651123047,0,0.77545166,2.027496338,2.170729526587817
1033,24,6,2/14/2018 14:00:00,297.299560547,0,-1.180862427,-0.336517334,1.227876210203129
1033,24,4,1/13/2018 14:00:00,293.008056641,0.005611278,0.761962891,1.62526226,1.795011103319806
1033,24,5,1/25/2018 14:00:00,298.127197266,0,-1.731704712,0.5652771,1.82163097507355
1033,24,11,7/11/2018 19:00:00,297.58203125,8.58e-7,0.11958313,0.11177063,0.163685059523445
1033,24,10,6/13/2018 20:00:00,304.590332031,6.5595e-5,1.138381958,2.107452393,2.395259708478673
1033,24,7,3/14/2018 18:00:00,295.840820312,6.9946e-5,0.630966187,1.290100098,1.436132511990773
1033,24,9,5/23/2018 19:00:00,293.262939453,0,-1.129592896,-1.319093704,1.736660102215199
1033,24,3,11/29/2017 15:00:00,298.552734375,0,0.671768188,1.846777916,1.965161868507046
1033,24,15,11/20/2018 18:00:00,293.47265625,1.5e-8,-0.995956421,-0.847494125,1.307736779493735
1033,24,2,10/19/2017 16:00:00,294.849121094,4.35e-7,1.560287476,0.808334351,1.757242564579245
1033,24,14,10/23/2018 19:00:00,303.6328125,3.9005e-5,0.710693359,2.136508942,2.25161175822402
1033,24,1,9/7/2017 20:00:00,293.966308594,0.029343154,0.05355835,2.700637817,2.701168842457881
1033,24,13,9/26/2018 19:00:00,295.717773438,0.001188466,-0.044692993,1.299911499,1.300679579625868
157,14,1,8/23/2022 22:00:00,298.237792969,2.143e-6,0.201568604,1.305419922,1.32089025845185
157,4,1,8/23/2022 22:00:00,298.237792969,2.143e-6,0.201568604,1.305419922,1.32089025845185
157,16,1,8/23/2022 22:00:00,298.237792969,2.143e-6,0.201568604,1.305419922,1.32089025845185
157,8,1,8/23/2022 18:00:00,296.731445312,9.879e-6,2.075958252,1.370236397,2.487398329120295
157,6,1,8/23/2022 18:00:00,296.731445312,9.879e-6,2.075958252,1.370236397,2.487398329120295
157,1,1,8/23/2022 19:00:00,296.135498047,3.94994e-4,-0.21723938,1.615493774,1.630034687378016
157,17,1,8/23/2022 19:00:00,296.135498047,3.94994e-4,-0.21723938,1.615493774,1.630034687378016
157,13,1,8/23/2022 19:00:00,296.135498047,3.94994e-4,-0.21723938,1.615493774,1.630034687378016
157,2,1,8/23/2022 20:00:00,290.686279297,4.04214e-4,-0.051605225,-1.306137085,1.307156143717956
157,5,1,8/23/2022 20:00:00,290.686279297,4.04214e-4,-0.051605225,-1.306137085,1.307156143717956
157,11,1,8/23/2022 20:00:00,290.686279297,4.04214e-4,-0.051605225,-1.306137085,1.307156143717956
157,7,1,8/23/2022 20:00:00,290.686279297,4.04214e-4,-0.051605225,-1.306137085,1.307156143717956
157,15,1,8/23/2022 21:00:00,297.238037109,1.9068e-5,-1.591186523,0.788686752,1.775922673923935
157,10,1,8/23/2022 21:00:00,297.238037109,1.9068e-5,-1.591186523,0.788686752,1.775922673923935
157,3,1,8/23/2022 21:00:00,297.238037109,1.9068e-5,-1.591186523,0.788686752,1.775922673923935
167,6,1,7/27/2021 19:00:00,295.989501953,6.89447e-4,0.099075317,-1.717587471,1.720442570670357
167,9,1,7/27/2021 19:00:00,295.989501953,6.89447e-4,0.099075317,-1.717587471,1.720442570670357
167,5,1,7/27/2021 19:00:00,295.989501953,6.89447e-4,0.099075317,-1.717587471,1.720442570670357
167,11,1,7/27/2021 20:00:00,300.625732422,8.58e-7,1.850097656,4.57108593,4.931296778351578
167,7,1,7/27/2021 20:00:00,300.625732422,8.58e-7,1.850097656,4.57108593,4.931296778351578
167,2,1,7/27/2021 20:00:00,300.625732422,8.58e-7,1.850097656,4.57108593,4.931296778351578
167,1,1,7/27/2021 21:00:00,303.661132812,3.334e-6,-3.395690918,1.44952774,3.692133188228343
167,13,1,7/27/2021 21:00:00,303.661132812,3.334e-6,-3.395690918,1.44952774,3.692133188228343
167,14,1,7/27/2021 21:00:00,303.661132812,3.334e-6,-3.395690918,1.44952774,3.692133188228343
167,3,1,7/27/2021 22:00:00,312.650146484,1.711e-6,2.193405151,5.087526321,5.540212109955821
167,10,1,7/27/2021 22:00:00,312.650146484,1.711e-6,2.193405151,5.087526321,5.540212109955821
167,12,1,7/27/2021 22:00:00,312.650146484,1.711e-6,2.193405151,5.087526321,5.540212109955821
167,15,1,7/27/2021 22:00:00,312.650146484,1.711e-6,2.193405151,5.087526321,5.540212109955821
167,8,1,7/27/2021 23:00:00,300.249267578,2.05013e-4,0.848175049,-0.652038574,1.069838873723565
167,4,1,7/27/2021 23:00:00,300.249267578,2.05013e-4,0.848175049,-0.652038574,1.069838873723565
98,1,1,8/31/2020 19:00:00,294.172363281,0,0.940582275,-0.725941658,1.188144059810916
98,2,1,8/31/2020 18:00:00,291.651611328,3.52451e-4,0.85710144,-0.895758629,1.239760622006536
98,3,1,8/31/2020 21:00:00,301.417236328,4.18693e-4,0.516799927,-0.568703651,0.768443886831
98,4,1,8/31/2020 20:00:00,302.110839844,6.03113e-4,-2.399597168,0.227355957,2.410343813620166
98,5,1,8/31/2020 19:00:00,294.172363281,0,0.940582275,-0.725941658,1.188144059810916
98,6,1,8/31/2020 19:00:00,294.172363281,0,0.940582275,-0.725941658,1.188144059810916
98,7,1,8/31/2020 20:00:00,302.110839844,6.03113e-4,-2.399597168,0.227355957,2.410343813620166
98,8,1,8/31/2020 20:00:00,302.110839844,6.03113e-4,-2.399597168,0.227355957,2.410343813620166
98,9,1,8/31/2020 19:00:00,294.172363281,0,0.940582275,-0.725941658,1.188144059810916
98,10,1,8/31/2020 19:00:00,294.172363281,0,0.940582275,-0.725941658,1.188144059810916
98,11,1,8/31/2020 19:00:00,294.172363281,0,0.940582275,-0.725941658,1.188144059810916
98,12,1,8/31/2020 20:00:00,302.110839844,6.03113e-4,-2.399597168,0.227355957,2.410343813620166
98,13,1,8/31/2020 18:00:00,291.651611328,3.52451e-4,0.85710144,-0.895758629,1.239760622006536
98,14,1,8/31/2020 19:00:00,294.172363281,0,0.940582275,-0.725941658,1.188144059810916
98,15,1,8/31/2020 20:00:00,302.110839844,6.03113e-4,-2.399597168,0.227355957,2.410343813620166
138,1,1,9/4/2020 18:00:00,301.467285156,8.57e-7,1.823196411,0.050003052,1.823881974880117
138,2,1,9/4/2020 21:00:00,297.782226562,2.578e-6,-1.717514038,-1.674269676,2.398548189780687
138,3,1,9/4/2020 20:00:00,299.381835938,1.6728e-4,-1.003692627,0.72744751,1.239588145030179
138,4,1,9/4/2020 21:00:00,297.704101562,3.085e-6,-1.706771851,-1.554152489,2.308345751925144
138,5,1,9/4/2020 18:00:00,301.467285156,8.57e-7,1.823196411,0.050003052,1.823881974880117
138,6,1,9/4/2020 21:00:00,297.782226562,2.578e-6,-1.717514038,-1.674269676,2.398548189780687
138,7,1,9/4/2020 20:00:00,299.381835938,1.6728e-4,-1.003692627,0.72744751,1.239588145030179
138,8,1,9/4/2020 21:00:00,297.704101562,3.085e-6,-1.706771851,-1.554152489,2.308345751925144
138,10,1,9/4/2020 19:00:00,275.573974609,8.1323e-5,1.136703491,-1.562057495,1.931869158130866
138,11,1,9/4/2020 19:00:00,275.573974609,8.1323e-5,1.136703491,-1.562057495,1.931869158130866
138,12,1,9/4/2020 22:00:00,299.235107422,0,2.011642456,1.480791092,2.497888634212555
138,13,1,9/4/2020 20:00:00,299.381835938,1.6728e-4,-1.003692627,0.72744751,1.239588145030179
138,14,1,9/4/2020 19:00:00,275.573974609,8.1323e-5,1.136703491,-1.562057495,1.931869158130866
138,16,1,9/4/2020 22:00:00,299.235107422,0,2.011642456,1.480791092,2.497888634212555
102,1,1,9/1/2020 22:00:00,292.343994141,0.00854891,-1.447982788,0.423355103,1.508603227353168
102,2,1,9/1/2020 22:00:00,292.343994141,0.00854891,-1.447982788,0.423355103,1.508603227353168
102,3,1,9/1/2020 21:00:00,292.331054688,0.001419136,-0.611968994,-0.972427368,1.148965202107
102,4,1,9/1/2020 23:00:00,296.682861328,0,-0.610488892,1.291046143,1.428109530326916
102,5,1,9/1/2020 22:00:00,292.343994141,0.00854891,-1.447982788,0.423355103,1.508603227353168
102,6,1,9/1/2020 23:00:00,296.682861328,0,-0.610488892,1.291046143,1.428109530326916
102,7,1,9/1/2020 21:00:00,292.331054688,0.001419136,-0.611968994,-0.972427368,1.148965202107
102,8,1,9/1/2020 21:00:00,293.424804688,0.001196438,-0.708648682,-1.224380493,1.414669765754277
102,9,1,9/1/2020 22:00:00,292.343994141,0.00854891,-1.447982788,0.423355103,1.508603227353168
102,10,1,9/1/2020 20:00:00,292.820556641,0,1.219589233,-0.728057861,1.420375353986904
102,11,1,9/1/2020 23:00:00,296.682861328,0,-0.610488892,1.291046143,1.428109530326916
102,12,1,9/1/2020 21:00:00,293.424804688,0.001196438,-0.708648682,-1.224380493,1.414669765754277
102,13,1,9/1/2020 22:00:00,292.343994141,0.00854891,-1.447982788,0.423355103,1.508603227353168
102,14,1,9/1/2020 21:00:00,292.331054688,0.001419136,-0.611968994,-0.972427368,1.148965202107
102,15,1,9/1/2020 23:00:00,296.682861328,0,-0.610488892,1.291046143,1.428109530326916
2,19,1,8/9/2022 16:00:00,307.017089844,1.282e-6,1.039871216,-0.126544952,1.047542729792919
2,7,1,8/9/2022 16:00:00,306.933105469,1.282e-6,1.143386841,-0.10603714,1.148293230508366
2,3,1,8/9/2022 16:00:00,306.933105469,1.282e-6,1.143386841,-0.10603714,1.148293230508366
2,1,1,8/9/2022 16:00:00,306.933105469,1.282e-6,1.143386841,-0.10603714,1.148293230508366
2,8,1,8/9/2022 16:00:00,306.933105469,1.282e-6,1.143386841,-0.10603714,1.148293230508366
2,11,1,8/9/2022 17:00:00,296.805908203,0,-1.302200317,-0.154256821,1.311305011208272
2,15,1,8/9/2022 17:00:00,296.805908203,0,-1.302200317,-0.154256821,1.311305011208272
2,4,1,8/9/2022 17:00:00,296.805908203,0,-1.302200317,-0.154256821,1.311305011208272
2,20,1,8/9/2022 17:00:00,296.805908203,0,-1.302200317,-0.154256821,1.311305011208272
2,10,1,8/9/2022 17:00:00,296.805908203,0,-1.302200317,-0.154256821,1.311305011208272
184,7,1,6/13/2022 18:00:00,305.527587891,4.4525e-5,-0.489181519,5.019317627,5.043099047137986
184,10,1,6/13/2022 18:00:00,305.527587891,4.4525e-5,-0.489181519,5.019317627,5.043099047137986
184,4,1,6/13/2022 18:00:00,305.527587891,4.4525e-5,-0.489181519,5.019317627,5.043099047137986
184,8,1,6/13/2022 18:00:00,305.527587891,4.4525e-5,-0.489181519,5.019317627,5.043099047137986
184,11,1,6/13/2022 18:00:00,305.527587891,4.4525e-5,-0.489181519,5.019317627,5.043099047137986
184,15,1,6/13/2022 18:00:00,305.527587891,4.4525e-5,-0.489181519,5.019317627,5.043099047137986
184,9,1,6/13/2022 18:00:00,305.527587891,4.4525e-5,-0.489181519,5.019317627,5.043099047137986
184,5,1,6/13/2022 18:00:00,305.527587891,4.4525e-5,-0.489181519,5.019317627,5.043099047137986
184,2,1,6/13/2022 17:00:00,298.601074219,0.002941012,-1.692123413,-2.191135406,2.768457334374065
184,6,1,6/13/2022 17:00:00,298.601074219,0.002941012,-1.692123413,-2.191135406,2.768457334374065
184,1,1,6/13/2022 17:00:00,298.601074219,0.002941012,-1.692123413,-2.191135406,2.768457334374065
184,14,1,6/13/2022 18:00:00,305.527587891,4.4525e-5,-0.489181519,5.019317627,5.043099047137986
184,12,1,6/13/2022 18:00:00,305.527587891,4.4525e-5,-0.489181519,5.019317627,5.043099047137986
184,3,1,6/13/2022 18:00:00,305.527587891,4.4525e-5,-0.489181519,5.019317627,5.043099047137986
2,6,1,8/9/2022 14:00:00,288.026611328,8.55e-7,-1.353637695,-0.806884766,1.575880082661047
2,2,1,8/9/2022 14:00:00,288.026611328,8.55e-7,-1.353637695,-0.806884766,1.575880082661047
2,13,1,8/9/2022 14:00:00,288.026611328,8.55e-7,-1.353637695,-0.806884766,1.575880082661047
2,18,1,8/9/2022 14:00:00,287.743408203,8.55e-7,-1.40637207,-0.730712891,1.584873410828027
2,17,1,8/9/2022 14:00:00,287.743408203,8.55e-7,-1.40637207,-0.730712891,1.584873410828027
2,5,1,8/9/2022 15:00:00,298.706542969,2.45e-5,-0.602584839,3.150268555,3.207382181283429
2,9,1,8/9/2022 15:00:00,298.761230469,2.3741e-5,-0.505905151,3.41003418,3.447357412653438
2,14,1,8/9/2022 14:00:00,288.026611328,8.55e-7,-1.353637695,-0.806884766,1.575880082661047
2,12,1,8/9/2022 15:00:00,298.761230469,2.3741e-5,-0.505905151,3.41003418,3.447357412653438
2,16,1,8/9/2022 16:00:00,307.017089844,1.282e-6,1.039871216,-0.126544952,1.047542729792919
44,1,1,9/3/2020 14:00:00,297.344970703,0,1.218719482,1.933654785,2.285672330707038
44,3,1,9/3/2020 12:00:00,297.685302734,6.0232e-4,4.146789551,3.921995163,5.707706162625945
44,5,1,9/3/2020 14:00:00,297.344970703,0,1.218719482,1.933654785,2.285672330707038
44,7,1,9/3/2020 12:00:00,297.685302734,6.0232e-4,4.146789551,3.921995163,5.707706162625945
44,8,1,9/3/2020 19:00:00,293.650634766,0,-2.050018311,-0.71862793,2.172326213350881
44,9,1,9/3/2020 15:00:00,292.009765625,8.52e-7,0.526397705,-1.096170425,1.216011572508234
44,10,1,9/3/2020 15:00:00,292.009765625,8.52e-7,0.526397705,-1.096170425,1.216011572508234
44,11,1,9/3/2020 19:00:00,293.650634766,0,-2.050018311,-0.71862793,2.172326213350881
44,12,1,9/3/2020 13:00:00,296.734863281,0,1.155044556,0.936656952,1.487095885299656
44,13,1,9/3/2020 14:00:00,297.344970703,0,1.218719482,1.933654785,2.285672330707038
44,14,1,9/3/2020 15:00:00,292.009765625,8.52e-7,0.526397705,-1.096170425,1.216011572508234
44,15,1,9/3/2020 13:00:00,296.734863281,0,1.155044556,0.936656952,1.487095885299656
44,19,1,9/3/2020 20:00:00,296.62890625,4.26e-7,0.7706604,1.254348755,1.472178063719946
44,20,1,9/3/2020 18:00:00,296.292480469,0.009876156,1.971237183,1.139123917,2.276703610469136
44,26,1,9/3/2020 16:00:00,297.095703125,1.177e-6,0.88494873,2.187011719,2.359269911174207
44,27,1,9/3/2020 16:00:00,297.095703125,1.177e-6,0.88494873,2.187011719,2.359269911174207
275,10,1,6/15/2021 16:00:00,308.271240234,7.83184e-4,-0.214599609,1.849029541,1.86144117169295
275,14,1,6/15/2021 16:00:00,308.271240234,7.83184e-4,-0.214599609,1.849029541,1.86144117169295
275,15,1,6/15/2021 16:00:00,308.271240234,7.83184e-4,-0.214599609,1.849029541,1.86144117169295
275,1,1,6/15/2021 18:00:00,297.262451172,1.2094e-5,-0.234771729,1.581695557,1.59902426491007
275,6,1,6/15/2021 20:00:00,306.365966797,0,0.625762939,5.286787987,5.323692935858851
275,13,1,6/15/2021 20:00:00,306.365966797,0,0.625762939,5.286787987,5.323692935858851
275,9,1,6/16/2021 19:00:00,290.389892578,3.0088e-5,0.686462402,0.137420654,0.70008218482218
275,8,1,6/16/2021 19:00:00,290.389892578,3.0088e-5,0.686462402,0.137420654,0.70008218482218
275,12,1,6/15/2021 18:00:00,297.262451172,1.2094e-5,-0.234771729,1.581695557,1.59902426491007
275,16,1,6/15/2021 19:00:00,299.351806641,0.006966089,0.662200928,1.277496338,1.438925627906971
275,17,1,6/16/2021 20:00:00,297.306396484,4.26e-7,-0.45690918,0.349767685,0.57541587763854
99,37,1,6/5/2023 14:00:00,301.303222656,0.003792977,0.025314331,0.35647583,0.357373519903429
99,39,1,6/5/2023 14:00:00,301.297363281,0.004438466,0.025314331,0.419952393,0.420714663091749
99,38,1,6/5/2023 15:00:00,295.574462891,1.36441e-4,1.237854004,-0.608163834,1.379183013310565
99,36,1,6/5/2023 15:00:00,295.574462891,1.36441e-4,1.237854004,-0.608163834,1.379183013310565
99,3,1,6/5/2023 15:00:00,295.574462891,1.36441e-4,1.237854004,-0.608163834,1.379183013310565
99,1,1,6/5/2023 16:00:00,302.482666016,2.88787e-4,0.719436646,2.638153076,2.73449094714464
99,2,1,6/5/2023 16:00:00,302.482666016,2.88787e-4,0.719436646,2.638153076,2.73449094714464
99,20,1,6/5/2023 19:00:00,294.818359375,3.269e-6,0.060897827,-1.292162895,1.293597113690388
99,14,1,6/5/2023 13:00:00,298.018066406,0.012760836,0.031387329,1.381124496,1.381481102973547
99,19,1,6/5/2023 13:00:00,298.018066406,0.012760836,0.031387329,1.381124496,1.381481102973547
99,15,1,6/5/2023 13:00:00,298.018066406,0.012760836,0.031387329,1.381124496,1.381481102973547
99,21,1,6/5/2023 14:00:00,301.303222656,0.003792977,0.025314331,0.35647583,0.357373519903429
99,25,1,6/5/2023 18:00:00,298.224365234,8.58e-7,-0.115341187,0.282028198,0.304702303709204
99,16,1,6/5/2023 19:00:00,294.818359375,3.269e-6,0.060897827,-1.292162895,1.293597113690388
99,23,1,6/5/2023 19:00:00,294.818359375,3.269e-6,0.060897827,-1.292162895,1.293597113690388
99,17,1,6/5/2023 19:00:00,294.818359375,3.269e-6,0.060897827,-1.292162895,1.293597113690388
99,24,1,6/5/2023 20:00:00,301.857910156,0,0.550186157,1.844894409,1.92518575408034
99,18,1,6/5/2023 20:00:00,301.857910156,0,0.550186157,1.844894409,1.92518575408034
99,22,1,6/5/2023 20:00:00,301.857910156,0,0.550186157,1.844894409,1.92518575408034
147,4,1,7/13/2021 18:00:00,300.243896484,8.55e-7,0.096893311,3.087356567,3.088876638118552
147,3,1,7/13/2021 18:00:00,300.243896484,8.55e-7,0.096893311,3.087356567,3.088876638118552
147,11,1,7/13/2021 19:00:00,298.330810547,0,-0.970687866,1.830983162,2.072374066795653
147,7,1,7/13/2021 20:00:00,289.646484375,0.003436267,0.355407715,-1.663247108,1.700795574474453
147,5,1,7/13/2021 20:00:00,289.646484375,0.003436267,0.355407715,-1.663247108,1.700795574474453
147,9,1,7/13/2021 22:00:00,300.354003906,0,-1.193161011,1.62387085,2.015090503091676
147,2,1,7/13/2021 22:00:00,300.354003906,0,-1.193161011,1.62387085,2.015090503091676
147,6,1,7/13/2021 22:00:00,300.354003906,0,-1.193161011,1.62387085,2.015090503091676
147,14,1,7/13/2021 23:00:00,296.731445312,5.871e-6,-1.282401085,0.104406357,1.286644173884602
147,12,1,7/14/2021 0:00:00,293.072509766,2.339e-6,0.487869263,0.248659134,0.547583585128146
147,1,2,8/28/2023 16:00:00,292.682128906,0.001153219,-0.219528198,0.035491943,0.222378748388965
147,15,2,8/28/2023 16:00:00,292.682128906,0.001153219,-0.219528198,0.035491943,0.222378748388965
147,3,2,8/28/2023 17:00:00,272.952331543,1.72e-6,0.815856934,0.124006271,0.825227297175273
147,8,2,8/28/2023 17:00:00,272.952331543,1.72e-6,0.815856934,0.124006271,0.825227297175273
147,11,2,8/28/2023 18:00:00,304.8984375,8.58e-7,1.58152771,2.796053886,3.212342950388944
147,7,2,8/28/2023 18:00:00,304.8984375,8.58e-7,1.58152771,2.796053886,3.212342950388944
147,10,2,8/28/2023 19:00:00,304.679931641,4.6983e-5,-0.239242554,2.824436188,2.834550542807169
147,14,2,8/28/2023 19:00:00,304.679931641,4.6983e-5,-0.239242554,2.824436188,2.834550542807169
147,2,2,8/29/2023 15:00:00,304.292236328,0.001360059,-0.532226562,-0.005127907,0.532251264656591
147,9,2,8/29/2023 15:00:00,304.292236328,0.001360059,-0.532226562,-0.005127907,0.532251264656591
147,5,2,8/29/2023 15:00:00,304.292236328,0.001360059,-0.532226562,-0.005127907,0.532251264656591
147,6,2,8/29/2023 15:00:00,304.292236328,0.001360059,-0.532226562,-0.005127907,0.532251264656591
147,13,2,8/29/2023 16:00:00,301.640136719,0,-1.234954834,2.407302856,2.705590597730138
147,12,2,8/29/2023 16:00:00,301.640136719,0,-1.234954834,2.407302856,2.705590597730138
117,3,1,7/14/2022 12:00:00,298.550537109,0,-0.671096802,0.933462143,1.149661902503853
117,11,1,7/14/2022 12:00:00,298.550537109,0,-0.671096802,0.933462143,1.149661902503853
117,15,1,7/14/2022 12:00:00,298.550537109,0,-0.671096802,0.933462143,1.149661902503853
117,12,1,7/14/2022 14:00:00,293.627441406,8.52e-7,-1.363845825,0.285251617,1.393357068152685
117,8,1,7/14/2022 14:00:00,293.627441406,8.52e-7,-1.363845825,0.285251617,1.393357068152685
117,14,1,7/14/2022 15:00:00,298.313720703,0.002128668,-0.458694458,-0.005544662,0.458727968491794
117,10,1,7/14/2022 15:00:00,298.313720703,0.002128668,-0.458694458,-0.005544662,0.458727968491794
117,2,1,7/14/2022 15:00:00,298.313720703,0.002128668,-0.458694458,-0.005544662,0.458727968491794
117,6,1,7/14/2022 15:00:00,298.313720703,0.002128668,-0.458694458,-0.005544662,0.458727968491794
117,9,1,7/14/2022 16:00:00,299.715087891,0.002241874,2.136016846,0.645813942,2.231511508838206
117,13,1,7/14/2022 17:00:00,304.794189453,0,0.607467651,-2.105522156,2.191401491379055
117,1,1,7/14/2022 17:00:00,304.794189453,0,0.607467651,-2.105522156,2.191401491379055
117,5,1,7/14/2022 17:00:00,304.794189453,0,0.607467651,-2.105522156,2.191401491379055
117,16,1,7/14/2022 17:00:00,304.794189453,0,0.607467651,-2.105522156,2.191401491379055
288,5,1,6/28/2021 17:00:00,278.571044922,8.55e-7,-2.29598999,-1.431945801,2.705926608609651
288,12,1,6/28/2021 18:00:00,306.087890625,0,0.555603027,-0.173339844,0.582014969850009
288,13,1,6/28/2021 18:00:00,306.087890625,0,0.555603027,-0.173339844,0.582014969850009
288,9,1,6/28/2021 18:00:00,306.087890625,0,0.555603027,-0.173339844,0.582014969850009
288,15,1,6/28/2021 19:00:00,302.452636719,7.9e-5,-0.245437622,0.71325779,0.754305177821748
288,2,1,6/28/2021 19:00:00,302.452636719,7.9e-5,-0.245437622,0.71325779,0.754305177821748
288,11,1,6/28/2021 20:00:00,302.063720703,4.26e-7,-1.109649658,-0.014302254,1.109741824916497
288,7,1,6/28/2021 20:00:00,302.063720703,4.26e-7,-1.109649658,-0.014302254,1.109741824916497
288,6,1,6/28/2021 21:00:00,311.918457031,1.58e-6,2.536834717,1.198059082,2.805508143873255
288,3,1,6/28/2021 21:00:00,311.918457031,1.58e-6,2.536834717,1.198059082,2.805508143873255
288,14,1,6/28/2021 21:00:00,311.918457031,1.58e-6,2.536834717,1.198059082,2.805508143873255
288,8,1,6/28/2021 21:00:00,311.918457031,1.58e-6,2.536834717,1.198059082,2.805508143873255
288,4,1,6/28/2021 22:00:00,309.214599609,8.62e-7,-1.744503021,2.600894928,3.131763914597372
288,10,1,6/28/2021 22:00:00,309.214599609,8.62e-7,-1.744503021,2.600894928,3.131763914597372
3,10,1,9/14/2022 15:00:00,302.391845703,5.7372e-5,-1.024261475,-0.513656616,1.145842348811453
3,6,1,9/14/2022 15:00:00,302.391845703,5.7372e-5,-1.024261475,-0.513656616,1.145842348811453
3,30,1,9/14/2022 16:00:00,297.655761719,1.289e-6,0.64364624,2.516962051,2.597956590946097
3,34,1,9/14/2022 16:00:00,297.655761719,1.289e-6,0.64364624,2.516962051,2.597956590946097
3,19,1,9/14/2022 14:00:00,299.689941406,4.26e-7,0.764358521,1.494689941,1.67879181805008
3,7,1,9/14/2022 14:00:00,299.689941406,4.26e-7,0.764358521,1.494689941,1.67879181805008
3,14,1,9/14/2022 14:00:00,299.689941406,4.26e-7,0.764358521,1.494689941,1.67879181805008
3,21,1,9/14/2022 17:00:00,298.379394531,0,-1.809936523,0.106193542,1.813049168018296
3,25,1,9/14/2022 19:00:00,298.732910156,0.00236989,0.620452881,1.501861572,1.624976910294885
3,17,1,9/14/2022 20:00:00,306.650634766,3.645e-4,0.855743408,3.270095825,3.380210568147772
3,12,1,9/14/2022 20:00:00,306.650634766,3.645e-4,0.855743408,3.270095825,3.380210568147772
3,15,1,9/14/2022 20:00:00,306.650634766,3.645e-4,0.855743408,3.270095825,3.380210568147772
3,11,1,9/14/2022 21:00:00,308.611328125,1.9714e-5,-0.884307861,0.449829102,0.992142436363107
3,20,1,9/14/2022 21:00:00,308.611328125,1.9714e-5,-0.884307861,0.449829102,0.992142436363107
3,16,1,9/14/2022 22:00:00,300.271484375,4.47e-7,1.604187012,2.877977371,3.294870212536081
3,8,1,9/14/2022 22:00:00,300.271484375,4.47e-7,1.604187012,2.877977371,3.294870212536081
3,4,1,9/14/2022 22:00:00,300.294921875,4.47e-7,1.683288574,2.963914871,3.408555674460064
3,5,1,9/14/2022 22:00:00,300.271484375,4.47e-7,1.604187012,2.877977371,3.294870212536081
3,1,1,9/14/2022 23:00:00,296.653625488,3.3626e-5,-0.861129761,3.662741661,3.76260826296134
316,12,1,7/1/2021 13:00:00,299.260253906,1.717e-6,0.254638672,1.386062622,1.409258828385843
316,4,1,7/1/2021 13:00:00,299.459472656,1.717e-6,0.536865234,1.169265747,1.286626078775548
316,3,1,7/1/2021 14:00:00,316.677490234,0,1.766860962,3.816248894,4.205419512961316
316,8,1,7/1/2021 14:00:00,316.677490234,0,1.766860962,3.816248894,4.205419512961316
316,14,1,7/1/2021 14:00:00,316.677490234,0,1.766860962,3.816248894,4.205419512961316
316,13,1,7/1/2021 14:00:00,316.677490234,0,1.766860962,3.816248894,4.205419512961316
316,15,1,7/1/2021 14:00:00,316.677490234,0,1.766860962,3.816248894,4.205419512961316
316,11,1,7/1/2021 14:00:00,316.677490234,0,1.766860962,3.816248894,4.205419512961316
316,9,1,7/1/2021 15:00:00,291.883789062,0,1.376113892,-1.729251862,2.209977702599249
316,2,1,7/1/2021 15:00:00,291.883789062,0,1.376113892,-1.729251862,2.209977702599249
316,5,1,7/1/2021 15:00:00,291.883789062,0,1.376113892,-1.729251862,2.209977702599249
316,1,1,7/1/2021 15:00:00,291.883789062,0,1.376113892,-1.729251862,2.209977702599249
316,10,1,7/1/2021 15:00:00,291.883789062,0,1.376113892,-1.729251862,2.209977702599249
316,6,1,7/1/2021 15:00:00,291.883789062,0,1.376113892,-1.729251862,2.209977702599249
1,8,1,8/3/2023 13:00:00,302.760498047,6.437e-6,-0.397903442,1.260976791,1.322266847726322
1,3,1,8/3/2023 13:00:00,302.760498047,6.437e-6,-0.397903442,1.260976791,1.322266847726322
1,6,1,8/3/2023 13:00:00,302.760498047,6.437e-6,-0.397903442,1.260976791,1.322266847726322
1,2,1,8/3/2023 13:00:00,302.760498047,6.437e-6,-0.397903442,1.260976791,1.322266847726322
1,4,1,8/3/2023 14:00:00,297.359375,2.03693e-4,1.553024292,1.474700928,2.141641258144361
1,7,1,8/3/2023 14:00:00,297.359375,2.03693e-4,1.553024292,1.474700928,2.141641258144361
1,19,1,8/3/2023 14:00:00,297.359375,2.03693e-4,1.553024292,1.474700928,2.141641258144361
1,20,1,8/3/2023 15:00:00,295.537841797,8.58e-7,1.202911377,1.510360718,1.930850921069131
1,24,1,8/3/2023 15:00:00,295.537841797,8.58e-7,1.202911377,1.510360718,1.930850921069131
1,23,1,8/3/2023 15:00:00,295.537841797,8.58e-7,1.202911377,1.510360718,1.930850921069131
1,22,1,8/3/2023 15:00:00,295.537841797,8.58e-7,1.202911377,1.510360718,1.930850921069131
1,9,1,8/3/2023 15:00:00,295.537841797,8.58e-7,1.202911377,1.510360718,1.930850921069131
1,5,1,8/3/2023 16:00:00,283.829284668,8.55e-7,1.182053566,-2.324645996,2.607916724056224
1,1,1,8/3/2023 16:00:00,283.829284668,8.55e-7,1.182053566,-2.324645996,2.607916724056224
11,2,1,9/12/2022 14:00:00,300.062988281,0.001353309,-0.174026489,-0.461157799,0.492901343528491
11,10,1,9/12/2022 14:00:00,300.062988281,0.001353309,-0.174026489,-0.461157799,0.492901343528491
11,14,1,9/12/2022 14:00:00,300.062988281,0.001353309,-0.174026489,-0.461157799,0.492901343528491
11,3,1,9/12/2022 14:00:00,300.062988281,0.001353309,-0.174026489,-0.461157799,0.492901343528491
11,7,1,9/12/2022 14:00:00,300.062988281,0.001353309,-0.174026489,-0.461157799,0.492901343528491
11,11,1,9/12/2022 14:00:00,300.062988281,0.001353309,-0.174026489,-0.461157799,0.492901343528491
11,16,1,9/12/2022 15:00:00,299.311035156,9.1383e-5,0.474334717,-1.006332397,1.112518906357656
11,12,1,9/12/2022 15:00:00,299.311035156,9.1383e-5,0.474334717,-1.006332397,1.112518906357656
11,8,1,9/12/2022 15:00:00,299.311035156,9.1383e-5,0.474334717,-1.006332397,1.112518906357656
11,4,1,9/12/2022 16:00:00,299.230712891,0,-1.920974731,0.888259888,2.116400138388366
11,6,1,9/12/2022 16:00:00,299.230712891,0,-1.920974731,0.888259888,2.116400138388366
11,1,1,9/12/2022 16:00:00,299.230712891,0,-1.920974731,0.888259888,2.116400138388366
11,5,1,9/12/2022 16:00:00,299.230712891,0,-1.920974731,0.888259888,2.116400138388366
11,9,1,9/12/2022 17:00:00,299.795654297,3.857e-5,0.208938599,1.43441391,1.44955117307171
14,8,1,8/1/2023 14:00:00,300.645996094,0,-0.734832764,-1.664642334,1.819618996161792
14,3,1,8/1/2023 15:00:00,300.097412109,1.729e-6,-0.910217285,-1.583724976,1.826658234459575
14,14,1,8/1/2023 15:00:00,300.097412109,1.729e-6,-0.910217285,-1.583724976,1.826658234459575
14,10,1,8/1/2023 15:00:00,300.097412109,1.729e-6,-0.910217285,-1.583724976,1.826658234459575
14,5,1,8/1/2023 15:00:00,300.097412109,1.729e-6,-0.910217285,-1.583724976,1.826658234459575
14,1,1,8/1/2023 16:00:00,294.297119141,0,-1.405853271,2.484567642,2.854732874938536
14,11,1,8/1/2023 16:00:00,294.297119141,0,-1.405853271,2.484567642,2.854732874938536
14,9,1,8/1/2023 16:00:00,294.297119141,0,-1.405853271,2.484567642,2.854732874938536
14,13,1,8/1/2023 17:00:00,303.329589844,1.76239e-4,0.881973267,0.335105896,0.943489695352639
14,7,1,8/1/2023 17:00:00,303.329589844,1.76239e-4,0.881973267,0.335105896,0.943489695352639
14,4,1,8/1/2023 17:00:00,303.329589844,1.76239e-4,0.881973267,0.335105896,0.943489695352639
14,15,1,8/1/2023 18:00:00,305.838867188,8.64e-7,-0.652175903,-1.575238228,1.704907294666324
14,12,1,8/1/2023 18:00:00,305.838867188,8.64e-7,-0.652175903,-1.575238228,1.704907294666324
14,6,1,8/1/2023 18:00:00,305.838867188,8.64e-7,-0.652175903,-1.575238228,1.704907294666324
4,7,1,6/8/2023 14:00:00,298.130859375,4.09582e-4,-0.831192017,2.02905941,2.192706605643828
4,1,1,6/8/2023 15:00:00,301.5703125,0,-0.093734741,2.853303909,2.854843147842805
4,9,1,6/8/2023 17:00:00,298.5703125,0,0.691650391,2.028560638,2.143230861436402
4,8,1,6/8/2023 17:00:00,298.5703125,0,0.691650391,2.028560638,2.143230861436402
4,11,1,6/8/2023 17:00:00,298.5703125,0,0.691650391,2.028560638,2.143230861436402
4,4,1,6/8/2023 17:00:00,298.5703125,0,0.691650391,2.028560638,2.143230861436402
4,22,1,6/8/2023 17:00:00,298.5703125,0,0.691650391,2.028560638,2.143230861436402
4,25,1,6/8/2023 18:00:00,301.207763672,0.006241724,0.033218384,-0.153572083,0.157123663757342
4,24,1,6/8/2023 18:00:00,301.207763672,0.006241724,0.033218384,-0.153572083,0.157123663757342
4,23,1,6/8/2023 18:00:00,301.207763672,0.006241724,0.033218384,-0.153572083,0.157123663757342
18,3,1,7/28/2023 18:00:00,304.260253906,0.001655954,-1.315719604,1.101150513,1.715707005473277
18,7,1,7/28/2023 18:00:00,303.668457031,0.002974915,-1.308883667,0.425369263,1.376268674221909
18,19,1,7/28/2023 15:00:00,298.479736328,6.0394e-5,-0.83392334,1.365234375,1.599779058394751
18,26,1,7/28/2023 15:00:00,298.479736328,6.0394e-5,-0.83392334,1.365234375,1.599779058394751
18,22,1,7/28/2023 16:00:00,304.614013672,0.001467526,0.081726074,1.485656738,1.487902918317003
18,21,1,7/28/2023 16:00:00,304.614013672,0.001467526,0.081726074,1.485656738,1.487902918317003
18,25,1,7/28/2023 16:00:00,304.614013672,0.001467526,0.081726074,1.485656738,1.487902918317003
18,24,1,7/28/2023 17:00:00,297.215576172,8.52e-7,1.168075562,-0.377163887,1.227457989586024
18,20,1,7/28/2023 17:00:00,297.215576172,8.52e-7,1.168075562,-0.377163887,1.227457989586024
18,6,1,7/28/2023 17:00:00,297.215576172,8.52e-7,1.168075562,-0.377163887,1.227457989586024
18,2,1,7/28/2023 17:00:00,297.215576172,8.52e-7,1.168075562,-0.377163887,1.227457989586024
18,4,1,7/28/2023 17:00:00,297.215576172,8.52e-7,1.168075562,-0.377163887,1.227457989586024
18,8,1,7/28/2023 18:00:00,304.260253906,0.001655954,-1.315719604,1.101150513,1.715707005473277
18,18,1,7/28/2023 19:00:00,303.770751953,0,0.006652832,-0.78125,0.781278325997605
45,5,1,8/20/2022 13:00:00,NA,NA,NA,NA,0
45,1,1,8/20/2022 15:00:00,NA,NA,NA,NA,0
45,11,1,8/20/2022 15:00:00,NA,NA,NA,NA,0
45,9,1,8/20/2022 14:00:00,NA,NA,NA,NA,0
45,7,1,8/20/2022 14:00:00,NA,NA,NA,NA,0
45,14,1,8/20/2022 15:00:00,NA,NA,NA,NA,0
45,3,1,8/20/2022 15:00:00,NA,NA,NA,NA,0
45,10,1,8/20/2022 14:00:00,NA,NA,NA,NA,0
45,6,1,8/20/2022 15:00:00,NA,NA,NA,NA,0
45,13,1,8/20/2022 15:00:00,NA,NA,NA,NA,0
45,2,1,8/20/2022 15:00:00,NA,NA,NA,NA,0
45,17,1,8/20/2022 14:00:00,NA,NA,NA,NA,0
45,8,1,8/20/2022 15:00:00,NA,NA,NA,NA,0
45,12,1,8/20/2022 15:00:00,NA,NA,NA,NA,0
10,1,1,8/17/2022 14:00:00,302.880615234,3.22759e-4,-0.394622803,-1.055456161,1.126816251409446
10,2,1,8/17/2022 15:00:00,297.783203125,0.003918732,-1.919372559,1.898239136,2.699500479289499
10,6,1,8/17/2022 16:00:00,298.472412109,2.83e-7,-0.864852905,2.086204529,2.258366640762091
10,13,1,8/17/2022 16:00:00,298.472412109,2.83e-7,-0.864852905,2.086204529,2.258366640762091
10,14,1,8/17/2022 16:00:00,298.472412109,2.83e-7,-0.864852905,2.086204529,2.258366640762091
10,9,1,8/17/2022 17:00:00,299.758544922,7.653e-6,-2.923446655,0.823059082,3.037098384493556
10,5,1,8/17/2022 18:00:00,300.817382812,0,-2.649581909,-2.16217041,3.419834085797095
10,10,1,8/17/2022 18:00:00,300.817382812,0,-2.649581909,-2.16217041,3.419834085797095
10,3,1,8/17/2022 18:00:00,300.817382812,0,-2.649581909,-2.16217041,3.419834085797095
10,8,1,8/17/2022 19:00:00,302.611572266,0.004206628,-1.212539673,-3.129684448,3.356363687482632
10,12,1,8/17/2022 19:00:00,302.611572266,0.004206628,-1.212539673,-3.129684448,3.356363687482632
10,4,1,8/17/2022 19:00:00,302.611572266,0.004206628,-1.212539673,-3.129684448,3.356363687482632
10,15,1,8/17/2022 20:00:00,295.386291504,2.9809e-4,-2.817657471,-2.354969025,3.672202708537692
10,7,1,8/17/2022 20:00:00,295.386291504,2.9809e-4,-2.817657471,-2.354969025,3.672202708537692
10,11,1,8/17/2022 20:00:00,295.386291504,2.9809e-4,-2.817657471,-2.354969025,3.672202708537692
17,4,1,7/18/2023 14:00:00,300.707275391,5.35342e-4,-4.277801514,1.066619873,4.408771228659889
17,15,1,7/18/2023 14:00:00,300.707275391,5.35342e-4,-4.277801514,1.066619873,4.408771228659889
17,11,1,7/18/2023 14:00:00,300.707275391,5.35342e-4,-4.277801514,1.066619873,4.408771228659889
17,9,1,7/18/2023 16:00:00,299.621337891,0,-4.113647461,0.262448311,4.122010983650881
17,3,1,7/18/2023 19:00:00,304.413574219,1.91614e-4,-3.42489624,1.947967529,3.94011316446679
17,1,1,7/18/2023 19:00:00,304.413574219,1.91614e-4,-3.42489624,1.947967529,3.94011316446679
17,12,1,7/18/2023 19:00:00,304.413574219,1.91614e-4,-3.42489624,1.947967529,3.94011316446679
1000,5,1,10/24/2023 20:00:00,297.434814453,6.36362e-4,-1.693710327,-0.127563477,1.698507318927645
1000,33,1,10/24/2023 16:00:00,305.172363281,0.002233546,-5.121536255,-1.358942986,5.298760199374757
1000,34,1,10/24/2023 16:00:00,305.172363281,0.002233546,-5.121536255,-1.358942986,5.298760199374757
1000,35,1,10/24/2023 16:00:00,305.172363281,0.002233546,-5.121536255,-1.358942986,5.298760199374757
1000,19,1,10/24/2023 17:00:00,303.579589844,7.8738e-5,-4.903823853,0.348010063,4.916156973205903
1000,20,1,10/24/2023 18:00:00,299.517089844,1.32818e-4,-1.842315674,0.440917969,1.894343078234024
1000,22,1,10/24/2023 19:00:00,297.193115234,6.6094e-5,-1.787887573,0.585861206,1.881429064935376
1000,8,1,10/24/2023 19:00:00,297.193115234,6.6094e-5,-1.787887573,0.585861206,1.881429064935376
1000,4,1,10/24/2023 19:00:00,297.193115234,6.6094e-5,-1.787887573,0.585861206,1.881429064935376
1000,6,1,10/24/2023 21:00:00,304.357666016,1.94839e-4,-0.908889771,0.608428001,1.093739113422067
1000,3,1,10/27/2023 14:00:00,299.627441406,5.5304e-5,-2.009475708,-1.109039307,2.295203870141636
1000,7,1,10/27/2023 15:00:00,298.723144531,0.011611572,-2.134613037,-0.474704742,2.186759568358545
